[18:56:38] [main/INFO] (FabricLoader/GameProvider) Loading Minecraft 1.20.1 with Fabric Loader 0.14.22
[18:56:38] [main/INFO] (FabricLoader) Loading 46 mods:
	- fabric-api 0.86.1+1.20.1
	- fabric-api-base 0.4.30+7abfd51577
	- fabric-api-lookup-api-v1 1.6.35+4d8536c977
	- fabric-biome-api-v1 13.0.10+b3afc78b77
	- fabric-block-api-v1 1.0.9+e022e5d177
	- fabric-blockrenderlayer-v1 1.1.40+b3afc78b77
	- fabric-client-tags-api-v1 1.1.1+97bb207577
	- fabric-command-api-v2 2.2.12+b3afc78b77
	- fabric-content-registries-v0 4.0.9+b3afc78b77
	- fabric-convention-tags-v1 1.5.4+a1a980da77
	- fabric-crash-report-info-v1 0.2.18+aeb40ebe77
	- fabric-data-generation-api-v1 12.2.1+1e61dba177
	- fabric-dimensions-v1 2.1.52+b3afc78b77
	- fabric-entity-events-v1 1.5.22+b3afc78b77
	- fabric-events-interaction-v0 0.6.1+e91849a877
	- fabric-game-rule-api-v1 1.0.38+b04edc7a77
	- fabric-gametest-api-v1 1.2.12+b3afc78b77
	- fabric-item-api-v1 2.1.27+b3afc78b77
	- fabric-item-group-api-v1 4.0.10+23d9108177
	- fabric-key-binding-api-v1 1.0.36+fb8d95da77
	- fabric-lifecycle-events-v1 2.2.21+b3afc78b77
	- fabric-loot-api-v2 1.1.39+b3afc78b77
	- fabric-message-api-v1 5.1.7+3265161977
	- fabric-mining-level-api-v1 2.1.49+b3afc78b77
	- fabric-model-loading-api-v1 1.0.2+709a987177
	- fabric-networking-api-v1 1.3.9+b3afc78b77
	- fabric-object-builder-api-v1 11.1.1+6beca84877
	- fabric-particles-v1 1.1.1+201a23a077
	- fabric-recipe-api-v1 1.0.19+b3afc78b77
	- fabric-registry-sync-v0 2.3.1+4df89eb277
	- fabric-renderer-api-v1 3.1.1+9386d8a777
	- fabric-renderer-indigo 1.4.1+9172968c77
	- fabric-rendering-data-attachment-v1 0.3.34+b3afc78b77
	- fabric-rendering-fluids-v1 3.0.27+b3afc78b77
	- fabric-rendering-v1 3.0.7+b3afc78b77
	- fabric-resource-conditions-api-v1 2.3.5+ea08f9d877
	- fabric-resource-loader-v0 0.11.9+132c48c177
	- fabric-screen-api-v1 2.0.7+b3afc78b77
	- fabric-screen-handler-api-v1 1.3.28+b3afc78b77
	- fabric-sound-api-v1 1.0.12+b3afc78b77
	- fabric-transfer-api-v1 3.3.0+cdf060b277
	- fabric-transitive-access-wideners-v1 4.3.0+6c31357e77
	- fabricloader 0.14.22
	- java 17
	- minecraft 1.20.1
	- sequencermod 0.1.0
[18:56:39] [main/INFO] (FabricLoader/Mixin) SpongePowered MIXIN Subsystem Version=0.8.5 Source=file:/C:/Users/User/.gradle/caches/modules-2/files-2.1/net.fabricmc/sponge-mixin/0.12.5+mixin.0.8.5/8d31fb97c3e0cd7c8dad3441851c523bcfae6d8e/sponge-mixin-0.12.5+mixin.0.8.5.jar Service=Knot/Fabric Env=CLIENT
[18:56:39] [main/INFO] (FabricLoader/Mixin) Attempting to load Fernflower decompiler (Threaded mode)
[18:56:39] [main/INFO] (FabricLoader/Mixin) Fernflower could not be loaded, exported classes will not be decompiled. NoClassDefFoundError: org/jetbrains/java/decompiler/main/extern/IResultSaver
[18:56:40] [main/INFO] (FabricLoader/Mixin) Loaded Fabric development mappings for mixin remapper!
[18:56:40] [main/WARN] (FabricLoader/Mixin) Compatibility level JAVA_16 specified by fabric-registry-sync-v0.mixins.json is higher than the maximum level supported by this version of mixin (JAVA_13).
[18:56:40] [main/INFO] (FabricLoader/Mixin) Compatibility level set to JAVA_16
[18:56:40] [main/WARN] (FabricLoader/Mixin) Compatibility level JAVA_17 specified by fabric-message-api-v1.client.mixins.json is higher than the maximum level supported by this version of mixin (JAVA_13).
[18:56:40] [main/INFO] (FabricLoader/Mixin) Compatibility level set to JAVA_17
[18:56:40] [main/WARN] (FabricLoader/Mixin) Compatibility level JAVA_16 specified by fabric-item-api-v1.mixins.json is higher than the maximum level supported by this version of mixin (JAVA_13).
[18:56:40] [main/WARN] (FabricLoader/Mixin) Compatibility level JAVA_16 specified by fabric-item-api-v1.client.mixins.json is higher than the maximum level supported by this version of mixin (JAVA_13).
[18:56:40] [main/WARN] (FabricLoader/Mixin) Compatibility level JAVA_16 specified by fabric-particles-v1.client.mixins.json is higher than the maximum level supported by this version of mixin (JAVA_13).
[18:56:40] [main/WARN] (FabricLoader/Mixin) Compatibility level JAVA_16 specified by fabric-rendering-data-attachment-v1.mixins.json is higher than the maximum level supported by this version of mixin (JAVA_13).
[18:56:40] [main/WARN] (FabricLoader/Mixin) Compatibility level JAVA_16 specified by fabric-rendering-data-attachment-v1.client.mixins.json is higher than the maximum level supported by this version of mixin (JAVA_13).
[18:56:40] [main/WARN] (FabricLoader/Mixin) Compatibility level JAVA_16 specified by fabric-game-rule-api-v1.mixins.json is higher than the maximum level supported by this version of mixin (JAVA_13).
[18:56:40] [main/WARN] (FabricLoader/Mixin) Compatibility level JAVA_16 specified by fabric-game-rule-api-v1.client.mixins.json is higher than the maximum level supported by this version of mixin (JAVA_13).
[18:56:40] [main/WARN] (FabricLoader/Mixin) Compatibility level JAVA_16 specified by fabric-gametest-api-v1.mixins.json is higher than the maximum level supported by this version of mixin (JAVA_13).
[18:56:40] [main/WARN] (FabricLoader/Mixin) Compatibility level JAVA_16 specified by fabric-networking-api-v1.mixins.json is higher than the maximum level supported by this version of mixin (JAVA_13).
[18:56:40] [main/WARN] (FabricLoader/Mixin) Compatibility level JAVA_16 specified by fabric-networking-api-v1.client.mixins.json is higher than the maximum level supported by this version of mixin (JAVA_13).
[18:56:40] [main/WARN] (FabricLoader/Mixin) Compatibility level JAVA_16 specified by fabric-mining-level-api-v1.mixins.json is higher than the maximum level supported by this version of mixin (JAVA_13).
[18:56:40] [main/WARN] (FabricLoader/Mixin) Compatibility level JAVA_16 specified by fabric-entity-events-v1.mixins.json is higher than the maximum level supported by this version of mixin (JAVA_13).
[18:56:40] [main/WARN] (FabricLoader/Mixin) Compatibility level JAVA_16 specified by fabric-entity-events-v1.client.mixins.json is higher than the maximum level supported by this version of mixin (JAVA_13).
[18:56:40] [main/WARN] (FabricLoader/Mixin) Compatibility level JAVA_16 specified by fabric-resource-conditions-api-v1.mixins.json is higher than the maximum level supported by this version of mixin (JAVA_13).
[18:56:40] [main/WARN] (FabricLoader/Mixin) Compatibility level JAVA_16 specified by fabric-renderer-indigo.mixins.json is higher than the maximum level supported by this version of mixin (JAVA_13).
[18:56:40] [main/WARN] (FabricLoader/Mixin) Compatibility level JAVA_16 specified by fabric-key-binding-api-v1.mixins.json is higher than the maximum level supported by this version of mixin (JAVA_13).
[18:56:40] [main/WARN] (FabricLoader/Mixin) Compatibility level JAVA_16 specified by fabric-rendering-v1.mixins.json is higher than the maximum level supported by this version of mixin (JAVA_13).
[18:56:40] [main/WARN] (FabricLoader/Mixin) Compatibility level JAVA_16 specified by fabric-blockrenderlayer-v1.mixins.json is higher than the maximum level supported by this version of mixin (JAVA_13).
[18:56:40] [main/WARN] (FabricLoader/Mixin) Compatibility level JAVA_16 specified by fabric-events-interaction-v0.mixins.json is higher than the maximum level supported by this version of mixin (JAVA_13).
[18:56:40] [main/WARN] (FabricLoader/Mixin) Compatibility level JAVA_16 specified by fabric-events-interaction-v0.client.mixins.json is higher than the maximum level supported by this version of mixin (JAVA_13).
[18:56:40] [main/WARN] (FabricLoader/Mixin) Compatibility level JAVA_16 specified by fabric-lifecycle-events-v1.mixins.json is higher than the maximum level supported by this version of mixin (JAVA_13).
[18:56:40] [main/WARN] (FabricLoader/Mixin) Compatibility level JAVA_16 specified by fabric-lifecycle-events-v1.client.mixins.json is higher than the maximum level supported by this version of mixin (JAVA_13).
[18:56:40] [main/WARN] (FabricLoader/Mixin) Compatibility level JAVA_16 specified by fabric-crash-report-info-v1.mixins.json is higher than the maximum level supported by this version of mixin (JAVA_13).
[18:56:40] [main/WARN] (FabricLoader/Mixin) Compatibility level JAVA_16 specified by fabric-renderer-api-v1.mixins.json is higher than the maximum level supported by this version of mixin (JAVA_13).
[18:56:40] [main/WARN] (FabricLoader/Mixin) Compatibility level JAVA_16 specified by fabric-renderer-api-v1.debughud.mixins.json is higher than the maximum level supported by this version of mixin (JAVA_13).
[18:56:40] [main/WARN] (FabricLoader/Mixin) Compatibility level JAVA_16 specified by fabric-data-generation-api-v1.mixins.json is higher than the maximum level supported by this version of mixin (JAVA_13).
[18:56:40] [main/WARN] (FabricLoader/Mixin) Compatibility level JAVA_16 specified by fabric-data-generation-api-v1.client.mixins.json is higher than the maximum level supported by this version of mixin (JAVA_13).
[18:56:40] [main/WARN] (FabricLoader/Mixin) Compatibility level JAVA_16 specified by fabric-screen-handler-api-v1.mixins.json is higher than the maximum level supported by this version of mixin (JAVA_13).
[18:56:40] [main/WARN] (FabricLoader/Mixin) Compatibility level JAVA_16 specified by fabric-command-api-v2.mixins.json is higher than the maximum level supported by this version of mixin (JAVA_13).
[18:56:40] [main/WARN] (FabricLoader/Mixin) Compatibility level JAVA_16 specified by fabric-command-api-v2.client.mixins.json is higher than the maximum level supported by this version of mixin (JAVA_13).
[18:56:40] [main/WARN] (FabricLoader/Mixin) Compatibility level JAVA_16 specified by fabric-content-registries-v0.mixins.json is higher than the maximum level supported by this version of mixin (JAVA_13).
[18:56:40] [main/WARN] (FabricLoader/Mixin) Compatibility level JAVA_16 specified by fabric-screen-api-v1.mixins.json is higher than the maximum level supported by this version of mixin (JAVA_13).
[18:56:40] [main/WARN] (FabricLoader/Mixin) Compatibility level JAVA_16 specified by fabric-dimensions-v1.mixins.json is higher than the maximum level supported by this version of mixin (JAVA_13).
[18:56:40] [main/WARN] (FabricLoader/Mixin) Compatibility level JAVA_16 specified by fabric-transfer-api-v1.mixins.json is higher than the maximum level supported by this version of mixin (JAVA_13).
[18:56:40] [main/WARN] (FabricLoader/Mixin) Compatibility level JAVA_16 specified by fabric-object-builder-v1.mixins.json is higher than the maximum level supported by this version of mixin (JAVA_13).
[18:56:40] [main/WARN] (FabricLoader/Mixin) Compatibility level JAVA_16 specified by fabric-object-builder-v1.client.mixins.json is higher than the maximum level supported by this version of mixin (JAVA_13).
[18:56:40] [main/INFO] (FabricLoader/Mixin) Preparing mixins for MixinEnvironment[DEFAULT]
[18:56:40] [main/INFO] (FabricLoader/Mixin) Selecting config fabric-registry-sync-v0.mixins.json
[18:56:40] [main/INFO] (FabricLoader/Mixin) Selecting config fabric-registry-sync-v0.client.mixins.json
[18:56:40] [main/INFO] (FabricLoader/Mixin) Selecting config fabric-api-lookup-api-v1.mixins.json
[18:56:40] [main/INFO] (FabricLoader/Mixin) Selecting config fabric-resource-loader-v0.mixins.json
[18:56:40] [main/INFO] (FabricLoader/Mixin) Selecting config fabric-resource-loader-v0.client.mixins.json
[18:56:40] [main/INFO] (FabricLoader/Mixin) Selecting config fabric-rendering-fluids-v1.mixins.json
[18:56:40] [main/INFO] (FabricLoader/Mixin) Selecting config fabric-biome-api-v1.mixins.json
[18:56:40] [main/INFO] (FabricLoader/Mixin) Selecting config fabric-message-api-v1.mixins.json
[18:56:40] [main/INFO] (FabricLoader/Mixin) Selecting config fabric-message-api-v1.client.mixins.json
[18:56:40] [main/INFO] (FabricLoader/Mixin) Selecting config fabric-item-api-v1.mixins.json
[18:56:40] [main/INFO] (FabricLoader/Mixin) Selecting config fabric-item-api-v1.client.mixins.json
[18:56:40] [main/INFO] (FabricLoader/Mixin) Selecting config fabric-particles-v1.client.mixins.json
[18:56:40] [main/INFO] (FabricLoader/Mixin) Selecting config fabric-rendering-data-attachment-v1.mixins.json
[18:56:40] [main/INFO] (FabricLoader/Mixin) Selecting config fabric-rendering-data-attachment-v1.client.mixins.json
[18:56:40] [main/INFO] (FabricLoader/Mixin) Selecting config fabric-game-rule-api-v1.mixins.json
[18:56:40] [main/INFO] (FabricLoader/Mixin) Selecting config fabric-game-rule-api-v1.client.mixins.json
[18:56:40] [main/INFO] (FabricLoader/Mixin) Selecting config fabric-gametest-api-v1.mixins.json
[18:56:40] [main/INFO] (FabricLoader/Mixin) Selecting config fabric-networking-api-v1.mixins.json
[18:56:40] [main/INFO] (FabricLoader/Mixin) Selecting config fabric-networking-api-v1.client.mixins.json
[18:56:40] [main/INFO] (FabricLoader/Mixin) Selecting config fabric-mining-level-api-v1.mixins.json
[18:56:40] [main/INFO] (FabricLoader/Mixin) Selecting config fabric-entity-events-v1.mixins.json
[18:56:40] [main/INFO] (FabricLoader/Mixin) Selecting config fabric-entity-events-v1.client.mixins.json
[18:56:40] [main/INFO] (FabricLoader/Mixin) Selecting config fabric-loot-api-v2.mixins.json
[18:56:40] [main/INFO] (FabricLoader/Mixin) Selecting config fabric-recipe-api-v1.mixins.json
[18:56:40] [main/INFO] (FabricLoader/Mixin) Selecting config fabric-resource-conditions-api-v1.mixins.json
[18:56:40] [main/INFO] (FabricLoader/Mixin) Selecting config fabric-renderer-indigo.mixins.json
[18:56:40] [main/INFO] (FabricLoader/Mixin) Selecting config fabric-key-binding-api-v1.mixins.json
[18:56:40] [main/INFO] (FabricLoader/Mixin) Selecting config fabric-rendering-v1.mixins.json
[18:56:40] [main/INFO] (FabricLoader/Mixin) Selecting config fabric-model-loading-api-v1.mixins.json
[18:56:40] [main/INFO] (FabricLoader/Mixin) Selecting config fabric-sound-api-v1.mixins.json
[18:56:40] [main/INFO] (FabricLoader/Mixin) Selecting config fabric-blockrenderlayer-v1.mixins.json
[18:56:40] [main/INFO] (FabricLoader/Mixin) Selecting config fabric-events-interaction-v0.mixins.json
[18:56:40] [main/INFO] (FabricLoader/Mixin) Selecting config fabric-events-interaction-v0.client.mixins.json
[18:56:40] [main/INFO] (FabricLoader/Mixin) Selecting config sequencermod.mixins.json
[18:56:40] [main/INFO] (FabricLoader/Mixin) Selecting config sequencermod.client.mixins.json
[18:56:40] [main/WARN] (FabricLoader/Mixin) Reference map 'sequencermod.refmap.json' for sequencermod.client.mixins.json could not be read. If this is a development environment you can ignore this message
[18:56:40] [main/INFO] (FabricLoader/Mixin) Selecting config fabric-lifecycle-events-v1.mixins.json
[18:56:40] [main/INFO] (FabricLoader/Mixin) Selecting config fabric-lifecycle-events-v1.client.mixins.json
[18:56:40] [main/INFO] (FabricLoader/Mixin) Selecting config fabric-crash-report-info-v1.mixins.json
[18:56:40] [main/INFO] (FabricLoader/Mixin) Selecting config fabric-renderer-api-v1.mixins.json
[18:56:40] [main/INFO] (FabricLoader/Mixin) Selecting config fabric-renderer-api-v1.debughud.mixins.json
[18:56:40] [main/INFO] (FabricLoader/Mixin) Selecting config fabric-data-generation-api-v1.mixins.json
[18:56:40] [main/INFO] (FabricLoader/Mixin) Selecting config fabric-data-generation-api-v1.client.mixins.json
[18:56:40] [main/INFO] (FabricLoader/Mixin) Selecting config fabric-screen-handler-api-v1.mixins.json
[18:56:40] [main/INFO] (FabricLoader/Mixin) Selecting config fabric-command-api-v2.mixins.json
[18:56:40] [main/INFO] (FabricLoader/Mixin) Selecting config fabric-command-api-v2.client.mixins.json
[18:56:40] [main/INFO] (FabricLoader/Mixin) Selecting config fabric-content-registries-v0.mixins.json
[18:56:40] [main/INFO] (FabricLoader/Mixin) Selecting config fabric-item-group-api-v1.mixins.json
[18:56:40] [main/INFO] (FabricLoader/Mixin) Selecting config fabric-item-group-api-v1.client.mixins.json
[18:56:40] [main/INFO] (FabricLoader/Mixin) Selecting config fabric-screen-api-v1.mixins.json
[18:56:40] [main/INFO] (FabricLoader/Mixin) Selecting config fabric-dimensions-v1.mixins.json
[18:56:40] [main/INFO] (FabricLoader/Mixin) Selecting config fabric-transfer-api-v1.mixins.json
[18:56:40] [main/INFO] (FabricLoader/Mixin) Selecting config fabric-block-api-v1.mixins.json
[18:56:40] [main/INFO] (FabricLoader/Mixin) Selecting config fabric-object-builder-v1.mixins.json
[18:56:40] [main/INFO] (FabricLoader/Mixin) Selecting config fabric-object-builder-v1.client.mixins.json
[18:56:40] [main/INFO] (FabricLoader/Mixin) Preparing fabric-registry-sync-v0.mixins.json (14)
[18:56:40] [main/INFO] (FabricLoader/Mixin) Preparing fabric-registry-sync-v0.client.mixins.json (5)
[18:56:40] [main/INFO] (FabricLoader/Mixin) Preparing fabric-api-lookup-api-v1.mixins.json (2)
[18:56:40] [main/INFO] (FabricLoader/Mixin) Preparing fabric-resource-loader-v0.mixins.json (12)
[18:56:40] [main/INFO] (FabricLoader/Mixin) Preparing fabric-resource-loader-v0.client.mixins.json (6)
[18:56:40] [main/INFO] (FabricLoader/Mixin) Preparing fabric-rendering-fluids-v1.mixins.json (1)
[18:56:40] [main/INFO] (FabricLoader/Mixin) Preparing fabric-biome-api-v1.mixins.json (9)
[18:56:40] [main/WARN] (FabricLoader/Mixin) @Mixin target net/minecraft/world/biome/source/MultiNoiseBiomeSourceParameterList$Preset$1 is public in fabric-biome-api-v1.mixins.json:NetherBiomePresetMixin from mod fabric-biome-api-v1 and should be specified in value
[18:56:40] [main/INFO] (FabricLoader/Mixin) Preparing fabric-message-api-v1.mixins.json (2)
[18:56:40] [main/INFO] (FabricLoader/Mixin) Preparing fabric-message-api-v1.client.mixins.json (2)
[18:56:40] [main/INFO] (FabricLoader/Mixin) Preparing fabric-item-api-v1.mixins.json (7)
[18:56:40] [main/INFO] (FabricLoader/Mixin) Preparing fabric-item-api-v1.client.mixins.json (3)
[18:56:40] [main/INFO] (FabricLoader/Mixin) Preparing fabric-particles-v1.client.mixins.json (4)
[18:56:40] [main/INFO] (FabricLoader/Mixin) Preparing fabric-rendering-data-attachment-v1.mixins.json (2)
[18:56:40] [main/INFO] (FabricLoader/Mixin) Preparing fabric-rendering-data-attachment-v1.client.mixins.json (2)
[18:56:40] [main/INFO] (FabricLoader/Mixin) Preparing fabric-game-rule-api-v1.mixins.json (6)
[18:56:40] [main/WARN] (FabricLoader/Mixin) @Mixin target net/minecraft/server/command/GameRuleCommand$1 is public in fabric-game-rule-api-v1.mixins.json:GameRuleCommandVisitorMixin from mod fabric-game-rule-api-v1 and should be specified in value
[18:56:40] [main/INFO] (FabricLoader/Mixin) Preparing fabric-game-rule-api-v1.client.mixins.json (3)
[18:56:40] [main/WARN] (FabricLoader/Mixin) @Mixin target net/minecraft/client/gui/screen/world/EditGameRulesScreen$RuleListWidget$1 is public in fabric-game-rule-api-v1.client.mixins.json:RuleListWidgetVisitorMixin from mod fabric-game-rule-api-v1 and should be specified in value
[18:56:40] [main/INFO] (FabricLoader/Mixin) Preparing fabric-gametest-api-v1.mixins.json (7)
[18:56:40] [main/INFO] (FabricLoader/Mixin) Preparing fabric-networking-api-v1.mixins.json (11)
[18:56:40] [main/WARN] (FabricLoader/Mixin) @Mixin target net/minecraft/server/world/ThreadedAnvilChunkStorage$EntityTracker is public in fabric-networking-api-v1.mixins.json:accessor.EntityTrackerAccessor from mod fabric-networking-api-v1 and should be specified in value
[18:56:40] [main/INFO] (FabricLoader/Mixin) Preparing fabric-networking-api-v1.client.mixins.json (5)
[18:56:40] [main/INFO] (FabricLoader/Mixin) Preparing fabric-mining-level-api-v1.mixins.json (3)
[18:56:40] [main/INFO] (FabricLoader/Mixin) Preparing fabric-entity-events-v1.mixins.json (7)
[18:56:40] [main/INFO] (FabricLoader/Mixin) Preparing fabric-entity-events-v1.client.mixins.json (1)
[18:56:40] [main/INFO] (FabricLoader/Mixin) Preparing fabric-loot-api-v2.mixins.json (5)
[18:56:40] [main/INFO] (FabricLoader/Mixin) Preparing fabric-recipe-api-v1.mixins.json (3)
[18:56:40] [main/INFO] (FabricLoader/Mixin) Preparing fabric-resource-conditions-api-v1.mixins.json (6)
[18:56:40] [main/INFO] (FabricLoader/Mixin) Preparing fabric-renderer-indigo.mixins.json (4)
[18:56:40] [main/INFO] (FabricLoader/Mixin) Preparing fabric-key-binding-api-v1.mixins.json (2)
[18:56:40] [main/INFO] (FabricLoader/Mixin) Preparing fabric-rendering-v1.mixins.json (17)
[18:56:40] [main/WARN] (FabricLoader/Mixin) @Mixin target net/minecraft/client/gl/ShaderProgram$1 is public in fabric-rendering-v1.mixins.json:shader.ShaderProgramImportProcessorMixin from mod fabric-rendering-v1 and should be specified in value
[18:56:40] [main/INFO] (FabricLoader/Mixin) Preparing fabric-model-loading-api-v1.mixins.json (3)
[18:56:40] [main/WARN] (FabricLoader/Mixin) @Mixin target net/minecraft/client/render/model/ModelLoader$BakerImpl is public in fabric-model-loading-api-v1.mixins.json:ModelLoaderBakerImplMixin from mod fabric-model-loading-api-v1 and should be specified in value
[18:56:40] [main/INFO] (FabricLoader/Mixin) Preparing fabric-sound-api-v1.mixins.json (2)
[18:56:40] [main/INFO] (FabricLoader/Mixin) Preparing fabric-blockrenderlayer-v1.mixins.json (1)
[18:56:41] [main/INFO] (FabricLoader/Mixin) Preparing fabric-events-interaction-v0.mixins.json (5)
[18:56:41] [main/WARN] (FabricLoader/Mixin) @Mixin target net/minecraft/server/network/ServerPlayNetworkHandler$1 is public in fabric-events-interaction-v0.mixins.json:ServerPlayNetworkHandlerMixin from mod fabric-events-interaction-v0 and should be specified in value
[18:56:41] [main/INFO] (FabricLoader/Mixin) Preparing fabric-events-interaction-v0.client.mixins.json (3)
[18:56:41] [main/INFO] (FabricLoader/Mixin) Preparing sequencermod.mixins.json (5)
[18:56:41] [main/INFO] (FabricLoader/Mixin) Preparing sequencermod.client.mixins.json (8)
[18:56:41] [main/INFO] (FabricLoader/Mixin) Preparing fabric-lifecycle-events-v1.mixins.json (9)
[18:56:41] [main/WARN] (FabricLoader/Mixin) @Mixin target net/minecraft/server/world/ServerWorld$ServerEntityHandler is public in fabric-lifecycle-events-v1.mixins.json:ServerWorldServerEntityHandlerMixin from mod fabric-lifecycle-events-v1 and should be specified in value
[18:56:41] [main/INFO] (FabricLoader/Mixin) Preparing fabric-lifecycle-events-v1.client.mixins.json (6)
[18:56:41] [main/WARN] (FabricLoader/Mixin) @Mixin target net/minecraft/client/world/ClientWorld$ClientEntityHandler is public in fabric-lifecycle-events-v1.client.mixins.json:ClientWorldClientEntityHandlerMixin from mod fabric-lifecycle-events-v1 and should be specified in value
[18:56:41] [main/INFO] (FabricLoader/Mixin) Preparing fabric-crash-report-info-v1.mixins.json (1)
[18:56:41] [main/INFO] (FabricLoader/Mixin) Preparing fabric-renderer-api-v1.mixins.json (4)
[18:56:41] [main/INFO] (FabricLoader/Mixin) Preparing fabric-renderer-api-v1.debughud.mixins.json (1)
[18:56:41] [main/INFO] (FabricLoader/Mixin) Preparing fabric-data-generation-api-v1.mixins.json (6)
[18:56:41] [main/INFO] (FabricLoader/Mixin) Preparing fabric-data-generation-api-v1.client.mixins.json (1)
[18:56:41] [main/INFO] (FabricLoader/Mixin) Preparing fabric-screen-handler-api-v1.mixins.json (2)
[18:56:41] [main/INFO] (FabricLoader/Mixin) Preparing fabric-command-api-v2.mixins.json (5)
[18:56:41] [main/INFO] (FabricLoader/Mixin) Preparing fabric-command-api-v2.client.mixins.json (2)
[18:56:41] [main/INFO] (FabricLoader/Mixin) Preparing fabric-content-registries-v0.mixins.json (11)
[18:56:41] [main/INFO] (FabricLoader/Mixin) Preparing fabric-item-group-api-v1.mixins.json (3)
[18:56:41] [main/INFO] (FabricLoader/Mixin) Preparing fabric-item-group-api-v1.client.mixins.json (1)
[18:56:41] [main/INFO] (FabricLoader/Mixin) Preparing fabric-screen-api-v1.mixins.json (6)
[18:56:41] [main/INFO] (FabricLoader/Mixin) Preparing fabric-dimensions-v1.mixins.json (2)
[18:56:41] [main/INFO] (FabricLoader/Mixin) Preparing fabric-transfer-api-v1.mixins.json (11)
[18:56:41] [main/INFO] (FabricLoader/Mixin) Preparing fabric-block-api-v1.mixins.json (2)
[18:56:41] [main/INFO] (FabricLoader/Mixin) Preparing fabric-object-builder-v1.mixins.json (7)
[18:56:41] [main/INFO] (FabricLoader/Mixin) Preparing fabric-object-builder-v1.client.mixins.json (5)
[18:56:41] [main/INFO] (FabricLoader/Mixin) Prepared 259 mixins in 0,702 sec (2,7ms avg) (0ms load, 0ms transform, 0ms plugin)
[18:56:42] [main/INFO] (FabricLoader/Mixin) Mixing SystemDetailsMixin from fabric-crash-report-info-v1.mixins.json into net.minecraft.util.SystemDetails
[18:56:42] [main/WARN] (FabricLoader/Mixin) fabric-crash-report-info-v1.mixins.json:SystemDetailsMixin from mod fabric-crash-report-info-v1: Class version 61 required is higher than the class version supported by the current version of Mixin (JAVA_16 supports class version 60)
[18:56:42] [main/INFO] (FabricLoader/Mixin) Renaming synthetic method lambda$appendMods$1(Lnet/fabricmc/loader/api/ModContainer;)Ljava/lang/String; to md143ffa$fabric-crash-report-info-v1$lambda$appendMods$1$0 in fabric-crash-report-info-v1.mixins.json:SystemDetailsMixin from mod fabric-crash-report-info-v1
[18:56:42] [main/INFO] (FabricLoader/Mixin) Renaming synthetic method lambda$fillSystemDetails$0()Ljava/lang/String; to md143ffa$fabric-crash-report-info-v1$lambda$fillSystemDetails$0$1 in fabric-crash-report-info-v1.mixins.json:SystemDetailsMixin from mod fabric-crash-report-info-v1
[18:56:43] [main/INFO] (FabricLoader/Mixin) Mixing BootstrapMixin from fabric-registry-sync-v0.mixins.json into net.minecraft.Bootstrap
[18:56:43] [main/WARN] (FabricLoader/Mixin) fabric-registry-sync-v0.mixins.json:BootstrapMixin from mod fabric-registry-sync-v0: Class version 61 required is higher than the class version supported by the current version of Mixin (JAVA_16 supports class version 60)
[18:56:43] [main/INFO] (FabricLoader/Mixin) Renaming synthetic method lambda$initialize$1(Lnet/minecraft/fluid/Fluid;)Ljava/util/Collection; to md143ffa$fabric-registry-sync-v0$lambda$initialize$1$0 in fabric-registry-sync-v0.mixins.json:BootstrapMixin from mod fabric-registry-sync-v0
[18:56:43] [main/INFO] (FabricLoader/Mixin) Renaming synthetic method lambda$initialize$0(Lnet/minecraft/block/Block;)Ljava/util/Collection; to md143ffa$fabric-registry-sync-v0$lambda$initialize$0$1 in fabric-registry-sync-v0.mixins.json:BootstrapMixin from mod fabric-registry-sync-v0
[18:56:43] [main/INFO] (FabricLoader/Mixin) Mixing RegistriesAccessor from fabric-registry-sync-v0.mixins.json into net.minecraft.registry.Registries
[18:56:43] [main/INFO] (FabricLoader/Mixin) Renaming @Accessor method getROOT()Lnet/minecraft/registry/MutableRegistry; to getROOT$fabric-registry-sync-v0_$md$143ffa$0 in fabric-registry-sync-v0.mixins.json:RegistriesAccessor from mod fabric-registry-sync-v0
[18:56:43] [main/INFO] (FabricLoader/Mixin) Mixing RegistriesMixin from fabric-registry-sync-v0.mixins.json into net.minecraft.registry.Registries
[18:56:43] [main/INFO] (FabricLoader/Mixin) Mixing SimpleRegistryMixin from fabric-registry-sync-v0.mixins.json into net.minecraft.registry.SimpleRegistry
[18:56:43] [main/INFO] (FabricLoader/Mixin) Renaming synthetic method lambda$new$5([Lnet/fabricmc/fabric/api/event/registry/RegistryIdRemapCallback;)Lnet/fabricmc/fabric/api/event/registry/RegistryIdRemapCallback; to md143ffa$fabric-registry-sync-v0$lambda$new$5$0 in fabric-registry-sync-v0.mixins.json:SimpleRegistryMixin from mod fabric-registry-sync-v0
[18:56:43] [main/INFO] (FabricLoader/Mixin) Renaming synthetic method lambda$new$4([Lnet/fabricmc/fabric/api/event/registry/RegistryIdRemapCallback;Lnet/fabricmc/fabric/api/event/registry/RegistryIdRemapCallback$RemapState;)V to md143ffa$fabric-registry-sync-v0$lambda$new$4$1 in fabric-registry-sync-v0.mixins.json:SimpleRegistryMixin from mod fabric-registry-sync-v0
[18:56:43] [main/INFO] (FabricLoader/Mixin) Renaming synthetic method lambda$new$3([Lnet/fabricmc/fabric/api/event/registry/RegistryEntryRemovedCallback;)Lnet/fabricmc/fabric/api/event/registry/RegistryEntryRemovedCallback; to md143ffa$fabric-registry-sync-v0$lambda$new$3$2 in fabric-registry-sync-v0.mixins.json:SimpleRegistryMixin from mod fabric-registry-sync-v0
[18:56:43] [main/INFO] (FabricLoader/Mixin) Renaming synthetic method lambda$new$2([Lnet/fabricmc/fabric/api/event/registry/RegistryEntryRemovedCallback;ILnet/minecraft/util/Identifier;Ljava/lang/Object;)V to md143ffa$fabric-registry-sync-v0$lambda$new$2$3 in fabric-registry-sync-v0.mixins.json:SimpleRegistryMixin from mod fabric-registry-sync-v0
[18:56:43] [main/INFO] (FabricLoader/Mixin) Renaming synthetic method lambda$new$1([Lnet/fabricmc/fabric/api/event/registry/RegistryEntryAddedCallback;)Lnet/fabricmc/fabric/api/event/registry/RegistryEntryAddedCallback; to md143ffa$fabric-registry-sync-v0$lambda$new$1$4 in fabric-registry-sync-v0.mixins.json:SimpleRegistryMixin from mod fabric-registry-sync-v0
[18:56:43] [main/INFO] (FabricLoader/Mixin) Renaming synthetic method lambda$new$0([Lnet/fabricmc/fabric/api/event/registry/RegistryEntryAddedCallback;ILnet/minecraft/util/Identifier;Ljava/lang/Object;)V to md143ffa$fabric-registry-sync-v0$lambda$new$0$5 in fabric-registry-sync-v0.mixins.json:SimpleRegistryMixin from mod fabric-registry-sync-v0
[18:56:44] [main/INFO] (FabricLoader/Mixin) Mixing FluidMixin from fabric-transfer-api-v1.mixins.json into net.minecraft.fluid.Fluid
[18:56:44] [main/WARN] (FabricLoader/Mixin) fabric-transfer-api-v1.mixins.json:FluidMixin from mod fabric-transfer-api-v1: Class version 61 required is higher than the class version supported by the current version of Mixin (JAVA_16 supports class version 60)
[18:56:44] [main/INFO] (FabricLoader/Mixin) Mixing BlockMixin from fabric-block-api-v1.mixins.json into net.minecraft.block.Block
[18:56:44] [main/INFO] (FabricLoader/Mixin) Mixing AbstractBlockAccessor from fabric-object-builder-v1.mixins.json into net.minecraft.block.AbstractBlock
[18:56:44] [main/WARN] (FabricLoader/Mixin) fabric-object-builder-v1.mixins.json:AbstractBlockAccessor from mod fabric-object-builder-api-v1: Class version 61 required is higher than the class version supported by the current version of Mixin (JAVA_16 supports class version 60)
[18:56:44] [main/INFO] (FabricLoader/Mixin) Mixing ItemMixin from fabric-item-api-v1.mixins.json into net.minecraft.item.Item
[18:56:44] [main/WARN] (FabricLoader/Mixin) fabric-item-api-v1.mixins.json:ItemMixin from mod fabric-item-api-v1: Class version 61 required is higher than the class version supported by the current version of Mixin (JAVA_16 supports class version 60)
[18:56:44] [main/INFO] (FabricLoader/Mixin) Mixing ItemMixin from fabric-transfer-api-v1.mixins.json into net.minecraft.item.Item
[18:56:44] [main/INFO] (FabricLoader/Mixin) Mixing BlockEntityTypeAccessor from fabric-api-lookup-api-v1.mixins.json into net.minecraft.block.entity.BlockEntityType
[18:56:44] [main/WARN] (FabricLoader/Mixin) fabric-api-lookup-api-v1.mixins.json:BlockEntityTypeAccessor from mod fabric-api-lookup-api-v1: Class version 61 required is higher than the class version supported by the current version of Mixin (JAVA_16 supports class version 60)
[18:56:44] [main/INFO] (FabricLoader/Mixin) Mixing ArgumentTypesMixin from fabric-gametest-api-v1.mixins.json into net.minecraft.command.argument.ArgumentTypes
[18:56:44] [main/WARN] (FabricLoader/Mixin) fabric-gametest-api-v1.mixins.json:ArgumentTypesMixin from mod fabric-gametest-api-v1: Class version 61 required is higher than the class version supported by the current version of Mixin (JAVA_16 supports class version 60)
[18:56:44] [main/INFO] (FabricLoader/Mixin) Mixing ArgumentTypesAccessor from fabric-command-api-v2.mixins.json into net.minecraft.command.argument.ArgumentTypes
[18:56:44] [main/WARN] (FabricLoader/Mixin) fabric-command-api-v2.mixins.json:ArgumentTypesAccessor from mod fabric-command-api-v2: Class version 61 required is higher than the class version supported by the current version of Mixin (JAVA_16 supports class version 60)
[18:56:44] [main/INFO] (FabricLoader/Mixin) Renaming @Accessor method fabric_getClassMap()Ljava/util/Map; to fabric_getClassMap$fabric-command-api-v2_$md$143ffa$0 in fabric-command-api-v2.mixins.json:ArgumentTypesAccessor from mod fabric-command-api-v2
[18:56:44] [main/INFO] (FabricLoader/Mixin) Mixing ItemGroupsMixin from fabric-item-group-api-v1.mixins.json into net.minecraft.item.ItemGroups
[18:56:44] [main/INFO] (FabricLoader/Mixin) Mixing ItemGroupAccessor from fabric-item-group-api-v1.mixins.json into net.minecraft.item.ItemGroup
[18:56:44] [main/INFO] (FabricLoader/Mixin) Mixing ItemGroupMixin from fabric-item-group-api-v1.mixins.json into net.minecraft.item.ItemGroup
[18:56:44] [main/INFO] (FabricLoader/Mixin) Renaming synthetic method lambda$getStacks$0(Lnet/minecraft/item/ItemGroup;)Ljava/lang/IllegalStateException; to md143ffa$fabric-item-group-api-v1$lambda$getStacks$0$0 in fabric-item-group-api-v1.mixins.json:ItemGroupMixin from mod fabric-item-group-api-v1
[18:56:44] [main/INFO] (FabricLoader/Mixin) Mixing FireBlockMixin from fabric-content-registries-v0.mixins.json into net.minecraft.block.FireBlock
[18:56:44] [main/WARN] (FabricLoader/Mixin) fabric-content-registries-v0.mixins.json:FireBlockMixin from mod fabric-content-registries-v0: Class version 61 required is higher than the class version supported by the current version of Mixin (JAVA_16 supports class version 60)
[18:56:44] [main/INFO] (FabricLoader/Mixin) Mixing WorldMixin from fabric-lifecycle-events-v1.mixins.json into net.minecraft.world.World
[18:56:44] [main/WARN] (FabricLoader/Mixin) fabric-lifecycle-events-v1.mixins.json:WorldMixin from mod fabric-lifecycle-events-v1: Class version 61 required is higher than the class version supported by the current version of Mixin (JAVA_16 supports class version 60)
[18:56:44] [main/INFO] (FabricLoader/Mixin) Mixing WorldViewMixin from fabric-rendering-data-attachment-v1.mixins.json into net.minecraft.world.WorldView
[18:56:44] [main/WARN] (FabricLoader/Mixin) fabric-rendering-data-attachment-v1.mixins.json:WorldViewMixin from mod fabric-rendering-data-attachment-v1: Class version 61 required is higher than the class version supported by the current version of Mixin (JAVA_16 supports class version 60)
[18:56:44] [main/INFO] (FabricLoader/Mixin) Mixing ServerWorldMixin from fabric-api-lookup-api-v1.mixins.json into net.minecraft.server.world.ServerWorld
[18:56:44] [main/INFO] (FabricLoader/Mixin) Renaming synthetic method lambda$fabric_invalidateCache$5(Ljava/util/Map$Entry;)Z to md143ffa$fabric-api-lookup-api-v1$lambda$fabric_invalidateCache$5$0 in fabric-api-lookup-api-v1.mixins.json:ServerWorldMixin from mod fabric-api-lookup-api-v1
[18:56:44] [main/INFO] (FabricLoader/Mixin) Renaming synthetic method lambda$fabric_invalidateCache$4(Ljava/lang/ref/WeakReference;)Z to md143ffa$fabric-api-lookup-api-v1$lambda$fabric_invalidateCache$4$1 in fabric-api-lookup-api-v1.mixins.json:ServerWorldMixin from mod fabric-api-lookup-api-v1
[18:56:44] [main/INFO] (FabricLoader/Mixin) Renaming synthetic method lambda$fabric_invalidateCache$3(Ljava/lang/ref/WeakReference;)V to md143ffa$fabric-api-lookup-api-v1$lambda$fabric_invalidateCache$3$2 in fabric-api-lookup-api-v1.mixins.json:ServerWorldMixin from mod fabric-api-lookup-api-v1
[18:56:44] [main/INFO] (FabricLoader/Mixin) Renaming synthetic method lambda$fabric_invalidateCache$2(Ljava/lang/ref/WeakReference;)Z to md143ffa$fabric-api-lookup-api-v1$lambda$fabric_invalidateCache$2$3 in fabric-api-lookup-api-v1.mixins.json:ServerWorldMixin from mod fabric-api-lookup-api-v1
[18:56:44] [main/INFO] (FabricLoader/Mixin) Renaming synthetic method lambda$fabric_registerCache$1(Ljava/lang/ref/WeakReference;)Z to md143ffa$fabric-api-lookup-api-v1$lambda$fabric_registerCache$1$4 in fabric-api-lookup-api-v1.mixins.json:ServerWorldMixin from mod fabric-api-lookup-api-v1
[18:56:44] [main/INFO] (FabricLoader/Mixin) Renaming synthetic method lambda$fabric_registerCache$0(Lnet/minecraft/util/math/BlockPos;)Ljava/util/List; to md143ffa$fabric-api-lookup-api-v1$lambda$fabric_registerCache$0$5 in fabric-api-lookup-api-v1.mixins.json:ServerWorldMixin from mod fabric-api-lookup-api-v1
[18:56:44] [main/INFO] (FabricLoader/Mixin) Mixing ServerWorldMixin from fabric-lifecycle-events-v1.mixins.json into net.minecraft.server.world.ServerWorld
[18:56:44] [main/INFO] (FabricLoader/Mixin) Mixing EntityMixin from fabric-entity-events-v1.mixins.json into net.minecraft.entity.Entity
[18:56:44] [main/WARN] (FabricLoader/Mixin) fabric-entity-events-v1.mixins.json:EntityMixin from mod fabric-entity-events-v1: Class version 61 required is higher than the class version supported by the current version of Mixin (JAVA_16 supports class version 60)
[18:56:44] [main/INFO] (FabricLoader/Mixin) Mixing morph.ServerEntityDimensionsMixin from sequencermod.mixins.json into net.minecraft.entity.Entity
[18:56:44] [main/INFO] (FabricLoader/Mixin) Mixing accessor.EntityAccessor from sequencermod.client.mixins.json into net.minecraft.entity.Entity
[18:56:44] [main/INFO] (FabricLoader/Mixin) Mixing morph.EntityDimensionsMixin from sequencermod.client.mixins.json into net.minecraft.entity.Entity
[18:56:44] [main/INFO] (FabricLoader/Mixin) Mixing EntityMixin from fabric-dimensions-v1.mixins.json into net.minecraft.entity.Entity
[18:56:44] [main/WARN] (FabricLoader/Mixin) fabric-dimensions-v1.mixins.json:EntityMixin from mod fabric-dimensions-v1: Class version 61 required is higher than the class version supported by the current version of Mixin (JAVA_16 supports class version 60)
[18:56:44] [main/INFO] (FabricLoader/Mixin) Mixing elytra.PlayerEntityMixin from fabric-entity-events-v1.mixins.json into net.minecraft.entity.player.PlayerEntity
[18:56:44] [main/INFO] (FabricLoader/Mixin) Mixing PlayerEntityMixin from fabric-entity-events-v1.mixins.json into net.minecraft.entity.player.PlayerEntity
[18:56:44] [main/INFO] (FabricLoader/Mixin) Mixing PlayerEntityComponentDataMixin from sequencermod.mixins.json into net.minecraft.entity.player.PlayerEntity
[18:56:44] [main/INFO] (FabricLoader/Mixin) Mixing accessor.PlayerEntityAccessor from sequencermod.client.mixins.json into net.minecraft.entity.player.PlayerEntity
[18:56:44] [main/INFO] (FabricLoader/Mixin) Mixing LivingEntityMixin from fabric-item-api-v1.mixins.json into net.minecraft.entity.LivingEntity
[18:56:44] [main/INFO] (FabricLoader/Mixin) Mixing elytra.LivingEntityMixin from fabric-entity-events-v1.mixins.json into net.minecraft.entity.LivingEntity
[18:56:44] [main/INFO] (FabricLoader/Mixin) Mixing LivingEntityMixin from fabric-entity-events-v1.mixins.json into net.minecraft.entity.LivingEntity
[18:56:44] [main/INFO] (FabricLoader/Mixin) Mixing morph.ServerLivingEntityEyeHeightMixin from sequencermod.mixins.json into net.minecraft.entity.LivingEntity
[18:56:44] [main/INFO] (FabricLoader/Mixin) Mixing morph.LivingEntityEyeHeightMixin from sequencermod.client.mixins.json into net.minecraft.entity.LivingEntity
[18:56:44] [main/INFO] (FabricLoader/Mixin) Mixing LivingEntityMixin from fabric-lifecycle-events-v1.mixins.json into net.minecraft.entity.LivingEntity
[18:56:44] [main/INFO] (FabricLoader/Mixin) Mixing IdListMixin from fabric-registry-sync-v0.mixins.json into net.minecraft.util.collection.IdList
[18:56:44] [main/INFO] (FabricLoader/Mixin) Renaming synthetic method lambda$fabric_remapIds$0(Lit/unimi/dsi/fastutil/ints/Int2IntMap;Ljava/lang/Object;Ljava/lang/Integer;)Ljava/lang/Integer; to md143ffa$fabric-registry-sync-v0$lambda$fabric_remapIds$0$0 in fabric-registry-sync-v0.mixins.json:IdListMixin from mod fabric-registry-sync-v0
[18:56:44] [main/INFO] (FabricLoader/Mixin) Mixing DetectorRailBlockMixin from fabric-object-builder-v1.mixins.json into net.minecraft.block.DetectorRailBlock
[18:56:44] [main/INFO] (FabricLoader/Mixin) Renaming synthetic method lambda$getCustomComparatorOutput$0(Lnet/minecraft/entity/Entity;)Z to md143ffa$fabric-object-builder-api-v1$lambda$getCustomComparatorOutput$0$0 in fabric-object-builder-v1.mixins.json:DetectorRailBlockMixin from mod fabric-object-builder-api-v1
[18:56:45] [main/INFO] (FabricLoader/Mixin) Mixing DropperBlockMixin from fabric-transfer-api-v1.mixins.json into net.minecraft.block.DropperBlock
[18:56:45] [main/INFO] (FabricLoader/Mixin) Renaming synthetic method lambda$hookDispense$0(Lnet/fabricmc/fabric/api/transfer/v1/item/ItemVariant;)Z to md143ffa$fabric-transfer-api-v1$lambda$hookDispense$0$0 in fabric-transfer-api-v1.mixins.json:DropperBlockMixin from mod fabric-transfer-api-v1
[18:56:45] [main/INFO] (FabricLoader/Mixin) Mixing BeehiveBlockMixin from fabric-events-interaction-v0.mixins.json into net.minecraft.block.BeehiveBlock
[18:56:45] [main/WARN] (FabricLoader/Mixin) fabric-events-interaction-v0.mixins.json:BeehiveBlockMixin from mod fabric-events-interaction-v0: Class version 61 required is higher than the class version supported by the current version of Mixin (JAVA_16 supports class version 60)
[18:56:45] [main/INFO] (FabricLoader/Mixin) Mixing OxidizableMixin from fabric-content-registries-v0.mixins.json into net.minecraft.block.Oxidizable
[18:56:45] [main/INFO] (FabricLoader/Mixin) Mixing AbstractBlockSettingsAccessor from fabric-object-builder-v1.mixins.json into net.minecraft.block.AbstractBlock$Settings
[18:56:45] [main/INFO] (FabricLoader/Mixin) Mixing BlockStateMixin from fabric-block-api-v1.mixins.json into net.minecraft.block.BlockState
[18:56:45] [main/INFO] (FabricLoader/Mixin) Mixing BlockEntityMixin from fabric-rendering-data-attachment-v1.mixins.json into net.minecraft.block.entity.BlockEntity
[18:56:45] [main/INFO] (FabricLoader/Mixin) Mixing NamedScreenHandlerFactoryMixin from fabric-screen-handler-api-v1.mixins.json into net.minecraft.screen.NamedScreenHandlerFactory
[18:56:45] [main/WARN] (FabricLoader/Mixin) fabric-screen-handler-api-v1.mixins.json:NamedScreenHandlerFactoryMixin from mod fabric-screen-handler-api-v1: Class version 61 required is higher than the class version supported by the current version of Mixin (JAVA_16 supports class version 60)
[18:56:45] [main/INFO] (FabricLoader/Mixin) Mixing LootableContainerBlockEntityMixin from fabric-transfer-api-v1.mixins.json into net.minecraft.block.entity.LootableContainerBlockEntity
[18:56:45] [main/INFO] (FabricLoader/Mixin) Mixing ChiseledBookshelfBlockEntityMixin from fabric-transfer-api-v1.mixins.json into net.minecraft.block.entity.ChiseledBookshelfBlockEntity
[18:56:45] [main/WARN] (FabricLoader/Mixin) @Shadow target fabric-transfer-api-v1.mixins.json:ChiseledBookshelfBlockEntityMixin from mod fabric-transfer-api-v1::inventory is final but shadow is not decorated with @Final
[18:56:46] [main/INFO] (FabricLoader/Mixin) Mixing AbstractFurnaceBlockEntityMixin from fabric-item-api-v1.mixins.json into net.minecraft.block.entity.AbstractFurnaceBlockEntity
[18:56:46] [main/INFO] (FabricLoader/Mixin) Mixing AbstractFurnaceBlockEntityMixin from fabric-content-registries-v0.mixins.json into net.minecraft.block.entity.AbstractFurnaceBlockEntity
[18:56:46] [main/INFO] (FabricLoader/Mixin) Mixing AbstractFurnaceBlockEntityMixin from fabric-transfer-api-v1.mixins.json into net.minecraft.block.entity.AbstractFurnaceBlockEntity
[18:56:46] [main/INFO] (FabricLoader/Mixin) Mixing BrewingStandBlockEntityMixin from fabric-item-api-v1.mixins.json into net.minecraft.block.entity.BrewingStandBlockEntity
[18:56:46] [main/INFO] (FabricLoader/Mixin) Mixing ItemStackMixin from fabric-item-api-v1.mixins.json into net.minecraft.item.ItemStack
[18:56:46] [main/INFO] (FabricLoader/Mixin) Mixing ItemStackMixin from fabric-item-api-v1.client.mixins.json into net.minecraft.item.ItemStack
[18:56:46] [main/WARN] (FabricLoader/Mixin) fabric-item-api-v1.client.mixins.json:ItemStackMixin from mod fabric-item-api-v1: Class version 61 required is higher than the class version supported by the current version of Mixin (JAVA_16 supports class version 60)
[18:56:46] [main/INFO] (FabricLoader/Mixin) Mixing HopperBlockEntityMixin from fabric-transfer-api-v1.mixins.json into net.minecraft.block.entity.HopperBlockEntity
[18:56:46] [main/INFO] (FabricLoader/Mixin) Renaming synthetic method lambda$hookExtract$1(Lnet/fabricmc/fabric/api/transfer/v1/item/ItemVariant;)Z to md143ffa$fabric-transfer-api-v1$lambda$hookExtract$1$0 in fabric-transfer-api-v1.mixins.json:HopperBlockEntityMixin from mod fabric-transfer-api-v1
[18:56:46] [main/INFO] (FabricLoader/Mixin) Renaming synthetic method lambda$hookInsert$0(Lnet/fabricmc/fabric/api/transfer/v1/item/ItemVariant;)Z to md143ffa$fabric-transfer-api-v1$lambda$hookInsert$0$1 in fabric-transfer-api-v1.mixins.json:HopperBlockEntityMixin from mod fabric-transfer-api-v1
[18:56:47] [main/INFO] (FabricLoader/Mixin) Mixing ArmorItemMixin from fabric-item-api-v1.mixins.json into net.minecraft.item.ArmorItem
[18:56:47] [main/INFO] (FabricLoader/Mixin) Mixing SwordItemMixin from fabric-mining-level-api-v1.mixins.json into net.minecraft.item.SwordItem
[18:56:47] [main/WARN] (FabricLoader/Mixin) fabric-mining-level-api-v1.mixins.json:SwordItemMixin from mod fabric-mining-level-api-v1: Class version 61 required is higher than the class version supported by the current version of Mixin (JAVA_16 supports class version 60)
[18:56:47] [main/INFO] (FabricLoader/Mixin) Mixing ShovelItemAccessor from fabric-content-registries-v0.mixins.json into net.minecraft.item.ShovelItem
[18:56:47] [main/INFO] (FabricLoader/Mixin) Renaming @Accessor method getPathStates()Ljava/util/Map; to getPathStates$fabric-content-registries-v0_$md$143ffa$0 in fabric-content-registries-v0.mixins.json:ShovelItemAccessor from mod fabric-content-registries-v0
[18:56:47] [main/INFO] (FabricLoader/Mixin) Mixing MiningToolItemMixin from fabric-mining-level-api-v1.mixins.json into net.minecraft.item.MiningToolItem
[18:56:47] [main/INFO] (FabricLoader/Mixin) Mixing AxeItemAccessor from fabric-content-registries-v0.mixins.json into net.minecraft.item.AxeItem
[18:56:47] [main/INFO] (FabricLoader/Mixin) Renaming @Accessor method getStrippedBlocks()Ljava/util/Map; to getStrippedBlocks$fabric-content-registries-v0_$md$143ffa$0 in fabric-content-registries-v0.mixins.json:AxeItemAccessor from mod fabric-content-registries-v0
[18:56:47] [main/INFO] (FabricLoader/Mixin) Renaming @Accessor method setStrippedBlocks(Ljava/util/Map;)V to setStrippedBlocks$fabric-content-registries-v0_$md$143ffa$1 in fabric-content-registries-v0.mixins.json:AxeItemAccessor from mod fabric-content-registries-v0
[18:56:47] [main/INFO] (FabricLoader/Mixin) Mixing HoeItemAccessor from fabric-content-registries-v0.mixins.json into net.minecraft.item.HoeItem
[18:56:47] [main/INFO] (FabricLoader/Mixin) Renaming @Accessor method getTillingActions()Ljava/util/Map; to getTillingActions$fabric-content-registries-v0_$md$143ffa$0 in fabric-content-registries-v0.mixins.json:HoeItemAccessor from mod fabric-content-registries-v0
[18:56:47] [main/INFO] (FabricLoader/Mixin) Mixing BucketItemAccessor from fabric-transfer-api-v1.mixins.json into net.minecraft.item.BucketItem
[18:56:47] [main/INFO] (FabricLoader/Mixin) Mixing BucketItemMixin from fabric-transfer-api-v1.mixins.json into net.minecraft.item.BucketItem
[18:56:47] [main/INFO] (FabricLoader/Mixin) Mixing ShearsItemMixin from fabric-mining-level-api-v1.mixins.json into net.minecraft.item.ShearsItem
[18:56:47] [main/INFO] (FabricLoader/Mixin) Mixing HoneycombItemMixin from fabric-content-registries-v0.mixins.json into net.minecraft.item.HoneycombItem
[18:56:48] [main/INFO] (FabricLoader/Mixin) Mixing StructuresToConfiguredStructuresFixMixin from fabric-registry-sync-v0.mixins.json into net.minecraft.datafixer.fix.StructuresToConfiguredStructuresFix
[18:56:48] [Datafixer Bootstrap/INFO] (Minecraft) 188 Datafixer optimizations took 174 milliseconds
[18:56:49] [main/INFO] (FabricLoader/Mixin) Mixing ServerPlayerEntityMixin from fabric-entity-events-v1.mixins.json into net.minecraft.server.network.ServerPlayerEntity
[18:56:49] [main/INFO] (FabricLoader/Mixin) Mixing ServerPlayerEntityMixin from fabric-events-interaction-v0.mixins.json into net.minecraft.server.network.ServerPlayerEntity
[18:56:49] [main/INFO] (FabricLoader/Mixin) Mixing ServerPlayerEntityMixin from fabric-screen-handler-api-v1.mixins.json into net.minecraft.server.network.ServerPlayerEntity
[18:56:49] [main/INFO] (FabricLoader/Mixin) Mixing EntityMixin from fabric-dimensions-v1.mixins.json into net.minecraft.server.network.ServerPlayerEntity
[18:56:49] [main/INFO] (FabricLoader/Mixin) Mixing WorldChunkMixin from fabric-lifecycle-events-v1.client.mixins.json into net.minecraft.world.chunk.WorldChunk
[18:56:49] [main/WARN] (FabricLoader/Mixin) fabric-lifecycle-events-v1.client.mixins.json:WorldChunkMixin from mod fabric-lifecycle-events-v1: Class version 61 required is higher than the class version supported by the current version of Mixin (JAVA_16 supports class version 60)
[18:56:49] [main/INFO] (FabricLoader/Mixin) Mixing VillagerEntityAccessor from fabric-content-registries-v0.mixins.json into net.minecraft.entity.passive.VillagerEntity
[18:56:49] [main/INFO] (FabricLoader/Mixin) Renaming @Accessor method fabric_setItemFoodValues(Ljava/util/Map;)V to fabric_setItemFoodValues$fabric-content-registries-v0_$md$143ffa$0 in fabric-content-registries-v0.mixins.json:VillagerEntityAccessor from mod fabric-content-registries-v0
[18:56:49] [main/INFO] (FabricLoader/Mixin) Renaming @Accessor method fabric_setGatherableItems(Ljava/util/Set;)V to fabric_setGatherableItems$fabric-content-registries-v0_$md$143ffa$1 in fabric-content-registries-v0.mixins.json:VillagerEntityAccessor from mod fabric-content-registries-v0
[18:56:49] [main/INFO] (FabricLoader/Mixin) Renaming @Accessor method fabric_getGatherableItems()Ljava/util/Set; to fabric_getGatherableItems$fabric-content-registries-v0_$md$143ffa$2 in fabric-content-registries-v0.mixins.json:VillagerEntityAccessor from mod fabric-content-registries-v0
[18:56:49] [main/INFO] (FabricLoader/Mixin) Mixing ingredient.IngredientMixin from fabric-recipe-api-v1.mixins.json into net.minecraft.recipe.Ingredient
[18:56:49] [main/INFO] (FabricLoader/Mixin) Mixing ServerPlayNetworkHandlerMixin from fabric-networking-api-v1.mixins.json into net.minecraft.server.network.ServerPlayNetworkHandler
[18:56:49] [main/WARN] (FabricLoader/Mixin) fabric-networking-api-v1.mixins.json:ServerPlayNetworkHandlerMixin from mod fabric-networking-api-v1: Class version 61 required is higher than the class version supported by the current version of Mixin (JAVA_16 supports class version 60)
[18:56:49] [main/INFO] (FabricLoader/Mixin) Mixing accessor.ServerPlayNetworkHandlerAccessor from fabric-networking-api-v1.mixins.json into net.minecraft.server.network.ServerPlayNetworkHandler
[18:56:49] [main/INFO] (FabricLoader/Mixin) Mixing extendedreach.ServerPlayNetworkHandlerMixin from sequencermod.mixins.json into net.minecraft.server.network.ServerPlayNetworkHandler
[18:56:50] [main/INFO] (FabricLoader/Mixin) Mixing EntitySelectorOptionsAccessor from fabric-command-api-v2.mixins.json into net.minecraft.command.EntitySelectorOptions
[18:56:50] [main/INFO] (FabricLoader/Mixin) Renaming @Invoker method callPutOption(Ljava/lang/String;Lnet/minecraft/command/EntitySelectorOptions$SelectorHandler;Ljava/util/function/Predicate;Lnet/minecraft/text/Text;)V to callPutOption$fabric-command-api-v2_$md$143ffa$0 in fabric-command-api-v2.mixins.json:EntitySelectorOptionsAccessor from mod fabric-command-api-v2
[18:56:50] [main/INFO] (FabricLoader/Mixin) Mixing EntitySelectorReaderMixin from fabric-command-api-v2.mixins.json into net.minecraft.command.EntitySelectorReader
[18:56:50] [main/INFO] (FabricLoader/Mixin) Mixing StructureTemplateManagerMixin from fabric-gametest-api-v1.mixins.json into net.minecraft.structure.StructureTemplateManager
[18:56:50] [main/INFO] (FabricLoader/Mixin) Mixing SimpleInventoryMixin from fabric-transfer-api-v1.mixins.json into net.minecraft.inventory.SimpleInventory
[18:56:50] [main/INFO] (FabricLoader/Mixin) Mixing RecipeMixin from fabric-item-api-v1.mixins.json into net.minecraft.recipe.Recipe
[18:56:50] [main/INFO] (FabricLoader/Mixin) Mixing RegistryCodecsMixin from fabric-dimensions-v1.mixins.json into net.minecraft.registry.RegistryCodecs
[18:56:51] [main/INFO] (FabricLoader/Mixin) Mixing BiomeSourceMixin from fabric-biome-api-v1.mixins.json into net.minecraft.world.biome.source.BiomeSource
[18:56:51] [main/WARN] (FabricLoader/Mixin) fabric-biome-api-v1.mixins.json:BiomeSourceMixin from mod fabric-biome-api-v1: Class version 61 required is higher than the class version supported by the current version of Mixin (JAVA_16 supports class version 60)
[18:56:51] [main/INFO] (FabricLoader/Mixin) Mixing MultiNoiseBiomeSourceMixin from fabric-biome-api-v1.mixins.json into net.minecraft.world.biome.source.MultiNoiseBiomeSource
[18:56:51] [main/INFO] (FabricLoader/Mixin) Mixing NetherBiomePresetMixin from fabric-biome-api-v1.mixins.json into net.minecraft.world.biome.source.MultiNoiseBiomeSourceParameterList$Preset$1
[18:56:51] [main/INFO] (FabricLoader/Mixin) Mixing TheEndBiomeSourceMixin from fabric-biome-api-v1.mixins.json into net.minecraft.world.biome.source.TheEndBiomeSource
[18:56:51] [main/INFO] (FabricLoader/Mixin) Renaming synthetic method lambda$init$1(Lnet/minecraft/registry/RegistryEntryLookup;)Lnet/fabricmc/fabric/impl/biome/TheEndBiomeData$Overrides; to md143ffa$fabric-biome-api-v1$lambda$init$1$0 in fabric-biome-api-v1.mixins.json:TheEndBiomeSourceMixin from mod fabric-biome-api-v1
[18:56:51] [main/INFO] (FabricLoader/Mixin) Renaming synthetic method lambda$modifyCodec$0(Lcom/mojang/serialization/codecs/RecordCodecBuilder$Instance;)Lcom/mojang/datafixers/kinds/App; to md143ffa$fabric-biome-api-v1$lambda$modifyCodec$0$1 in fabric-biome-api-v1.mixins.json:TheEndBiomeSourceMixin from mod fabric-biome-api-v1
[18:56:51] [main/WARN] (FabricLoader/Mixin) Write access to @Mutable @Final field field_24730:Lcom/mojang/serialization/Codec; in fabric-biome-api-v1.mixins.json:TheEndBiomeSourceMixin from mod fabric-biome-api-v1::handler$zcc000$fabric-biome-api-v1$modifyCodec
[18:56:51] [main/INFO] (FabricLoader/Mixin) Mixing DebugChunkGeneratorAccessor from fabric-registry-sync-v0.mixins.json into net.minecraft.world.gen.chunk.DebugChunkGenerator
[18:56:51] [main/INFO] (FabricLoader/Mixin) Renaming @Accessor method setBLOCK_STATES(Ljava/util/List;)V to setBLOCK_STATES$fabric-registry-sync-v0_$md$143ffa$0 in fabric-registry-sync-v0.mixins.json:DebugChunkGeneratorAccessor from mod fabric-registry-sync-v0
[18:56:51] [main/INFO] (FabricLoader/Mixin) Renaming @Accessor method setX_SIDE_LENGTH(I)V to setX_SIDE_LENGTH$fabric-registry-sync-v0_$md$143ffa$1 in fabric-registry-sync-v0.mixins.json:DebugChunkGeneratorAccessor from mod fabric-registry-sync-v0
[18:56:51] [main/INFO] (FabricLoader/Mixin) Renaming @Accessor method setZ_SIDE_LENGTH(I)V to setZ_SIDE_LENGTH$fabric-registry-sync-v0_$md$143ffa$2 in fabric-registry-sync-v0.mixins.json:DebugChunkGeneratorAccessor from mod fabric-registry-sync-v0
[18:56:51] [main/INFO] (FabricLoader/Mixin) Mixing DefaultAttributeRegistryAccessor from fabric-object-builder-v1.mixins.json into net.minecraft.entity.attribute.DefaultAttributeRegistry
[18:56:51] [main/INFO] (FabricLoader/Mixin) Renaming @Accessor method getRegistry()Ljava/util/Map; to getRegistry$fabric-object-builder-api-v1_$md$143ffa$0 in fabric-object-builder-v1.mixins.json:DefaultAttributeRegistryAccessor from mod fabric-object-builder-api-v1
[18:56:51] [main/INFO] (FabricLoader/Mixin) Mixing DefaultAttributeRegistryMixin from fabric-object-builder-v1.mixins.json into net.minecraft.entity.attribute.DefaultAttributeRegistry
[18:56:51] [main/WARN] (FabricLoader/Mixin) Write access to @Mutable @Final field field_23730:Ljava/util/Map; in fabric-object-builder-v1.mixins.json:DefaultAttributeRegistryMixin from mod fabric-object-builder-api-v1::handler$zlb000$fabric-object-builder-api-v1$injectAttributes
[18:56:51] [Render thread/INFO] (FabricLoader/Mixin) Mixing MinecraftClientMixin from fabric-registry-sync-v0.client.mixins.json into net.minecraft.client.MinecraftClient
[18:56:51] [Render thread/WARN] (FabricLoader/Mixin) fabric-registry-sync-v0.client.mixins.json:MinecraftClientMixin from mod fabric-registry-sync-v0: Class version 61 required is higher than the class version supported by the current version of Mixin (JAVA_16 supports class version 60)
[18:56:51] [Render thread/INFO] (FabricLoader/Mixin) Mixing accessor.MinecraftClientAccessor from fabric-networking-api-v1.client.mixins.json into net.minecraft.client.MinecraftClient
[18:56:51] [Render thread/WARN] (FabricLoader/Mixin) fabric-networking-api-v1.client.mixins.json:accessor.MinecraftClientAccessor from mod fabric-networking-api-v1: Class version 61 required is higher than the class version supported by the current version of Mixin (JAVA_16 supports class version 60)
[18:56:51] [Render thread/INFO] (FabricLoader/Mixin) Mixing MinecraftClientMixin from fabric-events-interaction-v0.client.mixins.json into net.minecraft.client.MinecraftClient
[18:56:51] [Render thread/WARN] (FabricLoader/Mixin) fabric-events-interaction-v0.client.mixins.json:MinecraftClientMixin from mod fabric-events-interaction-v0: Class version 61 required is higher than the class version supported by the current version of Mixin (JAVA_16 supports class version 60)
[18:56:51] [Render thread/INFO] (FabricLoader/Mixin) Mixing MinecraftClientMixin from fabric-lifecycle-events-v1.client.mixins.json into net.minecraft.client.MinecraftClient
[18:56:51] [Render thread/INFO] (FabricLoader/Mixin) Mixing MinecraftClientMixin from fabric-data-generation-api-v1.client.mixins.json into net.minecraft.client.MinecraftClient
[18:56:51] [Render thread/WARN] (FabricLoader/Mixin) fabric-data-generation-api-v1.client.mixins.json:MinecraftClientMixin from mod fabric-data-generation-api-v1: Class version 61 required is higher than the class version supported by the current version of Mixin (JAVA_16 supports class version 60)
[18:56:51] [Render thread/INFO] (FabricLoader/Mixin) Mixing MinecraftClientMixin from fabric-screen-api-v1.mixins.json into net.minecraft.client.MinecraftClient
[18:56:51] [Render thread/WARN] (FabricLoader/Mixin) fabric-screen-api-v1.mixins.json:MinecraftClientMixin from mod fabric-screen-api-v1: Class version 61 required is higher than the class version supported by the current version of Mixin (JAVA_16 supports class version 60)
[18:56:51] [Render thread/INFO] (FabricLoader/Mixin) Renaming @Unique field LOGGERLorg/slf4j/Logger; to fd143ffa$LOGGER$0 in fabric-screen-api-v1.mixins.json:MinecraftClientMixin from mod fabric-screen-api-v1
[18:56:51] [Render thread/INFO] (FabricLoader/Mixin) Expanded and compressed frames must not be mixed.
[18:56:51] [Render thread/INFO] (FabricLoader/Mixin) Mixing ScreenAccessor from fabric-screen-api-v1.mixins.json into net.minecraft.client.gui.screen.Screen
[18:56:51] [Render thread/INFO] (FabricLoader/Mixin) Mixing ScreenMixin from fabric-screen-api-v1.mixins.json into net.minecraft.client.gui.screen.Screen
[18:56:51] [Render thread/INFO] (FabricLoader/Mixin) Mixing elytra.ClientPlayerEntityMixin from fabric-entity-events-v1.client.mixins.json into net.minecraft.client.network.ClientPlayerEntity
[18:56:51] [Render thread/WARN] (FabricLoader/Mixin) fabric-entity-events-v1.client.mixins.json:elytra.ClientPlayerEntityMixin from mod fabric-entity-events-v1: Class version 61 required is higher than the class version supported by the current version of Mixin (JAVA_16 supports class version 60)
[18:56:51] [Render thread/INFO] (FabricLoader/Mixin) Mixing ClientWorldMixin from fabric-lifecycle-events-v1.client.mixins.json into net.minecraft.client.world.ClientWorld
[18:56:51] [Render thread/INFO] (FabricLoader/Mixin) Mixing SinglePreparationResourceReloaderMixin from fabric-resource-conditions-api-v1.mixins.json into net.minecraft.resource.SinglePreparationResourceReloader
[18:56:51] [Render thread/WARN] (FabricLoader/Mixin) fabric-resource-conditions-api-v1.mixins.json:SinglePreparationResourceReloaderMixin from mod fabric-resource-conditions-api-v1: Class version 61 required is higher than the class version supported by the current version of Mixin (JAVA_16 supports class version 60)
[18:56:51] [Render thread/INFO] (FabricLoader/Mixin) Mixing DefaultClientResourcePackProviderMixin from fabric-resource-loader-v0.client.mixins.json into net.minecraft.client.resource.DefaultClientResourcePackProvider
[18:56:51] [Render thread/WARN] (FabricLoader/Mixin) fabric-resource-loader-v0.client.mixins.json:DefaultClientResourcePackProviderMixin from mod fabric-resource-loader-v0: Class version 61 required is higher than the class version supported by the current version of Mixin (JAVA_16 supports class version 60)
[18:56:51] [Render thread/INFO] (FabricLoader/Mixin) Renaming synthetic method lambda$onCreateVanillaBuiltinResourcePack$0(Lnet/minecraft/resource/ResourcePackProfile$PackFactory;Ljava/lang/String;Ljava/lang/String;)Lnet/minecraft/resource/ResourcePack; to md143ffa$fabric-resource-loader-v0$lambda$onCreateVanillaBuiltinResourcePack$0$0 in fabric-resource-loader-v0.client.mixins.json:DefaultClientResourcePackProviderMixin from mod fabric-resource-loader-v0
[18:56:51] [Render thread/INFO] (FabricLoader/Mixin) Mixing VanillaResourcePackProviderMixin from fabric-resource-loader-v0.client.mixins.json into net.minecraft.resource.VanillaResourcePackProvider
[18:56:51] [Render thread/INFO] (FabricLoader/Mixin) Mixing ResourcePackManagerMixin from fabric-resource-loader-v0.mixins.json into net.minecraft.resource.ResourcePackManager
[18:56:51] [Render thread/WARN] (FabricLoader/Mixin) fabric-resource-loader-v0.mixins.json:ResourcePackManagerMixin from mod fabric-resource-loader-v0: Class version 61 required is higher than the class version supported by the current version of Mixin (JAVA_16 supports class version 60)
[18:56:51] [Render thread/WARN] (FabricLoader/Mixin) Write access to @Mutable @Final field field_14227:Ljava/util/Set; in fabric-resource-loader-v0.mixins.json:ResourcePackManagerMixin from mod fabric-resource-loader-v0::handler$zbe000$fabric-resource-loader-v0$construct
[18:56:51] [Render thread/INFO] (Minecraft) Environment: authHost='https://authserver.mojang.com', accountsHost='https://api.mojang.com', sessionHost='https://sessionserver.mojang.com', servicesHost='https://api.minecraftservices.com', name='PROD'
[18:56:52] [Render thread/ERROR] (Minecraft) Failed to verify authentication
com.mojang.authlib.exceptions.InvalidCredentialsException: Status: 401
	at com.mojang.authlib.exceptions.MinecraftClientHttpException.toAuthenticationException(MinecraftClientHttpException.java:56) ~[authlib-4.0.43.jar:?]
	at com.mojang.authlib.yggdrasil.YggdrasilUserApiService.fetchProperties(YggdrasilUserApiService.java:156) ~[authlib-4.0.43.jar:?]
	at com.mojang.authlib.yggdrasil.YggdrasilUserApiService.<init>(YggdrasilUserApiService.java:55) ~[authlib-4.0.43.jar:?]
	at com.mojang.authlib.yggdrasil.YggdrasilAuthenticationService.createUserApiService(YggdrasilAuthenticationService.java:124) ~[authlib-4.0.43.jar:?]
	at net.minecraft.client.MinecraftClient.createUserApiService(MinecraftClient.java:733) ~[minecraft-clientonly-project-root-1.20.1-net.fabricmc.yarn.1_20_1.1.20.1+build.10-v2.jar:?]
	at net.minecraft.client.MinecraftClient.<init>(MinecraftClient.java:442) ~[minecraft-clientonly-project-root-1.20.1-net.fabricmc.yarn.1_20_1.1.20.1+build.10-v2.jar:?]
	at net.minecraft.client.main.Main.main(Main.java:211) ~[minecraft-clientonly-project-root-1.20.1-net.fabricmc.yarn.1_20_1.1.20.1+build.10-v2.jar:?]
	at net.fabricmc.loader.impl.game.minecraft.MinecraftGameProvider.launch(MinecraftGameProvider.java:468) ~[fabric-loader-0.14.22.jar:?]
	at net.fabricmc.loader.impl.launch.knot.Knot.launch(Knot.java:74) ~[fabric-loader-0.14.22.jar:?]
	at net.fabricmc.loader.impl.launch.knot.KnotClient.main(KnotClient.java:23) ~[fabric-loader-0.14.22.jar:?]
	at net.fabricmc.devlaunchinjector.Main.main(Main.java:86) ~[dev-launch-injector-0.2.1+build.8.jar:?]
Caused by: com.mojang.authlib.exceptions.MinecraftClientHttpException: Status: 401
	at com.mojang.authlib.minecraft.client.MinecraftClient.readInputStream(MinecraftClient.java:85) ~[authlib-4.0.43.jar:?]
	at com.mojang.authlib.minecraft.client.MinecraftClient.get(MinecraftClient.java:48) ~[authlib-4.0.43.jar:?]
	at com.mojang.authlib.yggdrasil.YggdrasilUserApiService.fetchProperties(YggdrasilUserApiService.java:129) ~[authlib-4.0.43.jar:?]
	... 9 more
[18:56:52] [Render thread/INFO] (Minecraft) Setting user: Player160
[18:56:52] [Render thread/INFO] (FabricLoader/Mixin) Mixing KeyBindingAccessor from fabric-key-binding-api-v1.mixins.json into net.minecraft.client.option.KeyBinding
[18:56:52] [Render thread/WARN] (FabricLoader/Mixin) fabric-key-binding-api-v1.mixins.json:KeyBindingAccessor from mod fabric-key-binding-api-v1: Class version 61 required is higher than the class version supported by the current version of Mixin (JAVA_16 supports class version 60)
[18:56:52] [Render thread/INFO] (FabricLoader/Mixin) Renaming @Accessor method fabric_getCategoryMap()Ljava/util/Map; to fabric_getCategoryMap$fabric-key-binding-api-v1_$md$143ffa$0 in fabric-key-binding-api-v1.mixins.json:KeyBindingAccessor from mod fabric-key-binding-api-v1
[18:56:52] [Render thread/INFO] (FabricLoader/Mixin) Mixing KeyBindingAccessor from fabric-events-interaction-v0.client.mixins.json into net.minecraft.client.option.KeyBinding
[18:56:52] [Render thread/INFO] (FabricLoader/Mixin) Mixing MinecraftServerMixin from fabric-registry-sync-v0.mixins.json into net.minecraft.server.MinecraftServer
[18:56:52] [Render thread/INFO] (FabricLoader/Mixin) Mixing MinecraftServerMixin from fabric-resource-loader-v0.mixins.json into net.minecraft.server.MinecraftServer
[18:56:52] [Render thread/INFO] (FabricLoader/Mixin) Mixing modification.MinecraftServerMixin from fabric-biome-api-v1.mixins.json into net.minecraft.server.MinecraftServer
[18:56:52] [Render thread/INFO] (FabricLoader/Mixin) Mixing MinecraftServerMixin from fabric-message-api-v1.mixins.json into net.minecraft.server.MinecraftServer
[18:56:52] [Render thread/WARN] (FabricLoader/Mixin) fabric-message-api-v1.mixins.json:MinecraftServerMixin from mod fabric-message-api-v1: Class version 61 required is higher than the class version supported by the current version of Mixin (JAVA_16 supports class version 60)
[18:56:52] [Render thread/INFO] (FabricLoader/Mixin) Renaming synthetic method lambda$onGetChatDecorator$1(Lnet/minecraft/network/message/MessageDecorator;Lnet/minecraft/server/network/ServerPlayerEntity;Lnet/minecraft/text/Text;)Ljava/util/concurrent/CompletableFuture; to md143ffa$fabric-message-api-v1$lambda$onGetChatDecorator$1$0 in fabric-message-api-v1.mixins.json:MinecraftServerMixin from mod fabric-message-api-v1
[18:56:52] [Render thread/INFO] (FabricLoader/Mixin) Renaming synthetic method lambda$onGetChatDecorator$0(Lnet/minecraft/server/network/ServerPlayerEntity;Lnet/minecraft/text/Text;)Ljava/util/concurrent/CompletionStage; to md143ffa$fabric-message-api-v1$lambda$onGetChatDecorator$0$1 in fabric-message-api-v1.mixins.json:MinecraftServerMixin from mod fabric-message-api-v1
[18:56:52] [Render thread/INFO] (FabricLoader/Mixin) Mixing MinecraftServerMixin from fabric-gametest-api-v1.mixins.json into net.minecraft.server.MinecraftServer
[18:56:52] [Render thread/INFO] (FabricLoader/Mixin) Mixing MinecraftServerMixin from fabric-lifecycle-events-v1.mixins.json into net.minecraft.server.MinecraftServer
[18:56:52] [Render thread/INFO] (FabricLoader/Mixin) Renaming synthetic method lambda$endResourceReload$0(Ljava/lang/Void;Ljava/lang/Throwable;)Ljava/lang/Void; to md143ffa$fabric-lifecycle-events-v1$lambda$endResourceReload$0$2 in fabric-lifecycle-events-v1.mixins.json:MinecraftServerMixin from mod fabric-lifecycle-events-v1
[18:56:52] [Render thread/INFO] (FabricLoader/Mixin) Mixing ServerLoginNetworkHandlerMixin from fabric-networking-api-v1.mixins.json into net.minecraft.server.network.ServerLoginNetworkHandler
[18:56:52] [Render thread/INFO] (FabricLoader/Mixin) Mixing accessor.ServerLoginNetworkHandlerAccessor from fabric-networking-api-v1.mixins.json into net.minecraft.server.network.ServerLoginNetworkHandler
[18:56:52] [Render thread/INFO] (Minecraft) [STDOUT]: [Sequencer|Server] MorphServer.bootstrap
[18:56:52] [Render thread/INFO] (SequencerMod) SequencerMod init
[18:56:52] [Render thread/INFO] (FabricLoader/Mixin) Mixing ClientPlayNetworkHandlerMixin from fabric-message-api-v1.client.mixins.json into net.minecraft.client.network.ClientPlayNetworkHandler
[18:56:52] [Render thread/INFO] (FabricLoader/Mixin) Mixing ClientPlayNetworkHandlerMixin from fabric-networking-api-v1.client.mixins.json into net.minecraft.client.network.ClientPlayNetworkHandler
[18:56:52] [Render thread/INFO] (FabricLoader/Mixin) Mixing ClientPlayNetworkHandlerMixin from fabric-lifecycle-events-v1.client.mixins.json into net.minecraft.client.network.ClientPlayNetworkHandler
[18:56:52] [Render thread/INFO] (FabricLoader/Mixin) Mixing ClientPlayNetworkHandlerMixin from fabric-command-api-v2.client.mixins.json into net.minecraft.client.network.ClientPlayNetworkHandler
[18:56:52] [Render thread/WARN] (FabricLoader/Mixin) fabric-command-api-v2.client.mixins.json:ClientPlayNetworkHandlerMixin from mod fabric-command-api-v2: Class version 61 required is higher than the class version supported by the current version of Mixin (JAVA_16 supports class version 60)
[18:56:52] [Render thread/INFO] (FabricLoader/Mixin) Mixing ClientConnectionMixin from fabric-networking-api-v1.mixins.json into net.minecraft.network.ClientConnection
[18:56:52] [Render thread/INFO] (FabricLoader/Mixin) Mixing accessor.ClientLoginNetworkHandlerAccessor from fabric-networking-api-v1.client.mixins.json into net.minecraft.client.network.ClientLoginNetworkHandler
[18:56:52] [Render thread/INFO] (FabricLoader/Mixin) Mixing ClientLoginNetworkHandlerMixin from fabric-networking-api-v1.client.mixins.json into net.minecraft.client.network.ClientLoginNetworkHandler
[18:56:52] [Render thread/INFO] (Indigo) [Indigo] Registering Indigo renderer!
[18:56:52] [Render thread/INFO] (FabricLoader/Mixin) Mixing shader.GameRendererMixin from fabric-rendering-v1.mixins.json into net.minecraft.client.render.GameRenderer
[18:56:52] [Render thread/WARN] (FabricLoader/Mixin) fabric-rendering-v1.mixins.json:shader.GameRendererMixin from mod fabric-rendering-v1: Class version 61 required is higher than the class version supported by the current version of Mixin (JAVA_16 supports class version 60)
[18:56:52] [Render thread/INFO] (FabricLoader/Mixin) Renaming synthetic method lambda$registerShaders$0(Lnet/minecraft/resource/ResourceFactory;Ljava/util/List;Lnet/minecraft/util/Identifier;Lnet/minecraft/client/render/VertexFormat;Ljava/util/function/Consumer;)V to md143ffa$fabric-rendering-v1$lambda$registerShaders$0$0 in fabric-rendering-v1.mixins.json:shader.GameRendererMixin from mod fabric-rendering-v1
[18:56:52] [Render thread/INFO] (FabricLoader/Mixin) Mixing GameRendererMixin from fabric-screen-api-v1.mixins.json into net.minecraft.client.render.GameRenderer
[18:56:52] [Render thread/INFO] (FabricLoader/Mixin) Mixing shader.ShaderProgramMixin from fabric-rendering-v1.mixins.json into net.minecraft.client.gl.ShaderProgram
[18:56:52] [Render thread/INFO] (FabricLoader/Mixin) Mixing client.SpriteAtlasTextureMixin from fabric-renderer-api-v1.mixins.json into net.minecraft.client.texture.SpriteAtlasTexture
[18:56:52] [Render thread/WARN] (FabricLoader/Mixin) fabric-renderer-api-v1.mixins.json:client.SpriteAtlasTextureMixin from mod fabric-renderer-api-v1: Class version 61 required is higher than the class version supported by the current version of Mixin (JAVA_16 supports class version 60)
[18:56:52] [Render thread/WARN] (FabricLoader/Mixin) @Shadow field fabric-renderer-api-v1.mixins.json:client.SpriteAtlasTextureMixin from mod fabric-renderer-api-v1::sprites is decorated with @Final but target is not final
[18:56:52] [Render thread/INFO] (FabricLoader/Mixin) Mixing KeyedResourceReloadListenerClientMixin from fabric-resource-loader-v0.client.mixins.json into net.minecraft.client.render.item.ItemRenderer
[18:56:52] [Render thread/INFO] (FabricLoader/Mixin) Mixing ItemRendererMixin from fabric-renderer-indigo.mixins.json into net.minecraft.client.render.item.ItemRenderer
[18:56:52] [Render thread/WARN] (FabricLoader/Mixin) fabric-renderer-indigo.mixins.json:ItemRendererMixin from mod fabric-renderer-indigo: Class version 61 required is higher than the class version supported by the current version of Mixin (JAVA_16 supports class version 60)
[18:56:52] [Render thread/INFO] (FabricLoader/Mixin) Renaming synthetic method lambda$new$0()Lnet/fabricmc/fabric/impl/client/indigo/renderer/render/ItemRenderContext; to md143ffa$fabric-renderer-indigo$lambda$new$0$0 in fabric-renderer-indigo.mixins.json:ItemRendererMixin from mod fabric-renderer-indigo
[18:56:52] [Render thread/INFO] (Minecraft) [STDOUT]: [Sequencer|Client] onInitializeClient
[18:56:53] [Render thread/INFO] (FabricLoader/Mixin) Mixing EntityModelLayersAccessor from fabric-rendering-v1.mixins.json into net.minecraft.client.render.entity.model.EntityModelLayers
[18:56:53] [Render thread/INFO] (FabricLoader/Mixin) Mixing EntityModelLayersMixin from fabric-object-builder-v1.client.mixins.json into net.minecraft.client.render.entity.model.EntityModelLayers
[18:56:53] [Render thread/WARN] (FabricLoader/Mixin) fabric-object-builder-v1.client.mixins.json:EntityModelLayersMixin from mod fabric-object-builder-api-v1: Class version 61 required is higher than the class version supported by the current version of Mixin (JAVA_16 supports class version 60)
[18:56:53] [Render thread/INFO] (FabricLoader/Mixin) Mixing GameOptionsMixin from fabric-resource-loader-v0.client.mixins.json into net.minecraft.client.option.GameOptions
[18:56:53] [Render thread/INFO] (FabricLoader/Mixin) Mixing GameOptionsMixin from fabric-key-binding-api-v1.mixins.json into net.minecraft.client.option.GameOptions
[18:56:53] [Render thread/WARN] (FabricLoader/Mixin) Write access to @Mutable @Final field field_1839:[Lnet/minecraft/client/option/KeyBinding; in fabric-key-binding-api-v1.mixins.json:GameOptionsMixin from mod fabric-key-binding-api-v1::handler$zfm000$fabric-key-binding-api-v1$loadHook
[18:56:53] [Render thread/INFO] (FabricLoader/Mixin) Mixing SoundInstanceMixin from fabric-sound-api-v1.mixins.json into net.minecraft.client.sound.SoundInstance
[18:56:53] [Render thread/INFO] (FabricLoader/Mixin) Mixing ResourcePackProfileMixin from fabric-resource-loader-v0.mixins.json into net.minecraft.resource.ResourcePackProfile
[18:56:53] [Render thread/INFO] (Minecraft) Backend library: LWJGL version 3.3.1 SNAPSHOT
[18:56:54] [Render thread/INFO] (FabricLoader/Mixin) Mixing MouseMixin from fabric-screen-api-v1.mixins.json into net.minecraft.client.Mouse
[18:56:54] [Render thread/INFO] (FabricLoader/Mixin) Mixing KeyboardMixin from fabric-screen-api-v1.mixins.json into net.minecraft.client.Keyboard
[18:56:54] [Render thread/INFO] (FabricLoader/Mixin) Mixing ReloadableResourceManagerImplMixin from fabric-resource-loader-v0.mixins.json into net.minecraft.resource.ReloadableResourceManagerImpl
[18:56:54] [Render thread/INFO] (FabricLoader/Mixin) Renaming synthetic method lambda$getResourcePackNames$0(Lnet/minecraft/resource/ResourcePack;)Ljava/lang/String; to md143ffa$fabric-resource-loader-v0$lambda$getResourcePackNames$0$0 in fabric-resource-loader-v0.mixins.json:ReloadableResourceManagerImplMixin from mod fabric-resource-loader-v0
[18:56:54] [Render thread/INFO] (FabricLoader/Mixin) Mixing LifecycledResourceManagerImplMixin from fabric-resource-loader-v0.mixins.json into net.minecraft.resource.LifecycledResourceManagerImpl
[18:56:54] [Render thread/INFO] (FabricLoader/Mixin) Mixing KeyedResourceReloadListenerClientMixin from fabric-resource-loader-v0.client.mixins.json into net.minecraft.client.resource.language.LanguageManager
[18:56:54] [Render thread/INFO] (FabricLoader/Mixin) Mixing KeyedResourceReloadListenerClientMixin from fabric-resource-loader-v0.client.mixins.json into net.minecraft.client.texture.TextureManager
[18:56:54] [Render thread/INFO] (FabricLoader/Mixin) Mixing KeyedResourceReloadListenerClientMixin from fabric-resource-loader-v0.client.mixins.json into net.minecraft.client.sound.SoundManager
[18:56:54] [Render thread/INFO] (FabricLoader/Mixin) Mixing SoundSystemMixin from fabric-sound-api-v1.mixins.json into net.minecraft.client.sound.SoundSystem
[18:56:54] [Render thread/INFO] (FabricLoader/Mixin) Mixing FontManagerMixin from fabric-resource-loader-v0.client.mixins.json into net.minecraft.client.font.FontManager
[18:56:54] [Render thread/INFO] (FabricLoader/Mixin) Mixing BlockColorsMixin from fabric-registry-sync-v0.client.mixins.json into net.minecraft.client.color.block.BlockColors
[18:56:54] [Render thread/INFO] (FabricLoader/Mixin) Mixing BlockColorsMixin from fabric-rendering-v1.mixins.json into net.minecraft.client.color.block.BlockColors
[18:56:54] [Render thread/INFO] (FabricLoader/Mixin) Mixing ItemColorsMixin from fabric-registry-sync-v0.client.mixins.json into net.minecraft.client.color.item.ItemColors
[18:56:54] [Render thread/INFO] (FabricLoader/Mixin) Mixing ItemColorsMixin from fabric-rendering-v1.mixins.json into net.minecraft.client.color.item.ItemColors
[18:56:54] [Render thread/INFO] (FabricLoader/Mixin) Mixing KeyedResourceReloadListenerClientMixin from fabric-resource-loader-v0.client.mixins.json into net.minecraft.client.render.model.BakedModelManager
[18:56:54] [Render thread/INFO] (FabricLoader/Mixin) Mixing BakedModelManagerMixin from fabric-model-loading-api-v1.mixins.json into net.minecraft.client.render.model.BakedModelManager
[18:56:54] [Render thread/INFO] (FabricLoader/Mixin) Renaming synthetic method lambda$loadModelPluginData$0(Ljava/util/function/BiFunction;Lnet/minecraft/util/Pair;Ljava/util/List;)Lnet/minecraft/client/render/model/ModelLoader; to md143ffa$fabric-model-loading-api-v1$lambda$loadModelPluginData$0$0 in fabric-model-loading-api-v1.mixins.json:BakedModelManagerMixin from mod fabric-model-loading-api-v1
[18:56:54] [Render thread/INFO] (FabricLoader/Mixin) Mixing TexturedRenderLayersMixin from fabric-object-builder-v1.client.mixins.json into net.minecraft.client.render.TexturedRenderLayers
[18:56:54] [Render thread/INFO] (FabricLoader/Mixin) Mixing KeyedResourceReloadListenerClientMixin from fabric-resource-loader-v0.client.mixins.json into net.minecraft.client.render.block.BlockRenderManager
[18:56:54] [Render thread/INFO] (FabricLoader/Mixin) Mixing accessor.EntityRenderDispatcherAccessor from sequencermod.client.mixins.json into net.minecraft.client.render.entity.EntityRenderDispatcher
[18:56:54] [Render thread/INFO] (FabricLoader/Mixin) Mixing morph.PlayerShadowMixin from sequencermod.client.mixins.json into net.minecraft.client.render.entity.EntityRenderDispatcher
[18:56:54] [Render thread/INFO] (FabricLoader/Mixin) sequencermod.client.mixins.json:accessor.EntityRenderDispatcherAccessor from mod sequencermod->@Invoker[METHOD_PROXY]::sequencer$invokeRenderShadow(Lnet/minecraft/client/util/math/MatrixStack;Lnet/minecraft/client/render/VertexConsumerProvider;Lnet/minecraft/entity/Entity;FFLnet/minecraft/world/WorldView;F)V should be static as its target is
[18:56:54] [Render thread/INFO] (FabricLoader/Mixin) Mixing BuiltinModelItemRendererMixin from fabric-rendering-v1.mixins.json into net.minecraft.client.render.item.BuiltinModelItemRenderer
[18:56:54] [Render thread/INFO] (FabricLoader/Mixin) Mixing ItemModelsMixin from fabric-registry-sync-v0.client.mixins.json into net.minecraft.client.render.item.ItemModels
[18:56:54] [Render thread/INFO] (FabricLoader/Mixin) Mixing ModelLoaderMixin from fabric-model-loading-api-v1.mixins.json into net.minecraft.client.render.model.ModelLoader
[18:56:54] [Render thread/INFO] (FabricLoader/Mixin) Mixing client.BakedModelMixin from fabric-renderer-api-v1.mixins.json into net.minecraft.client.render.model.BakedModel
[18:56:54] [Render thread/INFO] (FabricLoader/Mixin) Mixing BlockModelRendererMixin from fabric-renderer-indigo.mixins.json into net.minecraft.client.render.block.BlockModelRenderer
[18:56:55] [Render thread/INFO] (FabricLoader/Mixin) Mixing FluidRendererMixin from fabric-rendering-fluids-v1.mixins.json into net.minecraft.client.render.block.FluidRenderer
[18:56:55] [Render thread/WARN] (FabricLoader/Mixin) fabric-rendering-fluids-v1.mixins.json:FluidRendererMixin from mod fabric-rendering-fluids-v1: Class version 61 required is higher than the class version supported by the current version of Mixin (JAVA_16 supports class version 60)
[18:56:55] [Render thread/INFO] (FabricLoader/Mixin) Renaming synthetic method lambda$new$0()Ljava/lang/Boolean; to md143ffa$fabric-rendering-fluids-v1$lambda$new$0$0 in fabric-rendering-fluids-v1.mixins.json:FluidRendererMixin from mod fabric-rendering-fluids-v1
[18:56:55] [Render thread/INFO] (FabricLoader/Mixin) Mixing HeldItemRendererMixin from fabric-item-api-v1.client.mixins.json into net.minecraft.client.render.item.HeldItemRenderer
[18:56:55] [Render thread/INFO] (FabricLoader/Mixin) Mixing morph.CameraOffsetMixin from sequencermod.client.mixins.json into net.minecraft.client.render.Camera
[18:56:55] [Render thread/INFO] (FabricLoader/Mixin) Mixing KeyedResourceReloadListenerClientMixin from fabric-resource-loader-v0.client.mixins.json into net.minecraft.client.render.WorldRenderer
[18:56:55] [Render thread/INFO] (FabricLoader/Mixin) Mixing WorldRendererMixin from fabric-rendering-v1.mixins.json into net.minecraft.client.render.WorldRenderer
[18:56:55] [Render thread/INFO] (FabricLoader/Mixin) Mixing ParticleManagerMixin from fabric-registry-sync-v0.client.mixins.json into net.minecraft.client.particle.ParticleManager
[18:56:55] [Render thread/INFO] (FabricLoader/Mixin) Mixing ParticleManagerMixin from fabric-particles-v1.client.mixins.json into net.minecraft.client.particle.ParticleManager
[18:56:55] [Render thread/WARN] (FabricLoader/Mixin) fabric-particles-v1.client.mixins.json:ParticleManagerMixin from mod fabric-particles-v1: Class version 61 required is higher than the class version supported by the current version of Mixin (JAVA_16 supports class version 60)
[18:56:55] [Render thread/INFO] (FabricLoader/Mixin) Mixing ParticleManagerAccessor from fabric-particles-v1.client.mixins.json into net.minecraft.client.particle.ParticleManager
[18:56:55] [Render thread/INFO] (FabricLoader/Mixin) Mixing BlockDustParticleMixin from fabric-particles-v1.client.mixins.json into net.minecraft.client.particle.BlockDustParticle
[18:56:55] [Render thread/INFO] (FabricLoader/Mixin) Mixing ParticleManagerAccessor$SimpleSpriteProviderAccessor from fabric-particles-v1.client.mixins.json into net.minecraft.client.particle.ParticleManager$SimpleSpriteProvider
[18:56:55] [Render thread/INFO] (FabricLoader/Mixin) Mixing InGameHudMixin from fabric-rendering-v1.mixins.json into net.minecraft.client.gui.hud.InGameHud
[18:56:55] [Render thread/INFO] (FabricLoader/Mixin) Mixing DebugHudMixin from fabric-renderer-api-v1.debughud.mixins.json into net.minecraft.client.gui.hud.DebugHud
[18:56:55] [Render thread/WARN] (FabricLoader/Mixin) fabric-renderer-api-v1.debughud.mixins.json:DebugHudMixin from mod fabric-renderer-api-v1: Class version 61 required is higher than the class version supported by the current version of Mixin (JAVA_16 supports class version 60)
[18:56:55] [Render thread/INFO] (FabricLoader/Mixin) Mixing shader.ShaderProgramImportProcessorMixin from fabric-rendering-v1.mixins.json into net.minecraft.client.gl.ShaderProgram$1
[18:56:55] [Render thread/INFO] (FabricLoader/Mixin) Mixing ResourceMixin from fabric-resource-loader-v0.mixins.json into net.minecraft.resource.Resource
[18:56:55] [Render thread/INFO] (FabricLoader/Mixin) Mixing MessageHandlerMixin from fabric-message-api-v1.client.mixins.json into net.minecraft.client.network.message.MessageHandler
[18:56:56] [Render thread/INFO] (Minecraft) Reloading ResourceManager: vanilla, fabric (fabric-registry-sync-v0, fabric-api-lookup-api-v1, fabric-resource-loader-v0, fabric-rendering-fluids-v1, fabric-biome-api-v1, fabric-message-api-v1, fabric-item-api-v1, fabric-api-base, fabric-particles-v1, fabric-rendering-data-attachment-v1, fabric-game-rule-api-v1, fabric-gametest-api-v1, fabric-networking-api-v1, fabric-mining-level-api-v1, fabric-entity-events-v1, fabric-loot-api-v2, fabric-recipe-api-v1, fabric-resource-conditions-api-v1, fabric-transitive-access-wideners-v1, fabric-renderer-indigo, fabric-key-binding-api-v1, fabric-rendering-v1, fabric-model-loading-api-v1, fabric-sound-api-v1, fabric-blockrenderlayer-v1, fabric-events-interaction-v0, sequencermod, fabric-lifecycle-events-v1, fabric-crash-report-info-v1, fabricloader, fabric-renderer-api-v1, fabric-client-tags-api-v1, fabric-data-generation-api-v1, fabric-screen-handler-api-v1, fabric-api, fabric-command-api-v2, fabric-convention-tags-v1, fabric-content-registries-v0, fabric-item-group-api-v1, fabric-screen-api-v1, fabric-dimensions-v1, fabric-transfer-api-v1, fabric-block-api-v1, fabric-object-builder-api-v1)
[18:56:56] [Render thread/INFO] (FabricLoader/Mixin) Mixing NamespaceResourceManagerMixin from fabric-resource-loader-v0.mixins.json into net.minecraft.resource.NamespaceResourceManager
[18:56:56] [Render thread/INFO] (FabricLoader/Mixin) Mixing SimpleResourceReloadMixin from fabric-resource-loader-v0.mixins.json into net.minecraft.resource.SimpleResourceReload
[18:56:56] [Worker-Main-3/INFO] (Minecraft) Found unifont_all_no_pua-15.0.06.hex, loading
[18:56:56] [Realms Notification Availability checker #1/INFO] (Minecraft) Could not authorize you against Realms server: java.lang.RuntimeException: Failed to parse into SignedJWT: FabricMC
[18:56:57] [Worker-Main-1/INFO] (FabricLoader/Mixin) Mixing ModelLoaderBakerImplMixin from fabric-model-loading-api-v1.mixins.json into net.minecraft.client.render.model.ModelLoader$BakerImpl
[18:56:57] [Worker-Main-1/INFO] (FabricLoader/Mixin) Mixing client.MultipartBakedModelMixin from fabric-renderer-api-v1.mixins.json into net.minecraft.client.render.model.MultipartBakedModel
[18:56:57] [Worker-Main-1/INFO] (FabricLoader/Mixin) Mixing client.WeightedBakedModelMixin from fabric-renderer-api-v1.mixins.json into net.minecraft.client.render.model.WeightedBakedModel
[18:56:58] [Render thread/WARN] (Minecraft) Missing sound for event: minecraft:item.goat_horn.play
[18:56:58] [Render thread/WARN] (Minecraft) Missing sound for event: minecraft:entity.goat.screaming.horn_break
[18:56:58] [Render thread/INFO] (Minecraft) OpenAL initialized on device OpenAL Soft on Speaker (Realtek(R) Audio)
[18:56:58] [Render thread/INFO] (Minecraft) Sound engine started
[18:56:58] [Render thread/INFO] (Minecraft) Created: 1024x512x4 minecraft:textures/atlas/blocks.png-atlas
[18:56:58] [Render thread/INFO] (Minecraft) Created: 256x256x4 minecraft:textures/atlas/signs.png-atlas
[18:56:58] [Render thread/INFO] (Minecraft) Created: 512x512x4 minecraft:textures/atlas/banner_patterns.png-atlas
[18:56:58] [Render thread/INFO] (Minecraft) Created: 512x512x4 minecraft:textures/atlas/shield_patterns.png-atlas
[18:56:59] [Render thread/INFO] (Minecraft) Created: 1024x1024x4 minecraft:textures/atlas/armor_trims.png-atlas
[18:56:59] [Render thread/INFO] (Minecraft) Created: 256x256x4 minecraft:textures/atlas/chest.png-atlas
[18:56:59] [Render thread/INFO] (Minecraft) Created: 128x64x4 minecraft:textures/atlas/decorated_pot.png-atlas
[18:56:59] [Render thread/INFO] (Minecraft) Created: 512x256x4 minecraft:textures/atlas/beds.png-atlas
[18:56:59] [Render thread/INFO] (Minecraft) Created: 512x256x4 minecraft:textures/atlas/shulker_boxes.png-atlas
[18:56:59] [Render thread/INFO] (FabricLoader/Mixin) Mixing EntityModelsMixin from fabric-rendering-v1.mixins.json into net.minecraft.client.render.entity.model.EntityModels
[18:56:59] [Render thread/INFO] (FabricLoader/Mixin) Mixing BlockEntityRendererFactoriesMixin from fabric-rendering-v1.mixins.json into net.minecraft.client.render.block.entity.BlockEntityRendererFactories
[18:56:59] [Render thread/INFO] (FabricLoader/Mixin) Renaming synthetic method lambda$init$0(Lnet/minecraft/block/entity/BlockEntityType;Lnet/minecraft/client/render/block/entity/BlockEntityRendererFactory;)V to md143ffa$fabric-rendering-v1$lambda$init$0$0 in fabric-rendering-v1.mixins.json:BlockEntityRendererFactoriesMixin from mod fabric-rendering-v1
[18:56:59] [Render thread/INFO] (FabricLoader/Mixin) Mixing EntityRenderersMixin from fabric-rendering-v1.mixins.json into net.minecraft.client.render.entity.EntityRenderers
[18:56:59] [Render thread/INFO] (FabricLoader/Mixin) Renaming synthetic method lambda$onRegisterRenderers$0(Lnet/minecraft/entity/EntityType;Lnet/minecraft/client/render/entity/EntityRendererFactory;)V to md143ffa$fabric-rendering-v1$lambda$onRegisterRenderers$0$0 in fabric-rendering-v1.mixins.json:EntityRenderersMixin from mod fabric-rendering-v1
[18:56:59] [Render thread/INFO] (FabricLoader/Mixin) Mixing LivingEntityRendererAccessor from fabric-rendering-v1.mixins.json into net.minecraft.client.render.entity.LivingEntityRenderer
[18:56:59] [Render thread/INFO] (FabricLoader/Mixin) Mixing morph.PlayerEntityRendererMixin from sequencermod.client.mixins.json into net.minecraft.client.render.entity.PlayerEntityRenderer
[18:56:59] [Render thread/INFO] (FabricLoader/Mixin) Mixing ArmorFeatureRendererMixin from fabric-rendering-v1.mixins.json into net.minecraft.client.render.entity.feature.ArmorFeatureRenderer
[18:56:59] [Render thread/INFO] (FabricLoader/Mixin) Mixing CapeFeatureRendererMixin from fabric-rendering-v1.mixins.json into net.minecraft.client.render.entity.feature.CapeFeatureRenderer
[18:56:59] [Render thread/WARN] (Minecraft) Shader rendertype_entity_translucent_emissive could not find sampler named Sampler2 in the specified shader program.
[18:56:59] [Render thread/INFO] (Minecraft) Created: 256x256x0 minecraft:textures/atlas/particles.png-atlas
[18:56:59] [Render thread/INFO] (Minecraft) Created: 256x256x0 minecraft:textures/atlas/paintings.png-atlas
[18:56:59] [Render thread/INFO] (Minecraft) Created: 128x128x0 minecraft:textures/atlas/mob_effects.png-atlas
[18:57:02] [Worker-Main-1/INFO] (FabricLoader/Mixin) Mixing GameRulesAccessor from fabric-game-rule-api-v1.mixins.json into net.minecraft.world.GameRules
[18:57:02] [Worker-Main-1/WARN] (FabricLoader/Mixin) fabric-game-rule-api-v1.mixins.json:GameRulesAccessor from mod fabric-game-rule-api-v1: Class version 61 required is higher than the class version supported by the current version of Mixin (JAVA_16 supports class version 60)
[18:57:02] [Worker-Main-1/INFO] (FabricLoader/Mixin) Renaming @Invoker method callRegister(Ljava/lang/String;Lnet/minecraft/world/GameRules$Category;Lnet/minecraft/world/GameRules$Type;)Lnet/minecraft/world/GameRules$Key; to callRegister$fabric-game-rule-api-v1_$md$143ffa$0 in fabric-game-rule-api-v1.mixins.json:GameRulesAccessor from mod fabric-game-rule-api-v1
[18:57:02] [Worker-Main-1/INFO] (FabricLoader/Mixin) Renaming @Accessor method getRuleTypes()Ljava/util/Map; to getRuleTypes$fabric-game-rule-api-v1_$md$143ffa$1 in fabric-game-rule-api-v1.mixins.json:GameRulesAccessor from mod fabric-game-rule-api-v1
[18:57:02] [Worker-Main-1/INFO] (FabricLoader/Mixin) Mixing GameRulesKeyMixin from fabric-game-rule-api-v1.mixins.json into net.minecraft.world.GameRules$Key
[18:57:02] [Worker-Main-1/INFO] (FabricLoader/Mixin) Mixing GameRulesBooleanRuleAccessor from fabric-game-rule-api-v1.mixins.json into net.minecraft.world.GameRules$BooleanRule
[18:57:02] [Worker-Main-1/INFO] (FabricLoader/Mixin) Renaming @Invoker method invokeCreate(ZLjava/util/function/BiConsumer;)Lnet/minecraft/world/GameRules$Type; to invokeCreate$fabric-game-rule-api-v1_$md$143ffa$0 in fabric-game-rule-api-v1.mixins.json:GameRulesBooleanRuleAccessor from mod fabric-game-rule-api-v1
[18:57:02] [Worker-Main-1/INFO] (FabricLoader/Mixin) Mixing GameRulesIntRuleAccessor from fabric-game-rule-api-v1.mixins.json into net.minecraft.world.GameRules$IntRule
[18:57:02] [Render thread/INFO] (FabricLoader/Mixin) Mixing CreateWorldScreenMixin from fabric-resource-loader-v0.client.mixins.json into net.minecraft.client.gui.screen.world.CreateWorldScreen
[18:57:04] [Render thread/INFO] (FabricLoader/Mixin) Mixing DataPackContentsMixin from fabric-resource-conditions-api-v1.mixins.json into net.minecraft.server.DataPackContents
[18:57:04] [Render thread/INFO] (FabricLoader/Mixin) Mixing DataPackContentsMixin from fabric-lifecycle-events-v1.mixins.json into net.minecraft.server.DataPackContents
[18:57:04] [Render thread/INFO] (FabricLoader/Mixin) Mixing SaveLoadingMixin from fabric-registry-sync-v0.mixins.json into net.minecraft.server.SaveLoading
[18:57:04] [Render thread/INFO] (FabricLoader/Mixin) Mixing ServerPlayerInteractionManagerMixin from fabric-events-interaction-v0.mixins.json into net.minecraft.server.network.ServerPlayerInteractionManager
[18:57:04] [Render thread/INFO] (FabricLoader/Mixin) Mixing extendedreach.ServerPlayerInteractionManagerMixin from sequencermod.mixins.json into net.minecraft.server.network.ServerPlayerInteractionManager
[18:57:04] [Render thread/WARN] (FabricLoader/Mixin) @Shadow target sequencermod.mixins.json:extendedreach.ServerPlayerInteractionManagerMixin from mod sequencermod::player is final but shadow is not decorated with @Final
[18:57:04] [Render thread/INFO] (FabricLoader/Mixin) Mixing modification.DynamicRegistryManagerImmutableImplMixin from fabric-biome-api-v1.mixins.json into net.minecraft.registry.DynamicRegistryManager$ImmutableImpl
[18:57:04] [Render thread/INFO] (FabricLoader/Mixin) Mixing RegistryLoaderMixin from fabric-registry-sync-v0.mixins.json into net.minecraft.registry.RegistryLoader
[18:57:04] [Render thread/INFO] (FabricLoader/Mixin) Mixing KeyedResourceReloadListenerMixin from fabric-resource-loader-v0.mixins.json into net.minecraft.recipe.RecipeManager
[18:57:04] [Render thread/INFO] (FabricLoader/Mixin) Mixing JsonDataLoaderMixin from fabric-resource-conditions-api-v1.mixins.json into net.minecraft.resource.JsonDataLoader
[18:57:04] [Render thread/INFO] (FabricLoader/Mixin) Mixing KeyedResourceReloadListenerMixin from fabric-resource-loader-v0.mixins.json into net.minecraft.loot.LootManager
[18:57:04] [Render thread/INFO] (FabricLoader/Mixin) Mixing LootManagerMixin from fabric-loot-api-v2.mixins.json into net.minecraft.loot.LootManager
[18:57:04] [Render thread/WARN] (FabricLoader/Mixin) fabric-loot-api-v2.mixins.json:LootManagerMixin from mod fabric-loot-api-v2: Class version 61 required is higher than the class version supported by the current version of Mixin (JAVA_8 supports class version 52)
[18:57:04] [Render thread/INFO] (FabricLoader/Mixin) Renaming synthetic method lambda$applyLootTableEvents$1(Lcom/google/common/collect/ImmutableMap$Builder;Lnet/minecraft/resource/ResourceManager;Lnet/minecraft/loot/LootManager;Lnet/minecraft/loot/LootDataKey;Ljava/lang/Object;)V to md143ffa$fabric-loot-api-v2$lambda$applyLootTableEvents$1$0 in fabric-loot-api-v2.mixins.json:LootManagerMixin from mod fabric-loot-api-v2
[18:57:04] [Render thread/INFO] (FabricLoader/Mixin) Renaming synthetic method lambda$reload$0(Lnet/minecraft/resource/ResourceManager;Lnet/minecraft/loot/LootManager;)V to md143ffa$fabric-loot-api-v2$lambda$reload$0$1 in fabric-loot-api-v2.mixins.json:LootManagerMixin from mod fabric-loot-api-v2
[18:57:04] [Render thread/INFO] (FabricLoader/Mixin) Mixing LootManagerMixin from fabric-resource-conditions-api-v1.mixins.json into net.minecraft.loot.LootManager
[18:57:04] [Render thread/INFO] (FabricLoader/Mixin) Mixing LootPoolAccessor from fabric-loot-api-v2.mixins.json into net.minecraft.loot.LootPool
[18:57:04] [Render thread/INFO] (FabricLoader/Mixin) Mixing LootTableAccessor from fabric-loot-api-v2.mixins.json into net.minecraft.loot.LootTable
[18:57:04] [Render thread/INFO] (FabricLoader/Mixin) Mixing KeyedResourceReloadListenerMixin from fabric-resource-loader-v0.mixins.json into net.minecraft.server.ServerAdvancementLoader
[18:57:04] [Render thread/INFO] (FabricLoader/Mixin) Mixing TagManagerLoaderMixin from fabric-registry-sync-v0.mixins.json into net.minecraft.registry.tag.TagManagerLoader
[18:57:04] [Render thread/INFO] (FabricLoader/Mixin) Mixing KeyedResourceReloadListenerMixin from fabric-resource-loader-v0.mixins.json into net.minecraft.registry.tag.TagManagerLoader
[18:57:04] [Render thread/INFO] (FabricLoader/Mixin) Mixing TagManagerLoaderMixin from fabric-resource-conditions-api-v1.mixins.json into net.minecraft.registry.tag.TagManagerLoader
[18:57:04] [Render thread/INFO] (FabricLoader/Mixin) Mixing CommandManagerMixin from fabric-gametest-api-v1.mixins.json into net.minecraft.server.command.CommandManager
[18:57:04] [Render thread/INFO] (FabricLoader/Mixin) Mixing CommandManagerMixin from fabric-command-api-v2.mixins.json into net.minecraft.server.command.CommandManager
[18:57:04] [Render thread/INFO] (FabricLoader/Mixin) Mixing GameRuleCommandAccessor from fabric-game-rule-api-v1.mixins.json into net.minecraft.server.command.GameRuleCommand
[18:57:04] [Render thread/INFO] (FabricLoader/Mixin) Renaming @Invoker method invokeExecuteSet(Lcom/mojang/brigadier/context/CommandContext;Lnet/minecraft/world/GameRules$Key;)I to invokeExecuteSet$fabric-game-rule-api-v1_$md$143ffa$0 in fabric-game-rule-api-v1.mixins.json:GameRuleCommandAccessor from mod fabric-game-rule-api-v1
[18:57:04] [Render thread/INFO] (FabricLoader/Mixin) Renaming @Invoker method invokeExecuteQuery(Lnet/minecraft/server/command/ServerCommandSource;Lnet/minecraft/world/GameRules$Key;)I to invokeExecuteQuery$fabric-game-rule-api-v1_$md$143ffa$1 in fabric-game-rule-api-v1.mixins.json:GameRuleCommandAccessor from mod fabric-game-rule-api-v1
[18:57:04] [Render thread/INFO] (FabricLoader/Mixin) Mixing GameRuleCommandVisitorMixin from fabric-game-rule-api-v1.mixins.json into net.minecraft.server.command.GameRuleCommand$1
[18:57:04] [Render thread/INFO] (FabricLoader/Mixin) Mixing HelpCommandAccessor from fabric-command-api-v2.mixins.json into net.minecraft.server.command.HelpCommand
[18:57:04] [Render thread/INFO] (FabricLoader/Mixin) Renaming @Accessor method getFailedException()Lcom/mojang/brigadier/exceptions/SimpleCommandExceptionType; to getFailedException$fabric-command-api-v2_$md$143ffa$0 in fabric-command-api-v2.mixins.json:HelpCommandAccessor from mod fabric-command-api-v2
[18:57:04] [Render thread/INFO] (FabricLoader/Mixin) Mixing KeyedResourceReloadListenerMixin from fabric-resource-loader-v0.mixins.json into net.minecraft.server.function.FunctionLoader
[18:57:05] [Worker-Main-3/ERROR] (Minecraft) Couldn't parse element loot_tables:sequencermod:blocks/glowing_bricks
com.google.gson.JsonSyntaxException: Expected name to be an item, was unknown string 'sequencermod:glowing_bricks'
	at net.minecraft.util.JsonHelper.method_17995(JsonHelper.java:145) ~[minecraft-common-project-root-1.20.1-net.fabricmc.yarn.1_20_1.1.20.1+build.10-v2.jar:?]
	at java.util.Optional.orElseThrow(Optional.java:403) ~[?:?]
	at net.minecraft.util.JsonHelper.asItem(JsonHelper.java:145) ~[minecraft-common-project-root-1.20.1-net.fabricmc.yarn.1_20_1.1.20.1+build.10-v2.jar:?]
	at net.minecraft.util.JsonHelper.getItem(JsonHelper.java:153) ~[minecraft-common-project-root-1.20.1-net.fabricmc.yarn.1_20_1.1.20.1+build.10-v2.jar:?]
	at net.minecraft.loot.entry.ItemEntry$Serializer.fromJson(ItemEntry.java:55) ~[minecraft-common-project-root-1.20.1-net.fabricmc.yarn.1_20_1.1.20.1+build.10-v2.jar:?]
	at net.minecraft.loot.entry.ItemEntry$Serializer.fromJson(ItemEntry.java:40) ~[minecraft-common-project-root-1.20.1-net.fabricmc.yarn.1_20_1.1.20.1+build.10-v2.jar:?]
	at net.minecraft.loot.entry.LeafEntry$Serializer.fromJson(LeafEntry.java:151) ~[minecraft-common-project-root-1.20.1-net.fabricmc.yarn.1_20_1.1.20.1+build.10-v2.jar:?]
	at net.minecraft.loot.entry.LeafEntry$Serializer.fromJson(LeafEntry.java:129) ~[minecraft-common-project-root-1.20.1-net.fabricmc.yarn.1_20_1.1.20.1+build.10-v2.jar:?]
	at net.minecraft.loot.entry.LootPoolEntry$Serializer.fromJson(LootPoolEntry.java:86) ~[minecraft-common-project-root-1.20.1-net.fabricmc.yarn.1_20_1.1.20.1+build.10-v2.jar:?]
	at net.minecraft.loot.entry.LootPoolEntry$Serializer.fromJson(LootPoolEntry.java:74) ~[minecraft-common-project-root-1.20.1-net.fabricmc.yarn.1_20_1.1.20.1+build.10-v2.jar:?]
	at net.minecraft.util.JsonSerializing$GsonSerializer.deserialize(JsonSerializing.java:102) ~[minecraft-common-project-root-1.20.1-net.fabricmc.yarn.1_20_1.1.20.1+build.10-v2.jar:?]
	at com.google.gson.internal.bind.TreeTypeAdapter.read(TreeTypeAdapter.java:76) ~[gson-2.10.jar:?]
	at com.google.gson.internal.bind.TypeAdapterRuntimeTypeWrapper.read(TypeAdapterRuntimeTypeWrapper.java:40) ~[gson-2.10.jar:?]
	at com.google.gson.internal.bind.ArrayTypeAdapter.read(ArrayTypeAdapter.java:72) ~[gson-2.10.jar:?]
	at com.google.gson.Gson.fromJson(Gson.java:1214) ~[gson-2.10.jar:?]
	at com.google.gson.Gson.fromJson(Gson.java:1319) ~[gson-2.10.jar:?]
	at com.google.gson.Gson.fromJson(Gson.java:1290) ~[gson-2.10.jar:?]
	at com.google.gson.internal.bind.TreeTypeAdapter$GsonContextImpl.deserialize(TreeTypeAdapter.java:179) ~[gson-2.10.jar:?]
	at net.minecraft.util.JsonHelper.deserialize(JsonHelper.java:463) ~[minecraft-common-project-root-1.20.1-net.fabricmc.yarn.1_20_1.1.20.1+build.10-v2.jar:?]
	at net.minecraft.util.JsonHelper.deserialize(JsonHelper.java:471) ~[minecraft-common-project-root-1.20.1-net.fabricmc.yarn.1_20_1.1.20.1+build.10-v2.jar:?]
	at net.minecraft.loot.LootPool$Serializer.deserialize(LootPool.java:173) ~[minecraft-common-project-root-1.20.1-net.fabricmc.yarn.1_20_1.1.20.1+build.10-v2.jar:?]
	at net.minecraft.loot.LootPool$Serializer.deserialize(LootPool.java:169) ~[minecraft-common-project-root-1.20.1-net.fabricmc.yarn.1_20_1.1.20.1+build.10-v2.jar:?]
	at com.google.gson.internal.bind.TreeTypeAdapter.read(TreeTypeAdapter.java:76) ~[gson-2.10.jar:?]
	at com.google.gson.internal.bind.TypeAdapterRuntimeTypeWrapper.read(TypeAdapterRuntimeTypeWrapper.java:40) ~[gson-2.10.jar:?]
	at com.google.gson.internal.bind.ArrayTypeAdapter.read(ArrayTypeAdapter.java:72) ~[gson-2.10.jar:?]
	at com.google.gson.Gson.fromJson(Gson.java:1214) ~[gson-2.10.jar:?]
	at com.google.gson.Gson.fromJson(Gson.java:1319) ~[gson-2.10.jar:?]
	at com.google.gson.Gson.fromJson(Gson.java:1290) ~[gson-2.10.jar:?]
	at com.google.gson.internal.bind.TreeTypeAdapter$GsonContextImpl.deserialize(TreeTypeAdapter.java:179) ~[gson-2.10.jar:?]
	at net.minecraft.util.JsonHelper.deserialize(JsonHelper.java:463) ~[minecraft-common-project-root-1.20.1-net.fabricmc.yarn.1_20_1.1.20.1+build.10-v2.jar:?]
	at net.minecraft.util.JsonHelper.deserialize(JsonHelper.java:481) ~[minecraft-common-project-root-1.20.1-net.fabricmc.yarn.1_20_1.1.20.1+build.10-v2.jar:?]
	at net.minecraft.loot.LootTable$Serializer.deserialize(LootTable.java:250) ~[minecraft-common-project-root-1.20.1-net.fabricmc.yarn.1_20_1.1.20.1+build.10-v2.jar:?]
	at net.minecraft.loot.LootTable$Serializer.deserialize(LootTable.java:246) ~[minecraft-common-project-root-1.20.1-net.fabricmc.yarn.1_20_1.1.20.1+build.10-v2.jar:?]
	at com.google.gson.internal.bind.TreeTypeAdapter.read(TreeTypeAdapter.java:76) ~[gson-2.10.jar:?]
	at com.google.gson.Gson.fromJson(Gson.java:1214) ~[gson-2.10.jar:?]
	at com.google.gson.Gson.fromJson(Gson.java:1319) ~[gson-2.10.jar:?]
	at com.google.gson.Gson.fromJson(Gson.java:1261) ~[gson-2.10.jar:?]
	at net.minecraft.loot.LootDataType.method_51205(LootDataType.java:64) ~[minecraft-common-project-root-1.20.1-net.fabricmc.yarn.1_20_1.1.20.1+build.10-v2.jar:?]
	at net.minecraft.loot.LootDataType.parse(LootDataType.java:48) ~[minecraft-common-project-root-1.20.1-net.fabricmc.yarn.1_20_1.1.20.1+build.10-v2.jar:?]
	at net.minecraft.loot.LootManager.method_51195(LootManager.java:55) ~[minecraft-common-project-root-1.20.1-net.fabricmc.yarn.1_20_1.1.20.1+build.10-v2.jar:?]
	at java.util.HashMap.forEach(HashMap.java:1421) ~[?:?]
	at net.minecraft.loot.LootManager.method_51189(LootManager.java:55) ~[minecraft-common-project-root-1.20.1-net.fabricmc.yarn.1_20_1.1.20.1+build.10-v2.jar:?]
	at java.util.concurrent.CompletableFuture$AsyncRun.run(CompletableFuture.java:1804) ~[?:?]
	at java.util.concurrent.CompletableFuture$AsyncRun.exec(CompletableFuture.java:1796) ~[?:?]
	at java.util.concurrent.ForkJoinTask.doExec(ForkJoinTask.java:373) ~[?:?]
	at java.util.concurrent.ForkJoinPool$WorkQueue.topLevelExec(ForkJoinPool.java:1182) ~[?:?]
	at java.util.concurrent.ForkJoinPool.scan(ForkJoinPool.java:1655) ~[?:?]
	at java.util.concurrent.ForkJoinPool.runWorker(ForkJoinPool.java:1622) ~[?:?]
	at java.util.concurrent.ForkJoinWorkerThread.run(ForkJoinWorkerThread.java:165) ~[?:?]
[18:57:05] [Render thread/INFO] (FabricLoader/Mixin) Mixing LootTableBuilderMixin from fabric-loot-api-v2.mixins.json into net.minecraft.loot.LootTable$Builder
[18:57:05] [Render thread/INFO] (FabricLoader/Mixin) Mixing ingredient.ShapelessRecipeMixin from fabric-recipe-api-v1.mixins.json into net.minecraft.recipe.ShapelessRecipe
[18:57:05] [Render thread/ERROR] (Minecraft) Parsing error loading recipe sequencermod:glowing_bricks
com.google.gson.JsonSyntaxException: Unknown item 'sequencermod:glowing_bricks'
	at net.minecraft.recipe.ShapedRecipe.method_17878(ShapedRecipe.java:272) ~[minecraft-common-project-root-1.20.1-net.fabricmc.yarn.1_20_1.1.20.1+build.10-v2.jar:?]
	at java.util.Optional.orElseThrow(Optional.java:403) ~[?:?]
	at net.minecraft.recipe.ShapedRecipe.getItem(ShapedRecipe.java:272) ~[minecraft-common-project-root-1.20.1-net.fabricmc.yarn.1_20_1.1.20.1+build.10-v2.jar:?]
	at net.minecraft.recipe.ShapedRecipe.outputFromJson(ShapedRecipe.java:259) ~[minecraft-common-project-root-1.20.1-net.fabricmc.yarn.1_20_1.1.20.1+build.10-v2.jar:?]
	at net.minecraft.recipe.ShapedRecipe$Serializer.read(ShapedRecipe.java:293) ~[minecraft-common-project-root-1.20.1-net.fabricmc.yarn.1_20_1.1.20.1+build.10-v2.jar:?]
	at net.minecraft.recipe.ShapedRecipe$Serializer.read(ShapedRecipe.java:279) ~[minecraft-common-project-root-1.20.1-net.fabricmc.yarn.1_20_1.1.20.1+build.10-v2.jar:?]
	at net.minecraft.recipe.RecipeManager.deserialize(RecipeManager.java:135) ~[minecraft-common-project-root-1.20.1-net.fabricmc.yarn.1_20_1.1.20.1+build.10-v2.jar:?]
	at net.minecraft.recipe.RecipeManager.apply(RecipeManager.java:56) ~[minecraft-common-project-root-1.20.1-net.fabricmc.yarn.1_20_1.1.20.1+build.10-v2.jar:?]
	at net.minecraft.recipe.RecipeManager.apply(RecipeManager.java:35) ~[minecraft-common-project-root-1.20.1-net.fabricmc.yarn.1_20_1.1.20.1+build.10-v2.jar:?]
	at net.minecraft.resource.SinglePreparationResourceReloader.method_18790(SinglePreparationResourceReloader.java:13) ~[minecraft-common-project-root-1.20.1-net.fabricmc.yarn.1_20_1.1.20.1+build.10-v2.jar:?]
	at java.util.concurrent.CompletableFuture$UniAccept.tryFire(CompletableFuture.java:718) ~[?:?]
	at java.util.concurrent.CompletableFuture$Completion.run(CompletableFuture.java:482) ~[?:?]
	at net.minecraft.resource.SimpleResourceReload.method_18365(SimpleResourceReload.java:69) ~[minecraft-common-project-root-1.20.1-net.fabricmc.yarn.1_20_1.1.20.1+build.10-v2.jar:?]
	at net.minecraft.util.thread.ThreadExecutor.executeTask(ThreadExecutor.java:156) ~[minecraft-common-project-root-1.20.1-net.fabricmc.yarn.1_20_1.1.20.1+build.10-v2.jar:?]
	at net.minecraft.util.thread.ReentrantThreadExecutor.executeTask(ReentrantThreadExecutor.java:23) ~[minecraft-common-project-root-1.20.1-net.fabricmc.yarn.1_20_1.1.20.1+build.10-v2.jar:?]
	at net.minecraft.util.thread.ThreadExecutor.runTask(ThreadExecutor.java:130) ~[minecraft-common-project-root-1.20.1-net.fabricmc.yarn.1_20_1.1.20.1+build.10-v2.jar:?]
	at net.minecraft.util.thread.ThreadExecutor.runTasks(ThreadExecutor.java:139) ~[minecraft-common-project-root-1.20.1-net.fabricmc.yarn.1_20_1.1.20.1+build.10-v2.jar:?]
	at net.minecraft.client.gui.screen.world.CreateWorldScreen.create(CreateWorldScreen.java:352) ~[minecraft-clientonly-project-root-1.20.1-net.fabricmc.yarn.1_20_1.1.20.1+build.10-v2.jar:?]
	at net.minecraft.client.gui.screen.world.SelectWorldScreen.method_19944(SelectWorldScreen.java:60) ~[minecraft-clientonly-project-root-1.20.1-net.fabricmc.yarn.1_20_1.1.20.1+build.10-v2.jar:?]
	at net.minecraft.client.gui.widget.ButtonWidget.onPress(ButtonWidget.java:94) ~[minecraft-clientonly-project-root-1.20.1-net.fabricmc.yarn.1_20_1.1.20.1+build.10-v2.jar:?]
	at net.minecraft.client.gui.widget.PressableWidget.onClick(PressableWidget.java:56) ~[minecraft-clientonly-project-root-1.20.1-net.fabricmc.yarn.1_20_1.1.20.1+build.10-v2.jar:?]
	at net.minecraft.client.gui.widget.ClickableWidget.mouseClicked(ClickableWidget.java:189) ~[minecraft-clientonly-project-root-1.20.1-net.fabricmc.yarn.1_20_1.1.20.1+build.10-v2.jar:?]
	at net.minecraft.client.gui.ParentElement.mouseClicked(ParentElement.java:38) ~[minecraft-clientonly-project-root-1.20.1-net.fabricmc.yarn.1_20_1.1.20.1+build.10-v2.jar:?]
	at net.minecraft.client.Mouse.method_1611(Mouse.java:98) ~[minecraft-clientonly-project-root-1.20.1-net.fabricmc.yarn.1_20_1.1.20.1+build.10-v2.jar:?]
	at net.minecraft.client.gui.screen.Screen.wrapScreenError(Screen.java:409) ~[minecraft-clientonly-project-root-1.20.1-net.fabricmc.yarn.1_20_1.1.20.1+build.10-v2.jar:?]
	at net.minecraft.client.Mouse.onMouseButton(Mouse.java:98) ~[minecraft-clientonly-project-root-1.20.1-net.fabricmc.yarn.1_20_1.1.20.1+build.10-v2.jar:?]
	at net.minecraft.client.Mouse.method_22686(Mouse.java:169) ~[minecraft-clientonly-project-root-1.20.1-net.fabricmc.yarn.1_20_1.1.20.1+build.10-v2.jar:?]
	at net.minecraft.util.thread.ThreadExecutor.execute(ThreadExecutor.java:102) ~[minecraft-common-project-root-1.20.1-net.fabricmc.yarn.1_20_1.1.20.1+build.10-v2.jar:?]
	at net.minecraft.client.Mouse.method_22684(Mouse.java:169) ~[minecraft-clientonly-project-root-1.20.1-net.fabricmc.yarn.1_20_1.1.20.1+build.10-v2.jar:?]
	at org.lwjgl.glfw.GLFWMouseButtonCallbackI.callback(GLFWMouseButtonCallbackI.java:43) ~[lwjgl-glfw-3.3.1.jar:build 7]
	at org.lwjgl.system.JNI.invokeV(Native Method) ~[lwjgl-3.3.1.jar:build 7]
	at org.lwjgl.glfw.GLFW.glfwPollEvents(GLFW.java:3403) ~[lwjgl-glfw-3.3.1.jar:build 7]
	at com.mojang.blaze3d.systems.RenderSystem.pollEvents(RenderSystem.java:201) ~[minecraft-clientonly-project-root-1.20.1-net.fabricmc.yarn.1_20_1.1.20.1+build.10-v2.jar:?]
	at com.mojang.blaze3d.systems.RenderSystem.flipFrame(RenderSystem.java:212) ~[minecraft-clientonly-project-root-1.20.1-net.fabricmc.yarn.1_20_1.1.20.1+build.10-v2.jar:?]
	at net.minecraft.client.util.Window.swapBuffers(Window.java:288) ~[minecraft-clientonly-project-root-1.20.1-net.fabricmc.yarn.1_20_1.1.20.1+build.10-v2.jar:?]
	at net.minecraft.client.MinecraftClient.render(MinecraftClient.java:1241) ~[minecraft-clientonly-project-root-1.20.1-net.fabricmc.yarn.1_20_1.1.20.1+build.10-v2.jar:?]
	at net.minecraft.client.MinecraftClient.run(MinecraftClient.java:802) ~[minecraft-clientonly-project-root-1.20.1-net.fabricmc.yarn.1_20_1.1.20.1+build.10-v2.jar:?]
	at net.minecraft.client.main.Main.main(Main.java:250) ~[minecraft-clientonly-project-root-1.20.1-net.fabricmc.yarn.1_20_1.1.20.1+build.10-v2.jar:?]
	at net.fabricmc.loader.impl.game.minecraft.MinecraftGameProvider.launch(MinecraftGameProvider.java:468) ~[fabric-loader-0.14.22.jar:?]
	at net.fabricmc.loader.impl.launch.knot.Knot.launch(Knot.java:74) ~[fabric-loader-0.14.22.jar:?]
	at net.fabricmc.loader.impl.launch.knot.KnotClient.main(KnotClient.java:23) ~[fabric-loader-0.14.22.jar:?]
	at net.fabricmc.devlaunchinjector.Main.main(Main.java:86) ~[dev-launch-injector-0.2.1+build.8.jar:?]
[18:57:05] [Render thread/INFO] (Minecraft) Loaded 7 recipes
[18:57:05] [Render thread/INFO] (FabricLoader/Mixin) Mixing CriteriaAccessor from fabric-object-builder-v1.mixins.json into net.minecraft.advancement.criterion.Criteria
[18:57:05] [Render thread/INFO] (FabricLoader/Mixin) Renaming @Invoker method callRegister(Lnet/minecraft/advancement/criterion/Criterion;)Lnet/minecraft/advancement/criterion/Criterion; to callRegister$fabric-object-builder-api-v1_$md$143ffa$0 in fabric-object-builder-v1.mixins.json:CriteriaAccessor from mod fabric-object-builder-api-v1
[18:57:05] [Render thread/INFO] (Minecraft) Loaded 1271 advancements
[18:57:05] [Render thread/INFO] (Minecraft) [STDOUT]: [sequencermod] SequenceJsonLoader: found 3 resources in 'sequences' across namespaces
[18:57:05] [Render thread/INFO] (Minecraft) [STDOUT]: [sequencermod] loaded sequence: demo_basic from sequencermod:sequences/demo_basic.json
[18:57:05] [Render thread/INFO] (Minecraft) [STDOUT]: [sequencermod] loaded sequence: fangs from sequencermod:sequences/fangs.json
[18:57:05] [Render thread/INFO] (Minecraft) [STDOUT]: [sequencermod] loaded sequence: zombie_then_spider from sequencermod:sequences/zombie_then_spider.json
[18:57:05] [Render thread/INFO] (Minecraft) [STDOUT]: [sequencermod] Loaded sequences: [demo_basic, zombie_then_spider, fangs]
[18:57:06] [Render thread/INFO] (FabricLoader/Mixin) Mixing EditGameRulesScreenAccessor from fabric-game-rule-api-v1.client.mixins.json into net.minecraft.client.gui.screen.world.EditGameRulesScreen
[18:57:06] [Render thread/WARN] (FabricLoader/Mixin) fabric-game-rule-api-v1.client.mixins.json:EditGameRulesScreenAccessor from mod fabric-game-rule-api-v1: Class version 61 required is higher than the class version supported by the current version of Mixin (JAVA_16 supports class version 60)
[18:57:06] [Render thread/INFO] (FabricLoader/Mixin) Mixing TooltipComponentMixin from fabric-rendering-v1.mixins.json into net.minecraft.client.gui.tooltip.TooltipComponent
[18:57:08] [Render thread/INFO] (FabricLoader/Mixin) Mixing LevelStorageSessionMixin from fabric-registry-sync-v0.mixins.json into net.minecraft.world.level.storage.LevelStorage$Session
[18:57:08] [Render thread/INFO] (FabricLoader/Mixin) Mixing PlayerManagerMixin from fabric-message-api-v1.mixins.json into net.minecraft.server.PlayerManager
[18:57:08] [Render thread/INFO] (FabricLoader/Mixin) Mixing PlayerManagerMixin from fabric-networking-api-v1.mixins.json into net.minecraft.server.PlayerManager
[18:57:08] [Render thread/INFO] (FabricLoader/Mixin) Mixing PlayerManagerMixin from fabric-entity-events-v1.mixins.json into net.minecraft.server.PlayerManager
[18:57:08] [Render thread/INFO] (FabricLoader/Mixin) Mixing PlayerManagerMixin from fabric-lifecycle-events-v1.mixins.json into net.minecraft.server.PlayerManager
[18:57:08] [Render thread/INFO] (BiomeModificationImpl) Applied 0 biome modifications to 0 of 64 new biomes in 2.246 ms
[18:57:08] [Render thread/INFO] (FabricLoader/Mixin) Mixing SerializableRegistriesMixin from fabric-registry-sync-v0.mixins.json into net.minecraft.registry.SerializableRegistries
[18:57:08] [Render thread/INFO] (FabricLoader/Mixin) Renaming synthetic method lambda$filterNonSyncedEntries$0(Lnet/minecraft/registry/DynamicRegistryManager$Entry;)Z to md143ffa$fabric-registry-sync-v0$lambda$filterNonSyncedEntries$0$0 in fabric-registry-sync-v0.mixins.json:SerializableRegistriesMixin from mod fabric-registry-sync-v0
[18:57:08] [Server thread/INFO] (Minecraft) Starting integrated minecraft server version 1.20.1
[18:57:08] [Server thread/INFO] (Minecraft) Generating keypair
[18:57:08] [Server thread/INFO] (FabricLoader/Mixin) Mixing ServerWorldServerEntityHandlerMixin from fabric-lifecycle-events-v1.mixins.json into net.minecraft.server.world.ServerWorld$ServerEntityHandler
[18:57:08] [Server thread/INFO] (FabricLoader/Mixin) Mixing accessor.ThreadedAnvilChunkStorageAccessor from fabric-networking-api-v1.mixins.json into net.minecraft.server.world.ThreadedAnvilChunkStorage
[18:57:08] [Server thread/INFO] (FabricLoader/Mixin) Mixing ThreadedAnvilChunkStorageMixin from fabric-lifecycle-events-v1.mixins.json into net.minecraft.server.world.ThreadedAnvilChunkStorage
[18:57:08] [Server thread/INFO] (FabricLoader/Mixin) Mixing NoiseConfigMixin from fabric-biome-api-v1.mixins.json into net.minecraft.world.gen.noise.NoiseConfig
[18:57:08] [Server thread/INFO] (FabricLoader/Mixin) Mixing MultiNoiseUtilMultiNoiseSamplerMixin from fabric-biome-api-v1.mixins.json into net.minecraft.world.biome.source.util.MultiNoiseUtil$MultiNoiseSampler
[18:57:10] [Worker-Main-4/INFO] (FabricLoader/Mixin) Mixing ChunkNoiseSamplerMixin from fabric-biome-api-v1.mixins.json into net.minecraft.world.gen.chunk.ChunkNoiseSampler
[18:57:12] [Worker-Main-7/INFO] (FabricLoader/Mixin) Mixing LandPathNodeMakerMixin from fabric-content-registries-v0.mixins.json into net.minecraft.entity.ai.pathing.LandPathNodeMaker
[18:57:13] [Server thread/INFO] (Minecraft) Preparing start region for dimension minecraft:overworld
[18:57:13] [Render thread/INFO] (Minecraft) Preparing spawn area: 0%
[18:57:13] [Render thread/INFO] (Minecraft) Preparing spawn area: 0%
[18:57:14] [Render thread/INFO] (Minecraft) Preparing spawn area: 0%
[18:57:14] [Render thread/INFO] (Minecraft) Preparing spawn area: 0%
[18:57:15] [Render thread/INFO] (Minecraft) Preparing spawn area: 0%
[18:57:15] [Render thread/INFO] (Minecraft) Preparing spawn area: 1%
[18:57:16] [Render thread/INFO] (Minecraft) Preparing spawn area: 3%
[18:57:16] [Server thread/INFO] (FabricLoader/Mixin) Mixing accessor.EntityTrackerAccessor from fabric-networking-api-v1.mixins.json into net.minecraft.server.world.ThreadedAnvilChunkStorage$EntityTracker
[18:57:16] [Server thread/INFO] (FabricLoader/Mixin) Mixing EntityTrackerEntryMixin from fabric-networking-api-v1.mixins.json into net.minecraft.server.network.EntityTrackerEntry
[18:57:16] [Render thread/INFO] (Minecraft) Preparing spawn area: 5%
[18:57:17] [Render thread/INFO] (Minecraft) Preparing spawn area: 6%
[18:57:17] [Render thread/INFO] (Minecraft) Preparing spawn area: 9%
[18:57:18] [Render thread/INFO] (Minecraft) Preparing spawn area: 11%
[18:57:18] [Render thread/INFO] (Minecraft) Preparing spawn area: 14%
[18:57:19] [Render thread/INFO] (Minecraft) Preparing spawn area: 16%
[18:57:19] [Render thread/INFO] (Minecraft) Preparing spawn area: 18%
[18:57:20] [Render thread/INFO] (Minecraft) Preparing spawn area: 21%
[18:57:20] [Render thread/INFO] (Minecraft) Preparing spawn area: 24%
[18:57:21] [Render thread/INFO] (Minecraft) Preparing spawn area: 27%
[18:57:21] [Render thread/INFO] (Minecraft) Preparing spawn area: 30%
[18:57:22] [Render thread/INFO] (Minecraft) Preparing spawn area: 32%
[18:57:22] [Render thread/INFO] (Minecraft) Preparing spawn area: 36%
[18:57:23] [Render thread/INFO] (Minecraft) Preparing spawn area: 38%
[18:57:23] [Render thread/INFO] (Minecraft) Preparing spawn area: 42%
[18:57:24] [Render thread/INFO] (Minecraft) Preparing spawn area: 43%
[18:57:24] [Render thread/INFO] (Minecraft) Preparing spawn area: 43%
[18:57:25] [Render thread/INFO] (Minecraft) Preparing spawn area: 45%
[18:57:25] [Render thread/INFO] (Minecraft) Preparing spawn area: 48%
[18:57:26] [Render thread/INFO] (Minecraft) Preparing spawn area: 49%
[18:57:26] [Render thread/INFO] (Minecraft) Preparing spawn area: 53%
[18:57:27] [Render thread/INFO] (Minecraft) Preparing spawn area: 56%
[18:57:27] [Render thread/INFO] (Minecraft) Preparing spawn area: 59%
[18:57:28] [Render thread/INFO] (Minecraft) Preparing spawn area: 63%
[18:57:28] [Render thread/INFO] (Minecraft) Preparing spawn area: 68%
[18:57:29] [Render thread/INFO] (Minecraft) Preparing spawn area: 70%
[18:57:29] [Render thread/INFO] (Minecraft) Preparing spawn area: 74%
[18:57:30] [Render thread/INFO] (Minecraft) Preparing spawn area: 77%
[18:57:30] [Render thread/INFO] (Minecraft) Preparing spawn area: 81%
[18:57:31] [Render thread/INFO] (Minecraft) Preparing spawn area: 84%
[18:57:31] [Render thread/INFO] (Minecraft) Preparing spawn area: 87%
[18:57:32] [Render thread/INFO] (Minecraft) Preparing spawn area: 91%
[18:57:32] [Render thread/INFO] (Minecraft) Preparing spawn area: 94%
[18:57:33] [Render thread/INFO] (Minecraft) Preparing spawn area: 99%
[18:57:33] [Render thread/INFO] (Minecraft) Time elapsed: 20025 ms
[18:57:33] [Server thread/INFO] (Minecraft) Changing view distance to 12, from 10
[18:57:33] [Server thread/INFO] (Minecraft) Changing simulation distance to 12, from 0
[18:57:34] [Netty Local Client IO #0/INFO] (FabricLoader/Mixin) Mixing accessor.CustomPayloadC2SPacketAccessor from fabric-networking-api-v1.mixins.json into net.minecraft.network.packet.c2s.play.CustomPayloadC2SPacket
[18:57:34] [Netty Local Client IO #0/INFO] (FabricLoader/Mixin) Mixing accessor.LoginQueryResponseC2SPacketAccessor from fabric-networking-api-v1.mixins.json into net.minecraft.network.packet.c2s.login.LoginQueryResponseC2SPacket
[18:57:34] [Server thread/INFO] (FabricLoader/Mixin) Mixing PlayerAdvancementTrackerMixin from fabric-events-interaction-v0.mixins.json into net.minecraft.advancement.PlayerAdvancementTracker
[18:57:34] [Netty Local Client IO #0/INFO] (FabricLoader/Mixin) Mixing ClientCommandSourceMixin from fabric-command-api-v2.client.mixins.json into net.minecraft.client.network.ClientCommandSource
[18:57:34] [Server thread/INFO] (Minecraft) Player160[local:E:8acf28ba] logged in with entity id 222 at (-0.5, 66.0, 28.5)
[18:57:34] [Render thread/INFO] (FabricLoader/Mixin) Mixing ClientPlayerInteractionManagerMixin from fabric-item-api-v1.client.mixins.json into net.minecraft.client.network.ClientPlayerInteractionManager
[18:57:34] [Render thread/INFO] (FabricLoader/Mixin) Mixing ClientPlayerInteractionManagerMixin from fabric-events-interaction-v0.client.mixins.json into net.minecraft.client.network.ClientPlayerInteractionManager
[18:57:34] [Render thread/INFO] (FabricLoader/Mixin) Renaming synthetic method lambda$interactItem$2(Lnet/minecraft/util/Hand;I)Lnet/minecraft/network/packet/Packet; to md143ffa$fabric-events-interaction-v0$lambda$interactItem$2$0 in fabric-events-interaction-v0.client.mixins.json:ClientPlayerInteractionManagerMixin from mod fabric-events-interaction-v0
[18:57:34] [Render thread/INFO] (FabricLoader/Mixin) Renaming synthetic method lambda$interactBlock$1(Lnet/minecraft/util/Hand;Lnet/minecraft/util/hit/BlockHitResult;I)Lnet/minecraft/network/packet/Packet; to md143ffa$fabric-events-interaction-v0$lambda$interactBlock$1$1 in fabric-events-interaction-v0.client.mixins.json:ClientPlayerInteractionManagerMixin from mod fabric-events-interaction-v0
[18:57:34] [Render thread/INFO] (FabricLoader/Mixin) Renaming synthetic method lambda$fabric_fireAttackBlockCallback$0(Lnet/minecraft/util/math/BlockPos;Lnet/minecraft/util/math/Direction;I)Lnet/minecraft/network/packet/Packet; to md143ffa$fabric-events-interaction-v0$lambda$fabric_fireAttackBlockCallback$0$2 in fabric-events-interaction-v0.client.mixins.json:ClientPlayerInteractionManagerMixin from mod fabric-events-interaction-v0
[18:57:34] [Render thread/INFO] (FabricLoader/Mixin) Mixing ClientChunkManagerMixin from fabric-lifecycle-events-v1.client.mixins.json into net.minecraft.client.world.ClientChunkManager
[18:57:34] [Render thread/INFO] (FabricLoader/Mixin) Mixing ClientWorldClientEntityHandlerMixin from fabric-lifecycle-events-v1.client.mixins.json into net.minecraft.client.world.ClientWorld$ClientEntityHandler
[18:57:34] [Render thread/INFO] (FabricLoader/Mixin) Mixing DimensionEffectsAccessor from fabric-rendering-v1.mixins.json into net.minecraft.client.render.DimensionEffects
[18:57:34] [Render thread/INFO] (FabricLoader/Mixin) Renaming @Accessor method getIdentifierMap()Lit/unimi/dsi/fastutil/objects/Object2ObjectMap; to getIdentifierMap$fabric-rendering-v1_$md$143ffa$0 in fabric-rendering-v1.mixins.json:DimensionEffectsAccessor from mod fabric-rendering-v1
[18:57:34] [Render thread/INFO] (FabricLoader/Mixin) Mixing RenderLayersMixin from fabric-blockrenderlayer-v1.mixins.json into net.minecraft.client.render.RenderLayers
[18:57:34] [Render thread/WARN] (FabricLoader/Mixin) fabric-blockrenderlayer-v1.mixins.json:RenderLayersMixin from mod fabric-blockrenderlayer-v1: Class version 61 required is higher than the class version supported by the current version of Mixin (JAVA_16 supports class version 60)
[18:57:34] [Server thread/INFO] (Minecraft) Player160 joined the game
[18:57:34] [Render thread/INFO] (FabricLoader/Mixin) Mixing ChunkBuilderBuiltChunkRebuildTaskMixin from fabric-renderer-indigo.mixins.json into net.minecraft.client.render.chunk.ChunkBuilder$BuiltChunk$RebuildTask
[18:57:34] [Render thread/INFO] (FabricLoader/Mixin) Mixing HangingSignEditScreenMixin from fabric-object-builder-v1.client.mixins.json into net.minecraft.client.gui.screen.ingame.HangingSignEditScreen
[18:57:35] [Render thread/INFO] (Minecraft) Loaded 2 advancements
[18:57:35] [Render thread/INFO] (FabricLoader/Mixin) Mixing ChunkRendererRegionBuilderMixin from fabric-rendering-data-attachment-v1.client.mixins.json into net.minecraft.client.render.chunk.ChunkRendererRegionBuilder
[18:57:35] [Render thread/WARN] (FabricLoader/Mixin) fabric-rendering-data-attachment-v1.client.mixins.json:ChunkRendererRegionBuilderMixin from mod fabric-rendering-data-attachment-v1: Class version 61 required is higher than the class version supported by the current version of Mixin (JAVA_16 supports class version 60)
[18:57:35] [Render thread/INFO] (FabricLoader/Mixin) Mixing ChunkRendererRegionMixin from fabric-rendering-data-attachment-v1.client.mixins.json into net.minecraft.client.render.chunk.ChunkRendererRegion
[18:57:35] [Render thread/INFO] (FabricLoader/Mixin) Mixing ChunkRendererRegionMixin from fabric-renderer-indigo.mixins.json into net.minecraft.client.render.chunk.ChunkRendererRegion
[18:57:38] [Render thread/INFO] (FabricLoader/Mixin) Mixing ModelPredicateProviderRegistryAccessor from fabric-object-builder-v1.client.mixins.json into net.minecraft.client.item.ModelPredicateProviderRegistry
[18:57:38] [Render thread/INFO] (FabricLoader/Mixin) Renaming @Invoker method callRegister(Lnet/minecraft/util/Identifier;Lnet/minecraft/client/item/ClampedModelPredicateProvider;)Lnet/minecraft/client/item/ClampedModelPredicateProvider; to callRegister$fabric-object-builder-api-v1_$md$143ffa$0 in fabric-object-builder-v1.client.mixins.json:ModelPredicateProviderRegistryAccessor from mod fabric-object-builder-api-v1
[18:57:38] [Render thread/INFO] (FabricLoader/Mixin) Mixing ModelPredicateProviderRegistrySpecificAccessor from fabric-object-builder-v1.client.mixins.json into net.minecraft.client.item.ModelPredicateProviderRegistry
[18:57:38] [Render thread/INFO] (FabricLoader/Mixin) Renaming @Invoker method callRegister(Lnet/minecraft/item/Item;Lnet/minecraft/util/Identifier;Lnet/minecraft/client/item/ClampedModelPredicateProvider;)V to callRegister$fabric-object-builder-api-v1_$md$143ffa$1 in fabric-object-builder-v1.client.mixins.json:ModelPredicateProviderRegistrySpecificAccessor from mod fabric-object-builder-api-v1
[18:57:38] [Server thread/INFO] (FabricLoader/Mixin) Mixing ChunkSerializerMixin from fabric-registry-sync-v0.mixins.json into net.minecraft.world.ChunkSerializer
[18:57:42] [Render thread/INFO] (Minecraft) [STDOUT]: [AEC][PROBE] OPEN screen: creating SequencerMainScreen seq.sequencermod.client.ui.SequencerMainScreen
[18:57:42] [Render thread/INFO] (Minecraft) [STDOUT]: [SequencerPreview] Unban cloud/fangs caches done
[18:57:42] [Render thread/INFO] (Minecraft) [STDOUT]: [AEC][PROBE] ---- frame 1 ----
[18:57:42] [Render thread/INFO] (Minecraft) [STDOUT]: [AEC][PROBE] RENDER screen: class=seq.sequencermod.client.ui.SequencerMainScreen tab=MORPHS
[18:57:42] [Render thread/INFO] (Minecraft) [STDOUT]: [AEC][PROBE] frame 1 (BUILD BUILD A) — seq.sequencermod.client.ui.SequencerMainScreen
[18:57:42] [Render thread/INFO] (Minecraft) [STDOUT]: [AEC][PROBE] Screen.render tab=MORPHS
[18:57:42] [Render thread/INFO] (Minecraft) [STDOUT]: [AEC][PROBE] Render: selectedType=null
[18:57:42] [Render thread/INFO] (Minecraft) [STDOUT]: [AEC][PROBE] PreviewRect: rect x=0 y=0 w=0 h=0
[18:57:42] [Render thread/INFO] (Minecraft) [STDOUT]: [AEC][PROBE] getOrCreatePreviewAny: start
[18:57:42] [Render thread/INFO] (Minecraft) [STDOUT]: [AEC][PROBE] getOrCreatePreviewAny: world=true type=false
[18:57:42] [Render thread/INFO] (Minecraft) [STDOUT]: [SequencerPreview] getOrCreatePreviewAny: world or type is null
[18:57:42] [Render thread/INFO] (Minecraft) [STDOUT]: [AEC][PROBE] Morph selected via setSelected: minecraft:allay
[18:57:42] [Render thread/INFO] (Minecraft) [STDOUT]: [AEC][PROBE] ---- frame 2 ----
[18:57:42] [Render thread/INFO] (Minecraft) [STDOUT]: [AEC][PROBE] Screen.render tab=MORPHS
[18:57:42] [Render thread/INFO] (Minecraft) [STDOUT]: [AEC][PROBE] Render: selectedType=minecraft:allay
[18:57:42] [Render thread/INFO] (Minecraft) [STDOUT]: [AEC][PROBE] PreviewRect: rect x=216 y=120 w=256 h=118
[18:57:42] [Render thread/INFO] (FabricLoader/Mixin) Mixing CreativeInventoryScreenMixin from fabric-item-group-api-v1.client.mixins.json into net.minecraft.client.gui.screen.ingame.CreativeInventoryScreen
[18:57:42] [Render thread/INFO] (FabricLoader/Mixin) Renaming synthetic method lambda$fabric_hasGroupForPage$1(ILnet/minecraft/item/ItemGroup;)Z to md143ffa$fabric-item-group-api-v1$lambda$fabric_hasGroupForPage$1$0 in fabric-item-group-api-v1.client.mixins.json:CreativeInventoryScreenMixin from mod fabric-item-group-api-v1
[18:57:42] [Render thread/INFO] (FabricLoader/Mixin) Renaming synthetic method lambda$fabric_updateSelection$0(Lnet/minecraft/item/ItemGroup;Lnet/minecraft/item/ItemGroup;)I to md143ffa$fabric-item-group-api-v1$lambda$fabric_updateSelection$0$1 in fabric-item-group-api-v1.client.mixins.json:CreativeInventoryScreenMixin from mod fabric-item-group-api-v1
[18:57:42] [Render thread/INFO] (Minecraft) [STDOUT]: [SequencerPreview] Icon create: AREA_EFFECT_CLOUD
[18:57:42] [Render thread/INFO] (Minecraft) [STDOUT]: [SequencerPreview] drawEntityAny: start, type=minecraft:area_effect_cloud
[18:57:42] [Render thread/INFO] (Minecraft) [STDOUT]: [AEC][PROBE] ICON AEC: enter size=24
[18:57:42] [Render thread/INFO] (Minecraft) [STDOUT]: [AEC][PROBE] MAEC 2D: enter x=7 y=54 w=24 h=24
[18:57:42] [Render thread/INFO] (Minecraft) [STDOUT]: [AEC][PROBE] MAEC 2D: style: style name='Potion cloud' sprites=false baseDisk=true softPuffs=true grid=8 density=1,15 alpha=0,90 wobble=0,050 puffMul=1,00 tint=0xFF000000
[18:57:42] [Render thread/INFO] (Minecraft) [STDOUT]: [AEC][PROBE] MAEC frames: load
[18:57:42] [Render thread/INFO] (Minecraft) [STDOUT]: [SequencerPreview] drawEntityAny: start, type=minecraft:arrow
[18:57:42] [Render thread/INFO] (Minecraft) [STDOUT]: [SequencerPreview] drawEntityAny: det=-729.0
[18:57:42] [Render thread/INFO] (Minecraft) [STDOUT]: [SequencerPreview] drawEntityAny: start, type=minecraft:block_display
[18:57:42] [Render thread/INFO] (Minecraft) [STDOUT]: [SequencerPreview] drawEntityAny: det=-729.0
[18:57:42] [Render thread/INFO] (Minecraft) [STDOUT]: [SequencerPreview] drawEntityAny: start, type=minecraft:boat
[18:57:42] [Render thread/INFO] (Minecraft) [STDOUT]: [SequencerPreview] drawEntityAny: det=-729.0
[18:57:42] [Render thread/INFO] (Minecraft) [STDOUT]: [AEC][PROBE] getOrCreatePreviewAny: start
[18:57:42] [Render thread/INFO] (Minecraft) [STDOUT]: [AEC][PROBE] getOrCreatePreviewAny: world=true type=true
[18:57:42] [Render thread/INFO] (Minecraft) [STDOUT]: [SequencerPreview] getOrCreatePreviewAny: try type=minecraft:allay
[18:57:42] [Render thread/INFO] (Minecraft) [STDOUT]: [SequencerPreview] Preview created generic OK for minecraft:allay
[18:57:42] [Render thread/INFO] (Minecraft) [STDOUT]: [AEC][PROBE] PREVIEW draw begin: type=minecraft:allay rect=216,120 256x118
[18:57:42] [Render thread/INFO] (Minecraft) [STDOUT]: [AEC][PROBE] PREVIEW draw end
[18:57:42] [Render thread/INFO] (Minecraft) [STDOUT]: [AEC][PROBE] ---- frame 3 ----
[18:57:42] [Render thread/INFO] (Minecraft) [STDOUT]: [AEC][PROBE] Screen.render tab=MORPHS
[18:57:42] [Render thread/INFO] (Minecraft) [STDOUT]: [AEC][PROBE] Render: selectedType=minecraft:allay
[18:57:42] [Render thread/INFO] (Minecraft) [STDOUT]: [AEC][PROBE] PreviewRect: rect x=216 y=120 w=256 h=118
[18:57:42] [Render thread/INFO] (Minecraft) [STDOUT]: [SequencerPreview] Icon create: AREA_EFFECT_CLOUD
[18:57:42] [Render thread/INFO] (Minecraft) [STDOUT]: [SequencerPreview] drawEntityAny: start, type=minecraft:area_effect_cloud
[18:57:42] [Render thread/INFO] (Minecraft) [STDOUT]: [AEC][PROBE] ICON AEC: enter size=24
[18:57:42] [Render thread/INFO] (Minecraft) [STDOUT]: [AEC][PROBE] MAEC 2D: enter x=7 y=54 w=24 h=24
[18:57:42] [Render thread/INFO] (Minecraft) [STDOUT]: [AEC][PROBE] MAEC 2D: style: style name='Potion cloud' sprites=false baseDisk=true softPuffs=true grid=8 density=1,15 alpha=0,90 wobble=0,050 puffMul=1,00 tint=0xFF000000
[18:57:42] [Render thread/INFO] (Minecraft) [STDOUT]: [AEC][PROBE] MAEC frames: load
[18:57:42] [Render thread/INFO] (Minecraft) [STDOUT]: [SequencerPreview] drawEntityAny: start, type=minecraft:arrow
[18:57:42] [Render thread/INFO] (Minecraft) [STDOUT]: [SequencerPreview] drawEntityAny: det=-729.0
[18:57:42] [Render thread/INFO] (Minecraft) [STDOUT]: [SequencerPreview] drawEntityAny: start, type=minecraft:block_display
[18:57:42] [Render thread/INFO] (Minecraft) [STDOUT]: [SequencerPreview] drawEntityAny: det=-729.0
[18:57:42] [Render thread/INFO] (Minecraft) [STDOUT]: [SequencerPreview] drawEntityAny: start, type=minecraft:boat
[18:57:42] [Render thread/INFO] (Minecraft) [STDOUT]: [SequencerPreview] drawEntityAny: det=-729.0
[18:57:42] [Render thread/INFO] (Minecraft) [STDOUT]: [AEC][PROBE] getOrCreatePreviewAny: start
[18:57:42] [Render thread/INFO] (Minecraft) [STDOUT]: [AEC][PROBE] getOrCreatePreviewAny: world=true type=true
[18:57:42] [Render thread/INFO] (Minecraft) [STDOUT]: [SequencerPreview] getOrCreatePreviewAny: try type=minecraft:allay
[18:57:42] [Render thread/INFO] (Minecraft) [STDOUT]: [SequencerPreview] getOrCreatePreviewAny: reuse existing instance for minecraft:allay
[18:57:42] [Render thread/INFO] (Minecraft) [STDOUT]: [AEC][PROBE] PREVIEW draw begin: type=minecraft:allay rect=216,120 256x118
[18:57:42] [Render thread/INFO] (Minecraft) [STDOUT]: [AEC][PROBE] PREVIEW draw end
[18:57:43] [Render thread/INFO] (Minecraft) [STDOUT]: [AEC][PROBE] ---- frame 4 ----
[18:57:43] [Render thread/INFO] (Minecraft) [STDOUT]: [AEC][PROBE] Screen.render tab=MORPHS
[18:57:43] [Render thread/INFO] (Minecraft) [STDOUT]: [AEC][PROBE] Render: selectedType=minecraft:allay
[18:57:43] [Render thread/INFO] (Minecraft) [STDOUT]: [AEC][PROBE] PreviewRect: rect x=216 y=120 w=256 h=118
[18:57:43] [Render thread/INFO] (Minecraft) [STDOUT]: [SequencerPreview] Icon create: AREA_EFFECT_CLOUD
[18:57:43] [Render thread/INFO] (Minecraft) [STDOUT]: [SequencerPreview] drawEntityAny: start, type=minecraft:area_effect_cloud
[18:57:43] [Render thread/INFO] (Minecraft) [STDOUT]: [AEC][PROBE] ICON AEC: enter size=24
[18:57:43] [Render thread/INFO] (Minecraft) [STDOUT]: [AEC][PROBE] MAEC 2D: enter x=7 y=54 w=24 h=24
[18:57:43] [Render thread/INFO] (Minecraft) [STDOUT]: [AEC][PROBE] MAEC 2D: style: style name='Potion cloud' sprites=false baseDisk=true softPuffs=true grid=8 density=1,15 alpha=0,90 wobble=0,050 puffMul=1,00 tint=0xFF000000
[18:57:43] [Render thread/INFO] (Minecraft) [STDOUT]: [AEC][PROBE] MAEC frames: load
[18:57:43] [Render thread/INFO] (Minecraft) [STDOUT]: [SequencerPreview] drawEntityAny: start, type=minecraft:arrow
[18:57:43] [Render thread/INFO] (Minecraft) [STDOUT]: [SequencerPreview] drawEntityAny: det=-729.0
[18:57:43] [Render thread/INFO] (Minecraft) [STDOUT]: [SequencerPreview] drawEntityAny: start, type=minecraft:block_display
[18:57:43] [Render thread/INFO] (Minecraft) [STDOUT]: [SequencerPreview] drawEntityAny: det=-729.0
[18:57:43] [Render thread/INFO] (Minecraft) [STDOUT]: [SequencerPreview] drawEntityAny: start, type=minecraft:boat
[18:57:43] [Render thread/INFO] (Minecraft) [STDOUT]: [SequencerPreview] drawEntityAny: det=-729.0
[18:57:43] [Render thread/INFO] (Minecraft) [STDOUT]: [AEC][PROBE] getOrCreatePreviewAny: start
[18:57:43] [Render thread/INFO] (Minecraft) [STDOUT]: [AEC][PROBE] getOrCreatePreviewAny: world=true type=true
[18:57:43] [Render thread/INFO] (Minecraft) [STDOUT]: [SequencerPreview] getOrCreatePreviewAny: try type=minecraft:allay
[18:57:43] [Render thread/INFO] (Minecraft) [STDOUT]: [SequencerPreview] getOrCreatePreviewAny: reuse existing instance for minecraft:allay
[18:57:43] [Render thread/INFO] (Minecraft) [STDOUT]: [AEC][PROBE] PREVIEW draw begin: type=minecraft:allay rect=216,120 256x118
[18:57:43] [Render thread/INFO] (Minecraft) [STDOUT]: [AEC][PROBE] PREVIEW draw end
[18:57:43] [Render thread/INFO] (Minecraft) [STDOUT]: [AEC][PROBE] ---- frame 5 ----
[18:57:43] [Render thread/INFO] (Minecraft) [STDOUT]: [AEC][PROBE] Screen.render tab=MORPHS
[18:57:43] [Render thread/INFO] (Minecraft) [STDOUT]: [AEC][PROBE] Render: selectedType=minecraft:allay
[18:57:43] [Render thread/INFO] (Minecraft) [STDOUT]: [AEC][PROBE] PreviewRect: rect x=216 y=120 w=256 h=118
[18:57:43] [Render thread/INFO] (Minecraft) [STDOUT]: [SequencerPreview] Icon create: AREA_EFFECT_CLOUD
[18:57:43] [Render thread/INFO] (Minecraft) [STDOUT]: [SequencerPreview] drawEntityAny: start, type=minecraft:area_effect_cloud
[18:57:43] [Render thread/INFO] (Minecraft) [STDOUT]: [AEC][PROBE] ICON AEC: enter size=24
[18:57:43] [Render thread/INFO] (Minecraft) [STDOUT]: [AEC][PROBE] MAEC 2D: enter x=7 y=54 w=24 h=24
[18:57:43] [Render thread/INFO] (Minecraft) [STDOUT]: [AEC][PROBE] MAEC 2D: style: style name='Potion cloud' sprites=false baseDisk=true softPuffs=true grid=8 density=1,15 alpha=0,90 wobble=0,050 puffMul=1,00 tint=0xFF000000
[18:57:43] [Render thread/INFO] (Minecraft) [STDOUT]: [AEC][PROBE] MAEC frames: load
[18:57:43] [Render thread/INFO] (Minecraft) [STDOUT]: [SequencerPreview] drawEntityAny: start, type=minecraft:arrow
[18:57:43] [Render thread/INFO] (Minecraft) [STDOUT]: [SequencerPreview] drawEntityAny: det=-729.0
[18:57:43] [Render thread/INFO] (Minecraft) [STDOUT]: [SequencerPreview] drawEntityAny: start, type=minecraft:block_display
[18:57:43] [Render thread/INFO] (Minecraft) [STDOUT]: [SequencerPreview] drawEntityAny: det=-729.0
[18:57:43] [Render thread/INFO] (Minecraft) [STDOUT]: [SequencerPreview] drawEntityAny: start, type=minecraft:boat
[18:57:43] [Render thread/INFO] (Minecraft) [STDOUT]: [SequencerPreview] drawEntityAny: det=-729.0
[18:57:43] [Render thread/INFO] (Minecraft) [STDOUT]: [AEC][PROBE] getOrCreatePreviewAny: start
[18:57:43] [Render thread/INFO] (Minecraft) [STDOUT]: [AEC][PROBE] getOrCreatePreviewAny: world=true type=true
[18:57:43] [Render thread/INFO] (Minecraft) [STDOUT]: [SequencerPreview] getOrCreatePreviewAny: try type=minecraft:allay
[18:57:43] [Render thread/INFO] (Minecraft) [STDOUT]: [SequencerPreview] getOrCreatePreviewAny: reuse existing instance for minecraft:allay
[18:57:43] [Render thread/INFO] (Minecraft) [STDOUT]: [AEC][PROBE] PREVIEW draw begin: type=minecraft:allay rect=216,120 256x118
[18:57:43] [Render thread/INFO] (Minecraft) [STDOUT]: [AEC][PROBE] PREVIEW draw end
[18:57:43] [Render thread/INFO] (Minecraft) [STDOUT]: [AEC][PROBE] ---- frame 6 ----
[18:57:43] [Render thread/INFO] (Minecraft) [STDOUT]: [AEC][PROBE] Screen.render tab=MORPHS
[18:57:43] [Render thread/INFO] (Minecraft) [STDOUT]: [AEC][PROBE] Render: selectedType=minecraft:allay
[18:57:43] [Render thread/INFO] (Minecraft) [STDOUT]: [AEC][PROBE] PreviewRect: rect x=216 y=120 w=256 h=118
[18:57:43] [Render thread/INFO] (Minecraft) [STDOUT]: [SequencerPreview] Icon create: AREA_EFFECT_CLOUD
[18:57:43] [Render thread/INFO] (Minecraft) [STDOUT]: [SequencerPreview] drawEntityAny: start, type=minecraft:area_effect_cloud
[18:57:43] [Render thread/INFO] (Minecraft) [STDOUT]: [AEC][PROBE] ICON AEC: enter size=24
[18:57:43] [Render thread/INFO] (Minecraft) [STDOUT]: [AEC][PROBE] MAEC 2D: enter x=7 y=54 w=24 h=24
[18:57:43] [Render thread/INFO] (Minecraft) [STDOUT]: [AEC][PROBE] MAEC 2D: style: style name='Potion cloud' sprites=false baseDisk=true softPuffs=true grid=8 density=1,15 alpha=0,90 wobble=0,050 puffMul=1,00 tint=0xFF000000
[18:57:43] [Render thread/INFO] (Minecraft) [STDOUT]: [AEC][PROBE] MAEC frames: load
[18:57:43] [Render thread/INFO] (Minecraft) [STDOUT]: [SequencerPreview] drawEntityAny: start, type=minecraft:arrow
[18:57:43] [Render thread/INFO] (Minecraft) [STDOUT]: [SequencerPreview] drawEntityAny: det=-729.0
[18:57:43] [Render thread/INFO] (Minecraft) [STDOUT]: [SequencerPreview] drawEntityAny: start, type=minecraft:block_display
[18:57:43] [Render thread/INFO] (Minecraft) [STDOUT]: [SequencerPreview] drawEntityAny: det=-729.0
[18:57:43] [Render thread/INFO] (Minecraft) [STDOUT]: [SequencerPreview] drawEntityAny: start, type=minecraft:boat
[18:57:43] [Render thread/INFO] (Minecraft) [STDOUT]: [SequencerPreview] drawEntityAny: det=-729.0
[18:57:43] [Render thread/INFO] (Minecraft) [STDOUT]: [AEC][PROBE] getOrCreatePreviewAny: start
[18:57:43] [Render thread/INFO] (Minecraft) [STDOUT]: [AEC][PROBE] getOrCreatePreviewAny: world=true type=true
[18:57:43] [Render thread/INFO] (Minecraft) [STDOUT]: [SequencerPreview] getOrCreatePreviewAny: try type=minecraft:allay
[18:57:43] [Render thread/INFO] (Minecraft) [STDOUT]: [SequencerPreview] getOrCreatePreviewAny: reuse existing instance for minecraft:allay
[18:57:43] [Render thread/INFO] (Minecraft) [STDOUT]: [AEC][PROBE] PREVIEW draw begin: type=minecraft:allay rect=216,120 256x118
[18:57:43] [Render thread/INFO] (Minecraft) [STDOUT]: [AEC][PROBE] PREVIEW draw end
[18:57:43] [Render thread/INFO] (Minecraft) [STDOUT]: [AEC][PROBE] ---- frame 7 ----
[18:57:43] [Render thread/INFO] (Minecraft) [STDOUT]: [AEC][PROBE] Screen.render tab=MORPHS
[18:57:43] [Render thread/INFO] (Minecraft) [STDOUT]: [AEC][PROBE] Render: selectedType=minecraft:allay
[18:57:43] [Render thread/INFO] (Minecraft) [STDOUT]: [AEC][PROBE] PreviewRect: rect x=216 y=120 w=256 h=118
[18:57:43] [Render thread/INFO] (Minecraft) [STDOUT]: [SequencerPreview] Icon create: AREA_EFFECT_CLOUD
[18:57:43] [Render thread/INFO] (Minecraft) [STDOUT]: [SequencerPreview] drawEntityAny: start, type=minecraft:area_effect_cloud
[18:57:43] [Render thread/INFO] (Minecraft) [STDOUT]: [AEC][PROBE] ICON AEC: enter size=24
[18:57:43] [Render thread/INFO] (Minecraft) [STDOUT]: [AEC][PROBE] MAEC 2D: enter x=7 y=54 w=24 h=24
[18:57:43] [Render thread/INFO] (Minecraft) [STDOUT]: [AEC][PROBE] MAEC 2D: style: style name='Potion cloud' sprites=false baseDisk=true softPuffs=true grid=8 density=1,15 alpha=0,90 wobble=0,050 puffMul=1,00 tint=0xFF000000
[18:57:43] [Render thread/INFO] (Minecraft) [STDOUT]: [AEC][PROBE] MAEC frames: load
[18:57:43] [Render thread/INFO] (Minecraft) [STDOUT]: [SequencerPreview] drawEntityAny: start, type=minecraft:arrow
[18:57:43] [Render thread/INFO] (Minecraft) [STDOUT]: [SequencerPreview] drawEntityAny: det=-729.0
[18:57:43] [Render thread/INFO] (Minecraft) [STDOUT]: [SequencerPreview] drawEntityAny: start, type=minecraft:block_display
[18:57:43] [Render thread/INFO] (Minecraft) [STDOUT]: [SequencerPreview] drawEntityAny: det=-729.0
[18:57:43] [Render thread/INFO] (Minecraft) [STDOUT]: [SequencerPreview] drawEntityAny: start, type=minecraft:boat
[18:57:43] [Render thread/INFO] (Minecraft) [STDOUT]: [SequencerPreview] drawEntityAny: det=-729.0
[18:57:43] [Render thread/INFO] (Minecraft) [STDOUT]: [AEC][PROBE] getOrCreatePreviewAny: start
[18:57:43] [Render thread/INFO] (Minecraft) [STDOUT]: [AEC][PROBE] getOrCreatePreviewAny: world=true type=true
[18:57:43] [Render thread/INFO] (Minecraft) [STDOUT]: [SequencerPreview] getOrCreatePreviewAny: try type=minecraft:allay
[18:57:43] [Render thread/INFO] (Minecraft) [STDOUT]: [SequencerPreview] getOrCreatePreviewAny: reuse existing instance for minecraft:allay
[18:57:43] [Render thread/INFO] (Minecraft) [STDOUT]: [AEC][PROBE] PREVIEW draw begin: type=minecraft:allay rect=216,120 256x118
[18:57:43] [Render thread/INFO] (Minecraft) [STDOUT]: [AEC][PROBE] PREVIEW draw end
[18:57:43] [Render thread/INFO] (Minecraft) [STDOUT]: [AEC][PROBE] ---- frame 8 ----
[18:57:43] [Render thread/INFO] (Minecraft) [STDOUT]: [AEC][PROBE] Screen.render tab=MORPHS
[18:57:43] [Render thread/INFO] (Minecraft) [STDOUT]: [AEC][PROBE] Render: selectedType=minecraft:allay
[18:57:43] [Render thread/INFO] (Minecraft) [STDOUT]: [AEC][PROBE] PreviewRect: rect x=216 y=120 w=256 h=118
[18:57:43] [Render thread/INFO] (Minecraft) [STDOUT]: [SequencerPreview] Icon create: AREA_EFFECT_CLOUD
[18:57:43] [Render thread/INFO] (Minecraft) [STDOUT]: [SequencerPreview] drawEntityAny: start, type=minecraft:area_effect_cloud
[18:57:43] [Render thread/INFO] (Minecraft) [STDOUT]: [AEC][PROBE] ICON AEC: enter size=24
[18:57:43] [Render thread/INFO] (Minecraft) [STDOUT]: [AEC][PROBE] MAEC 2D: enter x=7 y=54 w=24 h=24
[18:57:43] [Render thread/INFO] (Minecraft) [STDOUT]: [AEC][PROBE] MAEC 2D: style: style name='Potion cloud' sprites=false baseDisk=true softPuffs=true grid=8 density=1,15 alpha=0,90 wobble=0,050 puffMul=1,00 tint=0xFF000000
[18:57:43] [Render thread/INFO] (Minecraft) [STDOUT]: [AEC][PROBE] MAEC frames: load
[18:57:43] [Render thread/INFO] (Minecraft) [STDOUT]: [SequencerPreview] drawEntityAny: start, type=minecraft:arrow
[18:57:43] [Render thread/INFO] (Minecraft) [STDOUT]: [SequencerPreview] drawEntityAny: det=-729.0
[18:57:43] [Render thread/INFO] (Minecraft) [STDOUT]: [SequencerPreview] drawEntityAny: start, type=minecraft:block_display
[18:57:43] [Render thread/INFO] (Minecraft) [STDOUT]: [SequencerPreview] drawEntityAny: det=-729.0
[18:57:43] [Render thread/INFO] (Minecraft) [STDOUT]: [SequencerPreview] drawEntityAny: start, type=minecraft:boat
[18:57:43] [Render thread/INFO] (Minecraft) [STDOUT]: [SequencerPreview] drawEntityAny: det=-729.0
[18:57:43] [Render thread/INFO] (Minecraft) [STDOUT]: [AEC][PROBE] getOrCreatePreviewAny: start
[18:57:43] [Render thread/INFO] (Minecraft) [STDOUT]: [AEC][PROBE] getOrCreatePreviewAny: world=true type=true
[18:57:43] [Render thread/INFO] (Minecraft) [STDOUT]: [SequencerPreview] getOrCreatePreviewAny: try type=minecraft:allay
[18:57:43] [Render thread/INFO] (Minecraft) [STDOUT]: [SequencerPreview] getOrCreatePreviewAny: reuse existing instance for minecraft:allay
[18:57:43] [Render thread/INFO] (Minecraft) [STDOUT]: [AEC][PROBE] PREVIEW draw begin: type=minecraft:allay rect=216,120 256x118
[18:57:43] [Render thread/INFO] (Minecraft) [STDOUT]: [AEC][PROBE] PREVIEW draw end
[18:57:43] [Render thread/INFO] (Minecraft) [STDOUT]: [AEC][PROBE] ---- frame 9 ----
[18:57:43] [Render thread/INFO] (Minecraft) [STDOUT]: [AEC][PROBE] Screen.render tab=MORPHS
[18:57:43] [Render thread/INFO] (Minecraft) [STDOUT]: [AEC][PROBE] Render: selectedType=minecraft:allay
[18:57:43] [Render thread/INFO] (Minecraft) [STDOUT]: [AEC][PROBE] PreviewRect: rect x=216 y=120 w=256 h=118
[18:57:43] [Render thread/INFO] (Minecraft) [STDOUT]: [SequencerPreview] Icon create: AREA_EFFECT_CLOUD
[18:57:43] [Render thread/INFO] (Minecraft) [STDOUT]: [SequencerPreview] drawEntityAny: start, type=minecraft:area_effect_cloud
[18:57:43] [Render thread/INFO] (Minecraft) [STDOUT]: [AEC][PROBE] ICON AEC: enter size=24
[18:57:43] [Render thread/INFO] (Minecraft) [STDOUT]: [AEC][PROBE] MAEC 2D: enter x=7 y=54 w=24 h=24
[18:57:43] [Render thread/INFO] (Minecraft) [STDOUT]: [AEC][PROBE] MAEC 2D: style: style name='Potion cloud' sprites=false baseDisk=true softPuffs=true grid=8 density=1,15 alpha=0,90 wobble=0,050 puffMul=1,00 tint=0xFF000000
[18:57:43] [Render thread/INFO] (Minecraft) [STDOUT]: [AEC][PROBE] MAEC frames: load
[18:57:43] [Render thread/INFO] (Minecraft) [STDOUT]: [SequencerPreview] drawEntityAny: start, type=minecraft:arrow
[18:57:43] [Render thread/INFO] (Minecraft) [STDOUT]: [SequencerPreview] drawEntityAny: det=-729.0
[18:57:43] [Render thread/INFO] (Minecraft) [STDOUT]: [SequencerPreview] drawEntityAny: start, type=minecraft:block_display
[18:57:43] [Render thread/INFO] (Minecraft) [STDOUT]: [SequencerPreview] drawEntityAny: det=-729.0
[18:57:43] [Render thread/INFO] (Minecraft) [STDOUT]: [SequencerPreview] drawEntityAny: start, type=minecraft:boat
[18:57:43] [Render thread/INFO] (Minecraft) [STDOUT]: [SequencerPreview] drawEntityAny: det=-729.0
[18:57:43] [Render thread/INFO] (Minecraft) [STDOUT]: [AEC][PROBE] getOrCreatePreviewAny: start
[18:57:43] [Render thread/INFO] (Minecraft) [STDOUT]: [AEC][PROBE] getOrCreatePreviewAny: world=true type=true
[18:57:43] [Render thread/INFO] (Minecraft) [STDOUT]: [SequencerPreview] getOrCreatePreviewAny: try type=minecraft:allay
[18:57:43] [Render thread/INFO] (Minecraft) [STDOUT]: [SequencerPreview] getOrCreatePreviewAny: reuse existing instance for minecraft:allay
[18:57:43] [Render thread/INFO] (Minecraft) [STDOUT]: [AEC][PROBE] PREVIEW draw begin: type=minecraft:allay rect=216,120 256x118
[18:57:43] [Render thread/INFO] (Minecraft) [STDOUT]: [AEC][PROBE] PREVIEW draw end
[18:57:43] [Render thread/INFO] (Minecraft) [STDOUT]: [AEC][PROBE] ---- frame 10 ----
[18:57:43] [Render thread/INFO] (Minecraft) [STDOUT]: [AEC][PROBE] Screen.render tab=MORPHS
[18:57:43] [Render thread/INFO] (Minecraft) [STDOUT]: [AEC][PROBE] Render: selectedType=minecraft:allay
[18:57:43] [Render thread/INFO] (Minecraft) [STDOUT]: [AEC][PROBE] PreviewRect: rect x=216 y=120 w=256 h=118
[18:57:43] [Render thread/INFO] (Minecraft) [STDOUT]: [SequencerPreview] Icon create: AREA_EFFECT_CLOUD
[18:57:43] [Render thread/INFO] (Minecraft) [STDOUT]: [SequencerPreview] drawEntityAny: start, type=minecraft:area_effect_cloud
[18:57:43] [Render thread/INFO] (Minecraft) [STDOUT]: [AEC][PROBE] ICON AEC: enter size=24
[18:57:43] [Render thread/INFO] (Minecraft) [STDOUT]: [AEC][PROBE] MAEC 2D: enter x=7 y=54 w=24 h=24
[18:57:43] [Render thread/INFO] (Minecraft) [STDOUT]: [AEC][PROBE] MAEC 2D: style: style name='Potion cloud' sprites=false baseDisk=true softPuffs=true grid=8 density=1,15 alpha=0,90 wobble=0,050 puffMul=1,00 tint=0xFF000000
[18:57:43] [Render thread/INFO] (Minecraft) [STDOUT]: [AEC][PROBE] MAEC frames: load
[18:57:43] [Render thread/INFO] (Minecraft) [STDOUT]: [SequencerPreview] drawEntityAny: start, type=minecraft:arrow
[18:57:43] [Render thread/INFO] (Minecraft) [STDOUT]: [SequencerPreview] drawEntityAny: det=-729.0
[18:57:43] [Render thread/INFO] (Minecraft) [STDOUT]: [SequencerPreview] drawEntityAny: start, type=minecraft:block_display
[18:57:43] [Render thread/INFO] (Minecraft) [STDOUT]: [SequencerPreview] drawEntityAny: det=-729.0
[18:57:43] [Render thread/INFO] (Minecraft) [STDOUT]: [SequencerPreview] drawEntityAny: start, type=minecraft:boat
[18:57:43] [Render thread/INFO] (Minecraft) [STDOUT]: [SequencerPreview] drawEntityAny: det=-729.0
[18:57:43] [Render thread/INFO] (Minecraft) [STDOUT]: [AEC][PROBE] getOrCreatePreviewAny: start
[18:57:43] [Render thread/INFO] (Minecraft) [STDOUT]: [AEC][PROBE] getOrCreatePreviewAny: world=true type=true
[18:57:43] [Render thread/INFO] (Minecraft) [STDOUT]: [SequencerPreview] getOrCreatePreviewAny: try type=minecraft:allay
[18:57:43] [Render thread/INFO] (Minecraft) [STDOUT]: [SequencerPreview] getOrCreatePreviewAny: reuse existing instance for minecraft:allay
[18:57:43] [Render thread/INFO] (Minecraft) [STDOUT]: [AEC][PROBE] PREVIEW draw begin: type=minecraft:allay rect=216,120 256x118
[18:57:43] [Render thread/INFO] (Minecraft) [STDOUT]: [AEC][PROBE] PREVIEW draw end
[18:57:43] [Render thread/INFO] (Minecraft) [STDOUT]: [AEC][PROBE] ---- frame 11 ----
[18:57:43] [Render thread/INFO] (Minecraft) [STDOUT]: [AEC][PROBE] Screen.render tab=MORPHS
[18:57:43] [Render thread/INFO] (Minecraft) [STDOUT]: [AEC][PROBE] Render: selectedType=minecraft:allay
[18:57:43] [Render thread/INFO] (Minecraft) [STDOUT]: [AEC][PROBE] PreviewRect: rect x=216 y=120 w=256 h=118
[18:57:43] [Render thread/INFO] (Minecraft) [STDOUT]: [SequencerPreview] Icon create: AREA_EFFECT_CLOUD
[18:57:43] [Render thread/INFO] (Minecraft) [STDOUT]: [SequencerPreview] drawEntityAny: start, type=minecraft:area_effect_cloud
[18:57:43] [Render thread/INFO] (Minecraft) [STDOUT]: [AEC][PROBE] ICON AEC: enter size=24
[18:57:43] [Render thread/INFO] (Minecraft) [STDOUT]: [AEC][PROBE] MAEC 2D: enter x=7 y=54 w=24 h=24
[18:57:43] [Render thread/INFO] (Minecraft) [STDOUT]: [AEC][PROBE] MAEC 2D: style: style name='Potion cloud' sprites=false baseDisk=true softPuffs=true grid=8 density=1,15 alpha=0,90 wobble=0,050 puffMul=1,00 tint=0xFF000000
[18:57:43] [Render thread/INFO] (Minecraft) [STDOUT]: [AEC][PROBE] MAEC frames: load
[18:57:43] [Render thread/INFO] (Minecraft) [STDOUT]: [SequencerPreview] drawEntityAny: start, type=minecraft:arrow
[18:57:43] [Render thread/INFO] (Minecraft) [STDOUT]: [SequencerPreview] drawEntityAny: det=-729.0
[18:57:43] [Render thread/INFO] (Minecraft) [STDOUT]: [SequencerPreview] drawEntityAny: start, type=minecraft:block_display
[18:57:43] [Render thread/INFO] (Minecraft) [STDOUT]: [SequencerPreview] drawEntityAny: det=-729.0
[18:57:43] [Render thread/INFO] (Minecraft) [STDOUT]: [SequencerPreview] drawEntityAny: start, type=minecraft:boat
[18:57:43] [Render thread/INFO] (Minecraft) [STDOUT]: [SequencerPreview] drawEntityAny: det=-729.0
[18:57:43] [Render thread/INFO] (Minecraft) [STDOUT]: [AEC][PROBE] getOrCreatePreviewAny: start
[18:57:43] [Render thread/INFO] (Minecraft) [STDOUT]: [AEC][PROBE] getOrCreatePreviewAny: world=true type=true
[18:57:43] [Render thread/INFO] (Minecraft) [STDOUT]: [SequencerPreview] getOrCreatePreviewAny: try type=minecraft:allay
[18:57:43] [Render thread/INFO] (Minecraft) [STDOUT]: [SequencerPreview] getOrCreatePreviewAny: reuse existing instance for minecraft:allay
[18:57:43] [Render thread/INFO] (Minecraft) [STDOUT]: [AEC][PROBE] PREVIEW draw begin: type=minecraft:allay rect=216,120 256x118
[18:57:43] [Render thread/INFO] (Minecraft) [STDOUT]: [AEC][PROBE] PREVIEW draw end
[18:57:43] [Render thread/INFO] (Minecraft) [STDOUT]: [AEC][PROBE] ---- frame 12 ----
[18:57:43] [Render thread/INFO] (Minecraft) [STDOUT]: [AEC][PROBE] Screen.render tab=MORPHS
[18:57:43] [Render thread/INFO] (Minecraft) [STDOUT]: [AEC][PROBE] Render: selectedType=minecraft:allay
[18:57:43] [Render thread/INFO] (Minecraft) [STDOUT]: [AEC][PROBE] PreviewRect: rect x=216 y=120 w=256 h=118
[18:57:43] [Render thread/INFO] (Minecraft) [STDOUT]: [SequencerPreview] Icon create: AREA_EFFECT_CLOUD
[18:57:43] [Render thread/INFO] (Minecraft) [STDOUT]: [SequencerPreview] drawEntityAny: start, type=minecraft:area_effect_cloud
[18:57:43] [Render thread/INFO] (Minecraft) [STDOUT]: [AEC][PROBE] ICON AEC: enter size=24
[18:57:43] [Render thread/INFO] (Minecraft) [STDOUT]: [AEC][PROBE] MAEC 2D: enter x=7 y=54 w=24 h=24
[18:57:43] [Render thread/INFO] (Minecraft) [STDOUT]: [AEC][PROBE] MAEC 2D: style: style name='Potion cloud' sprites=false baseDisk=true softPuffs=true grid=8 density=1,15 alpha=0,90 wobble=0,050 puffMul=1,00 tint=0xFF000000
[18:57:43] [Render thread/INFO] (Minecraft) [STDOUT]: [AEC][PROBE] MAEC frames: load
[18:57:43] [Render thread/INFO] (Minecraft) [STDOUT]: [SequencerPreview] drawEntityAny: start, type=minecraft:arrow
[18:57:43] [Render thread/INFO] (Minecraft) [STDOUT]: [SequencerPreview] drawEntityAny: det=-729.0
[18:57:43] [Render thread/INFO] (Minecraft) [STDOUT]: [SequencerPreview] drawEntityAny: start, type=minecraft:block_display
[18:57:43] [Render thread/INFO] (Minecraft) [STDOUT]: [SequencerPreview] drawEntityAny: det=-729.0
[18:57:43] [Render thread/INFO] (Minecraft) [STDOUT]: [SequencerPreview] drawEntityAny: start, type=minecraft:boat
[18:57:43] [Render thread/INFO] (Minecraft) [STDOUT]: [SequencerPreview] drawEntityAny: det=-729.0
[18:57:43] [Render thread/INFO] (Minecraft) [STDOUT]: [AEC][PROBE] getOrCreatePreviewAny: start
[18:57:43] [Render thread/INFO] (Minecraft) [STDOUT]: [AEC][PROBE] getOrCreatePreviewAny: world=true type=true
[18:57:43] [Render thread/INFO] (Minecraft) [STDOUT]: [SequencerPreview] getOrCreatePreviewAny: try type=minecraft:allay
[18:57:43] [Render thread/INFO] (Minecraft) [STDOUT]: [SequencerPreview] getOrCreatePreviewAny: reuse existing instance for minecraft:allay
[18:57:43] [Render thread/INFO] (Minecraft) [STDOUT]: [AEC][PROBE] PREVIEW draw begin: type=minecraft:allay rect=216,120 256x118
[18:57:43] [Render thread/INFO] (Minecraft) [STDOUT]: [AEC][PROBE] PREVIEW draw end
[18:57:43] [Render thread/INFO] (Minecraft) [STDOUT]: [AEC][PROBE] ---- frame 13 ----
[18:57:43] [Render thread/INFO] (Minecraft) [STDOUT]: [AEC][PROBE] Screen.render tab=MORPHS
[18:57:43] [Render thread/INFO] (Minecraft) [STDOUT]: [AEC][PROBE] Render: selectedType=minecraft:allay
[18:57:43] [Render thread/INFO] (Minecraft) [STDOUT]: [AEC][PROBE] PreviewRect: rect x=216 y=120 w=256 h=118
[18:57:43] [Render thread/INFO] (Minecraft) [STDOUT]: [SequencerPreview] Icon create: AREA_EFFECT_CLOUD
[18:57:43] [Render thread/INFO] (Minecraft) [STDOUT]: [SequencerPreview] drawEntityAny: start, type=minecraft:area_effect_cloud
[18:57:43] [Render thread/INFO] (Minecraft) [STDOUT]: [AEC][PROBE] ICON AEC: enter size=24
[18:57:43] [Render thread/INFO] (Minecraft) [STDOUT]: [AEC][PROBE] MAEC 2D: enter x=7 y=54 w=24 h=24
[18:57:43] [Render thread/INFO] (Minecraft) [STDOUT]: [AEC][PROBE] MAEC 2D: style: style name='Potion cloud' sprites=false baseDisk=true softPuffs=true grid=8 density=1,15 alpha=0,90 wobble=0,050 puffMul=1,00 tint=0xFF000000
[18:57:43] [Render thread/INFO] (Minecraft) [STDOUT]: [AEC][PROBE] MAEC frames: load
[18:57:43] [Render thread/INFO] (Minecraft) [STDOUT]: [SequencerPreview] drawEntityAny: start, type=minecraft:arrow
[18:57:43] [Render thread/INFO] (Minecraft) [STDOUT]: [SequencerPreview] drawEntityAny: det=-729.0
[18:57:43] [Render thread/INFO] (Minecraft) [STDOUT]: [SequencerPreview] drawEntityAny: start, type=minecraft:block_display
[18:57:43] [Render thread/INFO] (Minecraft) [STDOUT]: [SequencerPreview] drawEntityAny: det=-729.0
[18:57:43] [Render thread/INFO] (Minecraft) [STDOUT]: [SequencerPreview] drawEntityAny: start, type=minecraft:boat
[18:57:43] [Render thread/INFO] (Minecraft) [STDOUT]: [SequencerPreview] drawEntityAny: det=-729.0
[18:57:43] [Render thread/INFO] (Minecraft) [STDOUT]: [AEC][PROBE] getOrCreatePreviewAny: start
[18:57:43] [Render thread/INFO] (Minecraft) [STDOUT]: [AEC][PROBE] getOrCreatePreviewAny: world=true type=true
[18:57:43] [Render thread/INFO] (Minecraft) [STDOUT]: [SequencerPreview] getOrCreatePreviewAny: try type=minecraft:allay
[18:57:43] [Render thread/INFO] (Minecraft) [STDOUT]: [SequencerPreview] getOrCreatePreviewAny: reuse existing instance for minecraft:allay
[18:57:43] [Render thread/INFO] (Minecraft) [STDOUT]: [AEC][PROBE] PREVIEW draw begin: type=minecraft:allay rect=216,120 256x118
[18:57:43] [Render thread/INFO] (Minecraft) [STDOUT]: [AEC][PROBE] PREVIEW draw end
[18:57:43] [Render thread/INFO] (Minecraft) [STDOUT]: [AEC][PROBE] ---- frame 14 ----
[18:57:43] [Render thread/INFO] (Minecraft) [STDOUT]: [AEC][PROBE] Screen.render tab=MORPHS
[18:57:43] [Render thread/INFO] (Minecraft) [STDOUT]: [AEC][PROBE] Render: selectedType=minecraft:allay
[18:57:43] [Render thread/INFO] (Minecraft) [STDOUT]: [AEC][PROBE] PreviewRect: rect x=216 y=120 w=256 h=118
[18:57:43] [Render thread/INFO] (Minecraft) [STDOUT]: [SequencerPreview] Icon create: AREA_EFFECT_CLOUD
[18:57:43] [Render thread/INFO] (Minecraft) [STDOUT]: [SequencerPreview] drawEntityAny: start, type=minecraft:area_effect_cloud
[18:57:43] [Render thread/INFO] (Minecraft) [STDOUT]: [AEC][PROBE] ICON AEC: enter size=24
[18:57:43] [Render thread/INFO] (Minecraft) [STDOUT]: [AEC][PROBE] MAEC 2D: enter x=7 y=54 w=24 h=24
[18:57:43] [Render thread/INFO] (Minecraft) [STDOUT]: [AEC][PROBE] MAEC 2D: style: style name='Potion cloud' sprites=false baseDisk=true softPuffs=true grid=8 density=1,15 alpha=0,90 wobble=0,050 puffMul=1,00 tint=0xFF000000
[18:57:43] [Render thread/INFO] (Minecraft) [STDOUT]: [AEC][PROBE] MAEC frames: load
[18:57:43] [Render thread/INFO] (Minecraft) [STDOUT]: [SequencerPreview] drawEntityAny: start, type=minecraft:arrow
[18:57:43] [Render thread/INFO] (Minecraft) [STDOUT]: [SequencerPreview] drawEntityAny: det=-729.0
[18:57:43] [Render thread/INFO] (Minecraft) [STDOUT]: [SequencerPreview] drawEntityAny: start, type=minecraft:block_display
[18:57:43] [Render thread/INFO] (Minecraft) [STDOUT]: [SequencerPreview] drawEntityAny: det=-729.0
[18:57:43] [Render thread/INFO] (Minecraft) [STDOUT]: [SequencerPreview] drawEntityAny: start, type=minecraft:boat
[18:57:43] [Render thread/INFO] (Minecraft) [STDOUT]: [SequencerPreview] drawEntityAny: det=-729.0
[18:57:43] [Render thread/INFO] (Minecraft) [STDOUT]: [AEC][PROBE] getOrCreatePreviewAny: start
[18:57:43] [Render thread/INFO] (Minecraft) [STDOUT]: [AEC][PROBE] getOrCreatePreviewAny: world=true type=true
[18:57:43] [Render thread/INFO] (Minecraft) [STDOUT]: [SequencerPreview] getOrCreatePreviewAny: try type=minecraft:allay
[18:57:43] [Render thread/INFO] (Minecraft) [STDOUT]: [SequencerPreview] getOrCreatePreviewAny: reuse existing instance for minecraft:allay
[18:57:43] [Render thread/INFO] (Minecraft) [STDOUT]: [AEC][PROBE] PREVIEW draw begin: type=minecraft:allay rect=216,120 256x118
[18:57:43] [Render thread/INFO] (Minecraft) [STDOUT]: [AEC][PROBE] PREVIEW draw end
[18:57:43] [Render thread/INFO] (Minecraft) [STDOUT]: [AEC][PROBE] ---- frame 15 ----
[18:57:43] [Render thread/INFO] (Minecraft) [STDOUT]: [AEC][PROBE] Screen.render tab=MORPHS
[18:57:43] [Render thread/INFO] (Minecraft) [STDOUT]: [AEC][PROBE] Render: selectedType=minecraft:allay
[18:57:43] [Render thread/INFO] (Minecraft) [STDOUT]: [AEC][PROBE] PreviewRect: rect x=216 y=120 w=256 h=118
[18:57:43] [Render thread/INFO] (Minecraft) [STDOUT]: [SequencerPreview] Icon create: AREA_EFFECT_CLOUD
[18:57:43] [Render thread/INFO] (Minecraft) [STDOUT]: [SequencerPreview] drawEntityAny: start, type=minecraft:area_effect_cloud
[18:57:43] [Render thread/INFO] (Minecraft) [STDOUT]: [AEC][PROBE] ICON AEC: enter size=24
[18:57:43] [Render thread/INFO] (Minecraft) [STDOUT]: [AEC][PROBE] MAEC 2D: enter x=7 y=54 w=24 h=24
[18:57:43] [Render thread/INFO] (Minecraft) [STDOUT]: [AEC][PROBE] MAEC 2D: style: style name='Potion cloud' sprites=false baseDisk=true softPuffs=true grid=8 density=1,15 alpha=0,90 wobble=0,050 puffMul=1,00 tint=0xFF000000
[18:57:43] [Render thread/INFO] (Minecraft) [STDOUT]: [AEC][PROBE] MAEC frames: load
[18:57:43] [Render thread/INFO] (Minecraft) [STDOUT]: [SequencerPreview] drawEntityAny: start, type=minecraft:arrow
[18:57:43] [Render thread/INFO] (Minecraft) [STDOUT]: [SequencerPreview] drawEntityAny: det=-729.0
[18:57:43] [Render thread/INFO] (Minecraft) [STDOUT]: [SequencerPreview] drawEntityAny: start, type=minecraft:block_display
[18:57:43] [Render thread/INFO] (Minecraft) [STDOUT]: [SequencerPreview] drawEntityAny: det=-729.0
[18:57:43] [Render thread/INFO] (Minecraft) [STDOUT]: [SequencerPreview] drawEntityAny: start, type=minecraft:boat
[18:57:43] [Render thread/INFO] (Minecraft) [STDOUT]: [SequencerPreview] drawEntityAny: det=-729.0
[18:57:43] [Render thread/INFO] (Minecraft) [STDOUT]: [AEC][PROBE] getOrCreatePreviewAny: start
[18:57:43] [Render thread/INFO] (Minecraft) [STDOUT]: [AEC][PROBE] getOrCreatePreviewAny: world=true type=true
[18:57:43] [Render thread/INFO] (Minecraft) [STDOUT]: [SequencerPreview] getOrCreatePreviewAny: try type=minecraft:allay
[18:57:43] [Render thread/INFO] (Minecraft) [STDOUT]: [SequencerPreview] getOrCreatePreviewAny: reuse existing instance for minecraft:allay
[18:57:43] [Render thread/INFO] (Minecraft) [STDOUT]: [AEC][PROBE] PREVIEW draw begin: type=minecraft:allay rect=216,120 256x118
[18:57:43] [Render thread/INFO] (Minecraft) [STDOUT]: [AEC][PROBE] PREVIEW draw end
[18:57:43] [Render thread/INFO] (Minecraft) [STDOUT]: [AEC][PROBE] ---- frame 16 ----
[18:57:43] [Render thread/INFO] (Minecraft) [STDOUT]: [AEC][PROBE] Screen.render tab=MORPHS
[18:57:43] [Render thread/INFO] (Minecraft) [STDOUT]: [AEC][PROBE] Render: selectedType=minecraft:allay
[18:57:43] [Render thread/INFO] (Minecraft) [STDOUT]: [AEC][PROBE] PreviewRect: rect x=216 y=120 w=256 h=118
[18:57:43] [Render thread/INFO] (Minecraft) [STDOUT]: [SequencerPreview] Icon create: AREA_EFFECT_CLOUD
[18:57:43] [Render thread/INFO] (Minecraft) [STDOUT]: [SequencerPreview] drawEntityAny: start, type=minecraft:area_effect_cloud
[18:57:43] [Render thread/INFO] (Minecraft) [STDOUT]: [AEC][PROBE] ICON AEC: enter size=24
[18:57:43] [Render thread/INFO] (Minecraft) [STDOUT]: [AEC][PROBE] MAEC 2D: enter x=7 y=54 w=24 h=24
[18:57:43] [Render thread/INFO] (Minecraft) [STDOUT]: [AEC][PROBE] MAEC 2D: style: style name='Potion cloud' sprites=false baseDisk=true softPuffs=true grid=8 density=1,15 alpha=0,90 wobble=0,050 puffMul=1,00 tint=0xFF000000
[18:57:43] [Render thread/INFO] (Minecraft) [STDOUT]: [AEC][PROBE] MAEC frames: load
[18:57:43] [Render thread/INFO] (Minecraft) [STDOUT]: [SequencerPreview] drawEntityAny: start, type=minecraft:arrow
[18:57:43] [Render thread/INFO] (Minecraft) [STDOUT]: [SequencerPreview] drawEntityAny: det=-729.0
[18:57:43] [Render thread/INFO] (Minecraft) [STDOUT]: [SequencerPreview] drawEntityAny: start, type=minecraft:block_display
[18:57:43] [Render thread/INFO] (Minecraft) [STDOUT]: [SequencerPreview] drawEntityAny: det=-729.0
[18:57:43] [Render thread/INFO] (Minecraft) [STDOUT]: [SequencerPreview] drawEntityAny: start, type=minecraft:boat
[18:57:43] [Render thread/INFO] (Minecraft) [STDOUT]: [SequencerPreview] drawEntityAny: det=-729.0
[18:57:43] [Render thread/INFO] (Minecraft) [STDOUT]: [AEC][PROBE] getOrCreatePreviewAny: start
[18:57:43] [Render thread/INFO] (Minecraft) [STDOUT]: [AEC][PROBE] getOrCreatePreviewAny: world=true type=true
[18:57:43] [Render thread/INFO] (Minecraft) [STDOUT]: [SequencerPreview] getOrCreatePreviewAny: try type=minecraft:allay
[18:57:43] [Render thread/INFO] (Minecraft) [STDOUT]: [SequencerPreview] getOrCreatePreviewAny: reuse existing instance for minecraft:allay
[18:57:43] [Render thread/INFO] (Minecraft) [STDOUT]: [AEC][PROBE] PREVIEW draw begin: type=minecraft:allay rect=216,120 256x118
[18:57:43] [Render thread/INFO] (Minecraft) [STDOUT]: [AEC][PROBE] PREVIEW draw end
[18:57:43] [Render thread/INFO] (Minecraft) [STDOUT]: [AEC][PROBE] ---- frame 17 ----
[18:57:43] [Render thread/INFO] (Minecraft) [STDOUT]: [AEC][PROBE] Screen.render tab=MORPHS
[18:57:43] [Render thread/INFO] (Minecraft) [STDOUT]: [AEC][PROBE] Render: selectedType=minecraft:allay
[18:57:43] [Render thread/INFO] (Minecraft) [STDOUT]: [AEC][PROBE] PreviewRect: rect x=216 y=120 w=256 h=118
[18:57:43] [Render thread/INFO] (Minecraft) [STDOUT]: [SequencerPreview] Icon create: AREA_EFFECT_CLOUD
[18:57:43] [Render thread/INFO] (Minecraft) [STDOUT]: [SequencerPreview] drawEntityAny: start, type=minecraft:area_effect_cloud
[18:57:43] [Render thread/INFO] (Minecraft) [STDOUT]: [AEC][PROBE] ICON AEC: enter size=24
[18:57:43] [Render thread/INFO] (Minecraft) [STDOUT]: [AEC][PROBE] MAEC 2D: enter x=7 y=54 w=24 h=24
[18:57:43] [Render thread/INFO] (Minecraft) [STDOUT]: [AEC][PROBE] MAEC 2D: style: style name='Potion cloud' sprites=false baseDisk=true softPuffs=true grid=8 density=1,15 alpha=0,90 wobble=0,050 puffMul=1,00 tint=0xFF000000
[18:57:43] [Render thread/INFO] (Minecraft) [STDOUT]: [AEC][PROBE] MAEC frames: load
[18:57:43] [Render thread/INFO] (Minecraft) [STDOUT]: [SequencerPreview] drawEntityAny: start, type=minecraft:arrow
[18:57:43] [Render thread/INFO] (Minecraft) [STDOUT]: [SequencerPreview] drawEntityAny: det=-729.0
[18:57:43] [Render thread/INFO] (Minecraft) [STDOUT]: [SequencerPreview] drawEntityAny: start, type=minecraft:block_display
[18:57:43] [Render thread/INFO] (Minecraft) [STDOUT]: [SequencerPreview] drawEntityAny: det=-729.0
[18:57:43] [Render thread/INFO] (Minecraft) [STDOUT]: [SequencerPreview] drawEntityAny: start, type=minecraft:boat
[18:57:43] [Render thread/INFO] (Minecraft) [STDOUT]: [SequencerPreview] drawEntityAny: det=-729.0
[18:57:43] [Render thread/INFO] (Minecraft) [STDOUT]: [AEC][PROBE] getOrCreatePreviewAny: start
[18:57:43] [Render thread/INFO] (Minecraft) [STDOUT]: [AEC][PROBE] getOrCreatePreviewAny: world=true type=true
[18:57:43] [Render thread/INFO] (Minecraft) [STDOUT]: [SequencerPreview] getOrCreatePreviewAny: try type=minecraft:allay
[18:57:43] [Render thread/INFO] (Minecraft) [STDOUT]: [SequencerPreview] getOrCreatePreviewAny: reuse existing instance for minecraft:allay
[18:57:43] [Render thread/INFO] (Minecraft) [STDOUT]: [AEC][PROBE] PREVIEW draw begin: type=minecraft:allay rect=216,120 256x118
[18:57:43] [Render thread/INFO] (Minecraft) [STDOUT]: [AEC][PROBE] PREVIEW draw end
[18:57:43] [Render thread/INFO] (Minecraft) [STDOUT]: [AEC][PROBE] ---- frame 18 ----
[18:57:43] [Render thread/INFO] (Minecraft) [STDOUT]: [AEC][PROBE] Screen.render tab=MORPHS
[18:57:43] [Render thread/INFO] (Minecraft) [STDOUT]: [AEC][PROBE] Render: selectedType=minecraft:allay
[18:57:43] [Render thread/INFO] (Minecraft) [STDOUT]: [AEC][PROBE] PreviewRect: rect x=216 y=120 w=256 h=118
[18:57:43] [Render thread/INFO] (Minecraft) [STDOUT]: [SequencerPreview] Icon create: AREA_EFFECT_CLOUD
[18:57:43] [Render thread/INFO] (Minecraft) [STDOUT]: [SequencerPreview] drawEntityAny: start, type=minecraft:area_effect_cloud
[18:57:43] [Render thread/INFO] (Minecraft) [STDOUT]: [AEC][PROBE] ICON AEC: enter size=24
[18:57:43] [Render thread/INFO] (Minecraft) [STDOUT]: [AEC][PROBE] MAEC 2D: enter x=7 y=54 w=24 h=24
[18:57:43] [Render thread/INFO] (Minecraft) [STDOUT]: [AEC][PROBE] MAEC 2D: style: style name='Potion cloud' sprites=false baseDisk=true softPuffs=true grid=8 density=1,15 alpha=0,90 wobble=0,050 puffMul=1,00 tint=0xFF000000
[18:57:43] [Render thread/INFO] (Minecraft) [STDOUT]: [AEC][PROBE] MAEC frames: load
[18:57:43] [Render thread/INFO] (Minecraft) [STDOUT]: [SequencerPreview] drawEntityAny: start, type=minecraft:arrow
[18:57:43] [Render thread/INFO] (Minecraft) [STDOUT]: [SequencerPreview] drawEntityAny: det=-729.0
[18:57:43] [Render thread/INFO] (Minecraft) [STDOUT]: [SequencerPreview] drawEntityAny: start, type=minecraft:block_display
[18:57:43] [Render thread/INFO] (Minecraft) [STDOUT]: [SequencerPreview] drawEntityAny: det=-729.0
[18:57:43] [Render thread/INFO] (Minecraft) [STDOUT]: [SequencerPreview] drawEntityAny: start, type=minecraft:boat
[18:57:43] [Render thread/INFO] (Minecraft) [STDOUT]: [SequencerPreview] drawEntityAny: det=-729.0
[18:57:43] [Render thread/INFO] (Minecraft) [STDOUT]: [AEC][PROBE] getOrCreatePreviewAny: start
[18:57:43] [Render thread/INFO] (Minecraft) [STDOUT]: [AEC][PROBE] getOrCreatePreviewAny: world=true type=true
[18:57:43] [Render thread/INFO] (Minecraft) [STDOUT]: [SequencerPreview] getOrCreatePreviewAny: try type=minecraft:allay
[18:57:43] [Render thread/INFO] (Minecraft) [STDOUT]: [SequencerPreview] getOrCreatePreviewAny: reuse existing instance for minecraft:allay
[18:57:43] [Render thread/INFO] (Minecraft) [STDOUT]: [AEC][PROBE] PREVIEW draw begin: type=minecraft:allay rect=216,120 256x118
[18:57:43] [Render thread/INFO] (Minecraft) [STDOUT]: [AEC][PROBE] PREVIEW draw end
[18:57:43] [Render thread/INFO] (Minecraft) [STDOUT]: [AEC][PROBE] ---- frame 19 ----
[18:57:43] [Render thread/INFO] (Minecraft) [STDOUT]: [AEC][PROBE] Screen.render tab=MORPHS
[18:57:43] [Render thread/INFO] (Minecraft) [STDOUT]: [AEC][PROBE] Render: selectedType=minecraft:allay
[18:57:43] [Render thread/INFO] (Minecraft) [STDOUT]: [AEC][PROBE] PreviewRect: rect x=216 y=120 w=256 h=118
[18:57:43] [Render thread/INFO] (Minecraft) [STDOUT]: [SequencerPreview] Icon create: AREA_EFFECT_CLOUD
[18:57:43] [Render thread/INFO] (Minecraft) [STDOUT]: [SequencerPreview] drawEntityAny: start, type=minecraft:area_effect_cloud
[18:57:43] [Render thread/INFO] (Minecraft) [STDOUT]: [AEC][PROBE] ICON AEC: enter size=24
[18:57:43] [Render thread/INFO] (Minecraft) [STDOUT]: [AEC][PROBE] MAEC 2D: enter x=7 y=54 w=24 h=24
[18:57:43] [Render thread/INFO] (Minecraft) [STDOUT]: [AEC][PROBE] MAEC 2D: style: style name='Potion cloud' sprites=false baseDisk=true softPuffs=true grid=8 density=1,15 alpha=0,90 wobble=0,050 puffMul=1,00 tint=0xFF000000
[18:57:43] [Render thread/INFO] (Minecraft) [STDOUT]: [AEC][PROBE] MAEC frames: load
[18:57:43] [Render thread/INFO] (Minecraft) [STDOUT]: [SequencerPreview] drawEntityAny: start, type=minecraft:arrow
[18:57:43] [Render thread/INFO] (Minecraft) [STDOUT]: [SequencerPreview] drawEntityAny: det=-729.0
[18:57:43] [Render thread/INFO] (Minecraft) [STDOUT]: [SequencerPreview] drawEntityAny: start, type=minecraft:block_display
[18:57:43] [Render thread/INFO] (Minecraft) [STDOUT]: [SequencerPreview] drawEntityAny: det=-729.0
[18:57:43] [Render thread/INFO] (Minecraft) [STDOUT]: [SequencerPreview] drawEntityAny: start, type=minecraft:boat
[18:57:43] [Render thread/INFO] (Minecraft) [STDOUT]: [SequencerPreview] drawEntityAny: det=-729.0
[18:57:43] [Render thread/INFO] (Minecraft) [STDOUT]: [AEC][PROBE] getOrCreatePreviewAny: start
[18:57:43] [Render thread/INFO] (Minecraft) [STDOUT]: [AEC][PROBE] getOrCreatePreviewAny: world=true type=true
[18:57:43] [Render thread/INFO] (Minecraft) [STDOUT]: [SequencerPreview] getOrCreatePreviewAny: try type=minecraft:allay
[18:57:43] [Render thread/INFO] (Minecraft) [STDOUT]: [SequencerPreview] getOrCreatePreviewAny: reuse existing instance for minecraft:allay
[18:57:43] [Render thread/INFO] (Minecraft) [STDOUT]: [AEC][PROBE] PREVIEW draw begin: type=minecraft:allay rect=216,120 256x118
[18:57:43] [Render thread/INFO] (Minecraft) [STDOUT]: [AEC][PROBE] PREVIEW draw end
[18:57:43] [Render thread/INFO] (Minecraft) [STDOUT]: [AEC][PROBE] ---- frame 20 ----
[18:57:43] [Render thread/INFO] (Minecraft) [STDOUT]: [AEC][PROBE] Screen.render tab=MORPHS
[18:57:43] [Render thread/INFO] (Minecraft) [STDOUT]: [AEC][PROBE] Render: selectedType=minecraft:allay
[18:57:43] [Render thread/INFO] (Minecraft) [STDOUT]: [AEC][PROBE] PreviewRect: rect x=216 y=120 w=256 h=118
[18:57:43] [Render thread/INFO] (Minecraft) [STDOUT]: [SequencerPreview] Icon create: AREA_EFFECT_CLOUD
[18:57:43] [Render thread/INFO] (Minecraft) [STDOUT]: [SequencerPreview] drawEntityAny: start, type=minecraft:area_effect_cloud
[18:57:43] [Render thread/INFO] (Minecraft) [STDOUT]: [AEC][PROBE] ICON AEC: enter size=24
[18:57:43] [Render thread/INFO] (Minecraft) [STDOUT]: [AEC][PROBE] MAEC 2D: enter x=7 y=54 w=24 h=24
[18:57:43] [Render thread/INFO] (Minecraft) [STDOUT]: [AEC][PROBE] MAEC 2D: style: style name='Potion cloud' sprites=false baseDisk=true softPuffs=true grid=8 density=1,15 alpha=0,90 wobble=0,050 puffMul=1,00 tint=0xFF000000
[18:57:43] [Render thread/INFO] (Minecraft) [STDOUT]: [AEC][PROBE] MAEC frames: load
[18:57:43] [Render thread/INFO] (Minecraft) [STDOUT]: [SequencerPreview] drawEntityAny: start, type=minecraft:arrow
[18:57:43] [Render thread/INFO] (Minecraft) [STDOUT]: [SequencerPreview] drawEntityAny: det=-729.0
[18:57:43] [Render thread/INFO] (Minecraft) [STDOUT]: [SequencerPreview] drawEntityAny: start, type=minecraft:block_display
[18:57:43] [Render thread/INFO] (Minecraft) [STDOUT]: [SequencerPreview] drawEntityAny: det=-729.0
[18:57:43] [Render thread/INFO] (Minecraft) [STDOUT]: [SequencerPreview] drawEntityAny: start, type=minecraft:boat
[18:57:43] [Render thread/INFO] (Minecraft) [STDOUT]: [SequencerPreview] drawEntityAny: det=-729.0
[18:57:43] [Render thread/INFO] (Minecraft) [STDOUT]: [AEC][PROBE] getOrCreatePreviewAny: start
[18:57:43] [Render thread/INFO] (Minecraft) [STDOUT]: [AEC][PROBE] getOrCreatePreviewAny: world=true type=true
[18:57:43] [Render thread/INFO] (Minecraft) [STDOUT]: [SequencerPreview] getOrCreatePreviewAny: try type=minecraft:allay
[18:57:43] [Render thread/INFO] (Minecraft) [STDOUT]: [SequencerPreview] getOrCreatePreviewAny: reuse existing instance for minecraft:allay
[18:57:43] [Render thread/INFO] (Minecraft) [STDOUT]: [AEC][PROBE] PREVIEW draw begin: type=minecraft:allay rect=216,120 256x118
[18:57:43] [Render thread/INFO] (Minecraft) [STDOUT]: [AEC][PROBE] PREVIEW draw end
[18:57:43] [Render thread/INFO] (Minecraft) [STDOUT]: [AEC][PROBE] ---- frame 21 ----
[18:57:43] [Render thread/INFO] (Minecraft) [STDOUT]: [AEC][PROBE] Screen.render tab=MORPHS
[18:57:43] [Render thread/INFO] (Minecraft) [STDOUT]: [AEC][PROBE] Render: selectedType=minecraft:allay
[18:57:43] [Render thread/INFO] (Minecraft) [STDOUT]: [AEC][PROBE] PreviewRect: rect x=216 y=120 w=256 h=118
[18:57:43] [Render thread/INFO] (Minecraft) [STDOUT]: [SequencerPreview] Icon create: AREA_EFFECT_CLOUD
[18:57:43] [Render thread/INFO] (Minecraft) [STDOUT]: [SequencerPreview] drawEntityAny: start, type=minecraft:area_effect_cloud
[18:57:43] [Render thread/INFO] (Minecraft) [STDOUT]: [AEC][PROBE] ICON AEC: enter size=24
[18:57:43] [Render thread/INFO] (Minecraft) [STDOUT]: [AEC][PROBE] MAEC 2D: enter x=7 y=54 w=24 h=24
[18:57:43] [Render thread/INFO] (Minecraft) [STDOUT]: [AEC][PROBE] MAEC 2D: style: style name='Potion cloud' sprites=false baseDisk=true softPuffs=true grid=8 density=1,15 alpha=0,90 wobble=0,050 puffMul=1,00 tint=0xFF000000
[18:57:43] [Render thread/INFO] (Minecraft) [STDOUT]: [AEC][PROBE] MAEC frames: load
[18:57:43] [Render thread/INFO] (Minecraft) [STDOUT]: [SequencerPreview] drawEntityAny: start, type=minecraft:arrow
[18:57:43] [Render thread/INFO] (Minecraft) [STDOUT]: [SequencerPreview] drawEntityAny: det=-729.0
[18:57:43] [Render thread/INFO] (Minecraft) [STDOUT]: [SequencerPreview] drawEntityAny: start, type=minecraft:block_display
[18:57:43] [Render thread/INFO] (Minecraft) [STDOUT]: [SequencerPreview] drawEntityAny: det=-729.0
[18:57:43] [Render thread/INFO] (Minecraft) [STDOUT]: [SequencerPreview] drawEntityAny: start, type=minecraft:boat
[18:57:43] [Render thread/INFO] (Minecraft) [STDOUT]: [SequencerPreview] drawEntityAny: det=-729.0
[18:57:43] [Render thread/INFO] (Minecraft) [STDOUT]: [AEC][PROBE] getOrCreatePreviewAny: start
[18:57:43] [Render thread/INFO] (Minecraft) [STDOUT]: [AEC][PROBE] getOrCreatePreviewAny: world=true type=true
[18:57:43] [Render thread/INFO] (Minecraft) [STDOUT]: [SequencerPreview] getOrCreatePreviewAny: try type=minecraft:allay
[18:57:43] [Render thread/INFO] (Minecraft) [STDOUT]: [SequencerPreview] getOrCreatePreviewAny: reuse existing instance for minecraft:allay
[18:57:43] [Render thread/INFO] (Minecraft) [STDOUT]: [AEC][PROBE] PREVIEW draw begin: type=minecraft:allay rect=216,120 256x118
[18:57:43] [Render thread/INFO] (Minecraft) [STDOUT]: [AEC][PROBE] PREVIEW draw end
[18:57:43] [Render thread/INFO] (Minecraft) [STDOUT]: [AEC][PROBE] ---- frame 22 ----
[18:57:43] [Render thread/INFO] (Minecraft) [STDOUT]: [AEC][PROBE] Screen.render tab=MORPHS
[18:57:43] [Render thread/INFO] (Minecraft) [STDOUT]: [AEC][PROBE] Render: selectedType=minecraft:allay
[18:57:43] [Render thread/INFO] (Minecraft) [STDOUT]: [AEC][PROBE] PreviewRect: rect x=216 y=120 w=256 h=118
[18:57:43] [Render thread/INFO] (Minecraft) [STDOUT]: [SequencerPreview] Icon create: AREA_EFFECT_CLOUD
[18:57:43] [Render thread/INFO] (Minecraft) [STDOUT]: [SequencerPreview] drawEntityAny: start, type=minecraft:area_effect_cloud
[18:57:43] [Render thread/INFO] (Minecraft) [STDOUT]: [AEC][PROBE] ICON AEC: enter size=24
[18:57:43] [Render thread/INFO] (Minecraft) [STDOUT]: [AEC][PROBE] MAEC 2D: enter x=7 y=54 w=24 h=24
[18:57:43] [Render thread/INFO] (Minecraft) [STDOUT]: [AEC][PROBE] MAEC 2D: style: style name='Potion cloud' sprites=false baseDisk=true softPuffs=true grid=8 density=1,15 alpha=0,90 wobble=0,050 puffMul=1,00 tint=0xFF000000
[18:57:43] [Render thread/INFO] (Minecraft) [STDOUT]: [AEC][PROBE] MAEC frames: load
[18:57:43] [Render thread/INFO] (Minecraft) [STDOUT]: [SequencerPreview] drawEntityAny: start, type=minecraft:arrow
[18:57:43] [Render thread/INFO] (Minecraft) [STDOUT]: [SequencerPreview] drawEntityAny: det=-729.0
[18:57:43] [Render thread/INFO] (Minecraft) [STDOUT]: [SequencerPreview] drawEntityAny: start, type=minecraft:block_display
[18:57:43] [Render thread/INFO] (Minecraft) [STDOUT]: [SequencerPreview] drawEntityAny: det=-729.0
[18:57:43] [Render thread/INFO] (Minecraft) [STDOUT]: [SequencerPreview] drawEntityAny: start, type=minecraft:boat
[18:57:43] [Render thread/INFO] (Minecraft) [STDOUT]: [SequencerPreview] drawEntityAny: det=-729.0
[18:57:43] [Render thread/INFO] (Minecraft) [STDOUT]: [AEC][PROBE] getOrCreatePreviewAny: start
[18:57:43] [Render thread/INFO] (Minecraft) [STDOUT]: [AEC][PROBE] getOrCreatePreviewAny: world=true type=true
[18:57:43] [Render thread/INFO] (Minecraft) [STDOUT]: [SequencerPreview] getOrCreatePreviewAny: try type=minecraft:allay
[18:57:43] [Render thread/INFO] (Minecraft) [STDOUT]: [SequencerPreview] getOrCreatePreviewAny: reuse existing instance for minecraft:allay
[18:57:43] [Render thread/INFO] (Minecraft) [STDOUT]: [AEC][PROBE] PREVIEW draw begin: type=minecraft:allay rect=216,120 256x118
[18:57:43] [Render thread/INFO] (Minecraft) [STDOUT]: [AEC][PROBE] PREVIEW draw end
[18:57:43] [Render thread/INFO] (Minecraft) [STDOUT]: [AEC][PROBE] ---- frame 23 ----
[18:57:43] [Render thread/INFO] (Minecraft) [STDOUT]: [AEC][PROBE] Screen.render tab=MORPHS
[18:57:43] [Render thread/INFO] (Minecraft) [STDOUT]: [AEC][PROBE] Render: selectedType=minecraft:allay
[18:57:43] [Render thread/INFO] (Minecraft) [STDOUT]: [AEC][PROBE] PreviewRect: rect x=216 y=120 w=256 h=118
[18:57:43] [Render thread/INFO] (Minecraft) [STDOUT]: [SequencerPreview] Icon create: AREA_EFFECT_CLOUD
[18:57:43] [Render thread/INFO] (Minecraft) [STDOUT]: [SequencerPreview] drawEntityAny: start, type=minecraft:area_effect_cloud
[18:57:43] [Render thread/INFO] (Minecraft) [STDOUT]: [AEC][PROBE] ICON AEC: enter size=24
[18:57:43] [Render thread/INFO] (Minecraft) [STDOUT]: [AEC][PROBE] MAEC 2D: enter x=7 y=54 w=24 h=24
[18:57:43] [Render thread/INFO] (Minecraft) [STDOUT]: [AEC][PROBE] MAEC 2D: style: style name='Potion cloud' sprites=false baseDisk=true softPuffs=true grid=8 density=1,15 alpha=0,90 wobble=0,050 puffMul=1,00 tint=0xFF000000
[18:57:43] [Render thread/INFO] (Minecraft) [STDOUT]: [AEC][PROBE] MAEC frames: load
[18:57:43] [Render thread/INFO] (Minecraft) [STDOUT]: [SequencerPreview] drawEntityAny: start, type=minecraft:arrow
[18:57:43] [Render thread/INFO] (Minecraft) [STDOUT]: [SequencerPreview] drawEntityAny: det=-729.0
[18:57:43] [Render thread/INFO] (Minecraft) [STDOUT]: [SequencerPreview] drawEntityAny: start, type=minecraft:block_display
[18:57:43] [Render thread/INFO] (Minecraft) [STDOUT]: [SequencerPreview] drawEntityAny: det=-729.0
[18:57:43] [Render thread/INFO] (Minecraft) [STDOUT]: [SequencerPreview] drawEntityAny: start, type=minecraft:boat
[18:57:43] [Render thread/INFO] (Minecraft) [STDOUT]: [SequencerPreview] drawEntityAny: det=-729.0
[18:57:43] [Render thread/INFO] (Minecraft) [STDOUT]: [AEC][PROBE] getOrCreatePreviewAny: start
[18:57:43] [Render thread/INFO] (Minecraft) [STDOUT]: [AEC][PROBE] getOrCreatePreviewAny: world=true type=true
[18:57:43] [Render thread/INFO] (Minecraft) [STDOUT]: [SequencerPreview] getOrCreatePreviewAny: try type=minecraft:allay
[18:57:43] [Render thread/INFO] (Minecraft) [STDOUT]: [SequencerPreview] getOrCreatePreviewAny: reuse existing instance for minecraft:allay
[18:57:43] [Render thread/INFO] (Minecraft) [STDOUT]: [AEC][PROBE] PREVIEW draw begin: type=minecraft:allay rect=216,120 256x118
[18:57:43] [Render thread/INFO] (Minecraft) [STDOUT]: [AEC][PROBE] PREVIEW draw end
[18:57:43] [Render thread/INFO] (Minecraft) [STDOUT]: [AEC][PROBE] ---- frame 24 ----
[18:57:43] [Render thread/INFO] (Minecraft) [STDOUT]: [AEC][PROBE] Screen.render tab=MORPHS
[18:57:43] [Render thread/INFO] (Minecraft) [STDOUT]: [AEC][PROBE] Render: selectedType=minecraft:allay
[18:57:43] [Render thread/INFO] (Minecraft) [STDOUT]: [AEC][PROBE] PreviewRect: rect x=216 y=120 w=256 h=118
[18:57:43] [Render thread/INFO] (Minecraft) [STDOUT]: [SequencerPreview] Icon create: AREA_EFFECT_CLOUD
[18:57:43] [Render thread/INFO] (Minecraft) [STDOUT]: [SequencerPreview] drawEntityAny: start, type=minecraft:area_effect_cloud
[18:57:43] [Render thread/INFO] (Minecraft) [STDOUT]: [AEC][PROBE] ICON AEC: enter size=24
[18:57:43] [Render thread/INFO] (Minecraft) [STDOUT]: [AEC][PROBE] MAEC 2D: enter x=7 y=54 w=24 h=24
[18:57:43] [Render thread/INFO] (Minecraft) [STDOUT]: [AEC][PROBE] MAEC 2D: style: style name='Potion cloud' sprites=false baseDisk=true softPuffs=true grid=8 density=1,15 alpha=0,90 wobble=0,050 puffMul=1,00 tint=0xFF000000
[18:57:43] [Render thread/INFO] (Minecraft) [STDOUT]: [AEC][PROBE] MAEC frames: load
[18:57:43] [Render thread/INFO] (Minecraft) [STDOUT]: [SequencerPreview] drawEntityAny: start, type=minecraft:arrow
[18:57:43] [Render thread/INFO] (Minecraft) [STDOUT]: [SequencerPreview] drawEntityAny: det=-729.0
[18:57:43] [Render thread/INFO] (Minecraft) [STDOUT]: [SequencerPreview] drawEntityAny: start, type=minecraft:block_display
[18:57:43] [Render thread/INFO] (Minecraft) [STDOUT]: [SequencerPreview] drawEntityAny: det=-729.0
[18:57:43] [Render thread/INFO] (Minecraft) [STDOUT]: [SequencerPreview] drawEntityAny: start, type=minecraft:boat
[18:57:43] [Render thread/INFO] (Minecraft) [STDOUT]: [SequencerPreview] drawEntityAny: det=-729.0
[18:57:43] [Render thread/INFO] (Minecraft) [STDOUT]: [AEC][PROBE] getOrCreatePreviewAny: start
[18:57:43] [Render thread/INFO] (Minecraft) [STDOUT]: [AEC][PROBE] getOrCreatePreviewAny: world=true type=true
[18:57:43] [Render thread/INFO] (Minecraft) [STDOUT]: [SequencerPreview] getOrCreatePreviewAny: try type=minecraft:allay
[18:57:43] [Render thread/INFO] (Minecraft) [STDOUT]: [SequencerPreview] getOrCreatePreviewAny: reuse existing instance for minecraft:allay
[18:57:43] [Render thread/INFO] (Minecraft) [STDOUT]: [AEC][PROBE] PREVIEW draw begin: type=minecraft:allay rect=216,120 256x118
[18:57:43] [Render thread/INFO] (Minecraft) [STDOUT]: [AEC][PROBE] PREVIEW draw end
[18:57:43] [Render thread/INFO] (Minecraft) [STDOUT]: [AEC][PROBE] ---- frame 25 ----
[18:57:43] [Render thread/INFO] (Minecraft) [STDOUT]: [AEC][PROBE] Screen.render tab=MORPHS
[18:57:43] [Render thread/INFO] (Minecraft) [STDOUT]: [AEC][PROBE] Render: selectedType=minecraft:allay
[18:57:43] [Render thread/INFO] (Minecraft) [STDOUT]: [AEC][PROBE] PreviewRect: rect x=216 y=120 w=256 h=118
[18:57:43] [Render thread/INFO] (Minecraft) [STDOUT]: [SequencerPreview] Icon create: AREA_EFFECT_CLOUD
[18:57:43] [Render thread/INFO] (Minecraft) [STDOUT]: [SequencerPreview] drawEntityAny: start, type=minecraft:area_effect_cloud
[18:57:43] [Render thread/INFO] (Minecraft) [STDOUT]: [AEC][PROBE] ICON AEC: enter size=24
[18:57:43] [Render thread/INFO] (Minecraft) [STDOUT]: [AEC][PROBE] MAEC 2D: enter x=7 y=54 w=24 h=24
[18:57:43] [Render thread/INFO] (Minecraft) [STDOUT]: [AEC][PROBE] MAEC 2D: style: style name='Potion cloud' sprites=false baseDisk=true softPuffs=true grid=8 density=1,15 alpha=0,90 wobble=0,050 puffMul=1,00 tint=0xFF000000
[18:57:43] [Render thread/INFO] (Minecraft) [STDOUT]: [AEC][PROBE] MAEC frames: load
[18:57:43] [Render thread/INFO] (Minecraft) [STDOUT]: [SequencerPreview] drawEntityAny: start, type=minecraft:arrow
[18:57:43] [Render thread/INFO] (Minecraft) [STDOUT]: [SequencerPreview] drawEntityAny: det=-729.0
[18:57:43] [Render thread/INFO] (Minecraft) [STDOUT]: [SequencerPreview] drawEntityAny: start, type=minecraft:block_display
[18:57:43] [Render thread/INFO] (Minecraft) [STDOUT]: [SequencerPreview] drawEntityAny: det=-729.0
[18:57:43] [Render thread/INFO] (Minecraft) [STDOUT]: [SequencerPreview] drawEntityAny: start, type=minecraft:boat
[18:57:43] [Render thread/INFO] (Minecraft) [STDOUT]: [SequencerPreview] drawEntityAny: det=-729.0
[18:57:43] [Render thread/INFO] (Minecraft) [STDOUT]: [AEC][PROBE] getOrCreatePreviewAny: start
[18:57:43] [Render thread/INFO] (Minecraft) [STDOUT]: [AEC][PROBE] getOrCreatePreviewAny: world=true type=true
[18:57:43] [Render thread/INFO] (Minecraft) [STDOUT]: [SequencerPreview] getOrCreatePreviewAny: try type=minecraft:allay
[18:57:43] [Render thread/INFO] (Minecraft) [STDOUT]: [SequencerPreview] getOrCreatePreviewAny: reuse existing instance for minecraft:allay
[18:57:43] [Render thread/INFO] (Minecraft) [STDOUT]: [AEC][PROBE] PREVIEW draw begin: type=minecraft:allay rect=216,120 256x118
[18:57:43] [Render thread/INFO] (Minecraft) [STDOUT]: [AEC][PROBE] PREVIEW draw end
[18:57:43] [Render thread/INFO] (Minecraft) [STDOUT]: [AEC][PROBE] MOVE screen: x=240,8 y=135,0
[18:57:43] [Render thread/INFO] (Minecraft) [STDOUT]: [AEC][PROBE] ---- frame 26 ----
[18:57:43] [Render thread/INFO] (Minecraft) [STDOUT]: [AEC][PROBE] Screen.render tab=MORPHS
[18:57:43] [Render thread/INFO] (Minecraft) [STDOUT]: [AEC][PROBE] Render: selectedType=minecraft:allay
[18:57:43] [Render thread/INFO] (Minecraft) [STDOUT]: [AEC][PROBE] PreviewRect: rect x=216 y=120 w=256 h=118
[18:57:43] [Render thread/INFO] (Minecraft) [STDOUT]: [SequencerPreview] Icon create: AREA_EFFECT_CLOUD
[18:57:43] [Render thread/INFO] (Minecraft) [STDOUT]: [SequencerPreview] drawEntityAny: start, type=minecraft:area_effect_cloud
[18:57:43] [Render thread/INFO] (Minecraft) [STDOUT]: [AEC][PROBE] ICON AEC: enter size=24
[18:57:43] [Render thread/INFO] (Minecraft) [STDOUT]: [AEC][PROBE] MAEC 2D: enter x=7 y=54 w=24 h=24
[18:57:43] [Render thread/INFO] (Minecraft) [STDOUT]: [AEC][PROBE] MAEC 2D: style: style name='Potion cloud' sprites=false baseDisk=true softPuffs=true grid=8 density=1,15 alpha=0,90 wobble=0,050 puffMul=1,00 tint=0xFF000000
[18:57:43] [Render thread/INFO] (Minecraft) [STDOUT]: [AEC][PROBE] MAEC frames: load
[18:57:43] [Render thread/INFO] (Minecraft) [STDOUT]: [SequencerPreview] drawEntityAny: start, type=minecraft:arrow
[18:57:43] [Render thread/INFO] (Minecraft) [STDOUT]: [SequencerPreview] drawEntityAny: det=-729.0
[18:57:43] [Render thread/INFO] (Minecraft) [STDOUT]: [SequencerPreview] drawEntityAny: start, type=minecraft:block_display
[18:57:43] [Render thread/INFO] (Minecraft) [STDOUT]: [SequencerPreview] drawEntityAny: det=-729.0
[18:57:43] [Render thread/INFO] (Minecraft) [STDOUT]: [SequencerPreview] drawEntityAny: start, type=minecraft:boat
[18:57:43] [Render thread/INFO] (Minecraft) [STDOUT]: [SequencerPreview] drawEntityAny: det=-729.0
[18:57:43] [Render thread/INFO] (Minecraft) [STDOUT]: [AEC][PROBE] getOrCreatePreviewAny: start
[18:57:43] [Render thread/INFO] (Minecraft) [STDOUT]: [AEC][PROBE] getOrCreatePreviewAny: world=true type=true
[18:57:43] [Render thread/INFO] (Minecraft) [STDOUT]: [SequencerPreview] getOrCreatePreviewAny: try type=minecraft:allay
[18:57:43] [Render thread/INFO] (Minecraft) [STDOUT]: [SequencerPreview] getOrCreatePreviewAny: reuse existing instance for minecraft:allay
[18:57:43] [Render thread/INFO] (Minecraft) [STDOUT]: [AEC][PROBE] PREVIEW draw begin: type=minecraft:allay rect=216,120 256x118
[18:57:43] [Render thread/INFO] (Minecraft) [STDOUT]: [AEC][PROBE] PREVIEW draw end
[18:57:43] [Render thread/INFO] (Minecraft) [STDOUT]: [AEC][PROBE] ---- frame 27 ----
[18:57:43] [Render thread/INFO] (Minecraft) [STDOUT]: [AEC][PROBE] Screen.render tab=MORPHS
[18:57:43] [Render thread/INFO] (Minecraft) [STDOUT]: [AEC][PROBE] Render: selectedType=minecraft:allay
[18:57:43] [Render thread/INFO] (Minecraft) [STDOUT]: [AEC][PROBE] PreviewRect: rect x=216 y=120 w=256 h=118
[18:57:43] [Render thread/INFO] (Minecraft) [STDOUT]: [SequencerPreview] Icon create: AREA_EFFECT_CLOUD
[18:57:43] [Render thread/INFO] (Minecraft) [STDOUT]: [SequencerPreview] drawEntityAny: start, type=minecraft:area_effect_cloud
[18:57:43] [Render thread/INFO] (Minecraft) [STDOUT]: [AEC][PROBE] ICON AEC: enter size=24
[18:57:43] [Render thread/INFO] (Minecraft) [STDOUT]: [AEC][PROBE] MAEC 2D: enter x=7 y=54 w=24 h=24
[18:57:43] [Render thread/INFO] (Minecraft) [STDOUT]: [AEC][PROBE] MAEC 2D: style: style name='Potion cloud' sprites=false baseDisk=true softPuffs=true grid=8 density=1,15 alpha=0,90 wobble=0,050 puffMul=1,00 tint=0xFF000000
[18:57:43] [Render thread/INFO] (Minecraft) [STDOUT]: [AEC][PROBE] MAEC frames: load
[18:57:43] [Render thread/INFO] (Minecraft) [STDOUT]: [SequencerPreview] drawEntityAny: start, type=minecraft:arrow
[18:57:43] [Render thread/INFO] (Minecraft) [STDOUT]: [SequencerPreview] drawEntityAny: det=-729.0
[18:57:43] [Render thread/INFO] (Minecraft) [STDOUT]: [SequencerPreview] drawEntityAny: start, type=minecraft:block_display
[18:57:43] [Render thread/INFO] (Minecraft) [STDOUT]: [SequencerPreview] drawEntityAny: det=-729.0
[18:57:43] [Render thread/INFO] (Minecraft) [STDOUT]: [SequencerPreview] drawEntityAny: start, type=minecraft:boat
[18:57:43] [Render thread/INFO] (Minecraft) [STDOUT]: [SequencerPreview] drawEntityAny: det=-729.0
[18:57:43] [Render thread/INFO] (Minecraft) [STDOUT]: [AEC][PROBE] getOrCreatePreviewAny: start
[18:57:43] [Render thread/INFO] (Minecraft) [STDOUT]: [AEC][PROBE] getOrCreatePreviewAny: world=true type=true
[18:57:43] [Render thread/INFO] (Minecraft) [STDOUT]: [SequencerPreview] getOrCreatePreviewAny: try type=minecraft:allay
[18:57:43] [Render thread/INFO] (Minecraft) [STDOUT]: [SequencerPreview] getOrCreatePreviewAny: reuse existing instance for minecraft:allay
[18:57:43] [Render thread/INFO] (Minecraft) [STDOUT]: [AEC][PROBE] PREVIEW draw begin: type=minecraft:allay rect=216,120 256x118
[18:57:43] [Render thread/INFO] (Minecraft) [STDOUT]: [AEC][PROBE] PREVIEW draw end
[18:57:43] [Render thread/INFO] (Minecraft) [STDOUT]: [AEC][PROBE] ---- frame 28 ----
[18:57:43] [Render thread/INFO] (Minecraft) [STDOUT]: [AEC][PROBE] Screen.render tab=MORPHS
[18:57:43] [Render thread/INFO] (Minecraft) [STDOUT]: [AEC][PROBE] Render: selectedType=minecraft:allay
[18:57:43] [Render thread/INFO] (Minecraft) [STDOUT]: [AEC][PROBE] PreviewRect: rect x=216 y=120 w=256 h=118
[18:57:43] [Render thread/INFO] (Minecraft) [STDOUT]: [SequencerPreview] Icon create: AREA_EFFECT_CLOUD
[18:57:43] [Render thread/INFO] (Minecraft) [STDOUT]: [SequencerPreview] drawEntityAny: start, type=minecraft:area_effect_cloud
[18:57:43] [Render thread/INFO] (Minecraft) [STDOUT]: [AEC][PROBE] ICON AEC: enter size=24
[18:57:43] [Render thread/INFO] (Minecraft) [STDOUT]: [AEC][PROBE] MAEC 2D: enter x=7 y=54 w=24 h=24
[18:57:43] [Render thread/INFO] (Minecraft) [STDOUT]: [AEC][PROBE] MAEC 2D: style: style name='Potion cloud' sprites=false baseDisk=true softPuffs=true grid=8 density=1,15 alpha=0,90 wobble=0,050 puffMul=1,00 tint=0xFF000000
[18:57:43] [Render thread/INFO] (Minecraft) [STDOUT]: [AEC][PROBE] MAEC frames: load
[18:57:43] [Render thread/INFO] (Minecraft) [STDOUT]: [SequencerPreview] drawEntityAny: start, type=minecraft:arrow
[18:57:43] [Render thread/INFO] (Minecraft) [STDOUT]: [SequencerPreview] drawEntityAny: det=-729.0
[18:57:43] [Render thread/INFO] (Minecraft) [STDOUT]: [SequencerPreview] drawEntityAny: start, type=minecraft:block_display
[18:57:43] [Render thread/INFO] (Minecraft) [STDOUT]: [SequencerPreview] drawEntityAny: det=-729.0
[18:57:43] [Render thread/INFO] (Minecraft) [STDOUT]: [SequencerPreview] drawEntityAny: start, type=minecraft:boat
[18:57:43] [Render thread/INFO] (Minecraft) [STDOUT]: [SequencerPreview] drawEntityAny: det=-729.0
[18:57:43] [Render thread/INFO] (Minecraft) [STDOUT]: [AEC][PROBE] getOrCreatePreviewAny: start
[18:57:43] [Render thread/INFO] (Minecraft) [STDOUT]: [AEC][PROBE] getOrCreatePreviewAny: world=true type=true
[18:57:43] [Render thread/INFO] (Minecraft) [STDOUT]: [SequencerPreview] getOrCreatePreviewAny: try type=minecraft:allay
[18:57:43] [Render thread/INFO] (Minecraft) [STDOUT]: [SequencerPreview] getOrCreatePreviewAny: reuse existing instance for minecraft:allay
[18:57:43] [Render thread/INFO] (Minecraft) [STDOUT]: [AEC][PROBE] PREVIEW draw begin: type=minecraft:allay rect=216,120 256x118
[18:57:43] [Render thread/INFO] (Minecraft) [STDOUT]: [AEC][PROBE] PREVIEW draw end
[18:57:43] [Render thread/INFO] (Minecraft) [STDOUT]: [AEC][PROBE] ---- frame 29 ----
[18:57:43] [Render thread/INFO] (Minecraft) [STDOUT]: [AEC][PROBE] Screen.render tab=MORPHS
[18:57:43] [Render thread/INFO] (Minecraft) [STDOUT]: [AEC][PROBE] Render: selectedType=minecraft:allay
[18:57:43] [Render thread/INFO] (Minecraft) [STDOUT]: [AEC][PROBE] PreviewRect: rect x=216 y=120 w=256 h=118
[18:57:43] [Render thread/INFO] (Minecraft) [STDOUT]: [SequencerPreview] Icon create: AREA_EFFECT_CLOUD
[18:57:43] [Render thread/INFO] (Minecraft) [STDOUT]: [SequencerPreview] drawEntityAny: start, type=minecraft:area_effect_cloud
[18:57:43] [Render thread/INFO] (Minecraft) [STDOUT]: [AEC][PROBE] ICON AEC: enter size=24
[18:57:43] [Render thread/INFO] (Minecraft) [STDOUT]: [AEC][PROBE] MAEC 2D: enter x=7 y=54 w=24 h=24
[18:57:43] [Render thread/INFO] (Minecraft) [STDOUT]: [AEC][PROBE] MAEC 2D: style: style name='Potion cloud' sprites=false baseDisk=true softPuffs=true grid=8 density=1,15 alpha=0,90 wobble=0,050 puffMul=1,00 tint=0xFF000000
[18:57:43] [Render thread/INFO] (Minecraft) [STDOUT]: [AEC][PROBE] MAEC frames: load
[18:57:43] [Render thread/INFO] (Minecraft) [STDOUT]: [SequencerPreview] drawEntityAny: start, type=minecraft:arrow
[18:57:43] [Render thread/INFO] (Minecraft) [STDOUT]: [SequencerPreview] drawEntityAny: det=-729.0
[18:57:43] [Render thread/INFO] (Minecraft) [STDOUT]: [SequencerPreview] drawEntityAny: start, type=minecraft:block_display
[18:57:43] [Render thread/INFO] (Minecraft) [STDOUT]: [SequencerPreview] drawEntityAny: det=-729.0
[18:57:43] [Render thread/INFO] (Minecraft) [STDOUT]: [SequencerPreview] drawEntityAny: start, type=minecraft:boat
[18:57:43] [Render thread/INFO] (Minecraft) [STDOUT]: [SequencerPreview] drawEntityAny: det=-729.0
[18:57:43] [Render thread/INFO] (Minecraft) [STDOUT]: [AEC][PROBE] getOrCreatePreviewAny: start
[18:57:43] [Render thread/INFO] (Minecraft) [STDOUT]: [AEC][PROBE] getOrCreatePreviewAny: world=true type=true
[18:57:43] [Render thread/INFO] (Minecraft) [STDOUT]: [SequencerPreview] getOrCreatePreviewAny: try type=minecraft:allay
[18:57:43] [Render thread/INFO] (Minecraft) [STDOUT]: [SequencerPreview] getOrCreatePreviewAny: reuse existing instance for minecraft:allay
[18:57:43] [Render thread/INFO] (Minecraft) [STDOUT]: [AEC][PROBE] PREVIEW draw begin: type=minecraft:allay rect=216,120 256x118
[18:57:43] [Render thread/INFO] (Minecraft) [STDOUT]: [AEC][PROBE] PREVIEW draw end
[18:57:43] [Render thread/INFO] (Minecraft) [STDOUT]: [AEC][PROBE] ---- frame 30 ----
[18:57:43] [Render thread/INFO] (Minecraft) [STDOUT]: [AEC][PROBE] Screen.render tab=MORPHS
[18:57:43] [Render thread/INFO] (Minecraft) [STDOUT]: [AEC][PROBE] Render: selectedType=minecraft:allay
[18:57:43] [Render thread/INFO] (Minecraft) [STDOUT]: [AEC][PROBE] PreviewRect: rect x=216 y=120 w=256 h=118
[18:57:43] [Render thread/INFO] (Minecraft) [STDOUT]: [SequencerPreview] Icon create: AREA_EFFECT_CLOUD
[18:57:43] [Render thread/INFO] (Minecraft) [STDOUT]: [SequencerPreview] drawEntityAny: start, type=minecraft:area_effect_cloud
[18:57:43] [Render thread/INFO] (Minecraft) [STDOUT]: [AEC][PROBE] ICON AEC: enter size=24
[18:57:43] [Render thread/INFO] (Minecraft) [STDOUT]: [AEC][PROBE] MAEC 2D: enter x=7 y=54 w=24 h=24
[18:57:43] [Render thread/INFO] (Minecraft) [STDOUT]: [AEC][PROBE] MAEC 2D: style: style name='Potion cloud' sprites=false baseDisk=true softPuffs=true grid=8 density=1,15 alpha=0,90 wobble=0,050 puffMul=1,00 tint=0xFF000000
[18:57:43] [Render thread/INFO] (Minecraft) [STDOUT]: [AEC][PROBE] MAEC frames: load
[18:57:43] [Render thread/INFO] (Minecraft) [STDOUT]: [SequencerPreview] drawEntityAny: start, type=minecraft:arrow
[18:57:43] [Render thread/INFO] (Minecraft) [STDOUT]: [SequencerPreview] drawEntityAny: det=-729.0
[18:57:43] [Render thread/INFO] (Minecraft) [STDOUT]: [SequencerPreview] drawEntityAny: start, type=minecraft:block_display
[18:57:43] [Render thread/INFO] (Minecraft) [STDOUT]: [SequencerPreview] drawEntityAny: det=-729.0
[18:57:43] [Render thread/INFO] (Minecraft) [STDOUT]: [SequencerPreview] drawEntityAny: start, type=minecraft:boat
[18:57:43] [Render thread/INFO] (Minecraft) [STDOUT]: [SequencerPreview] drawEntityAny: det=-729.0
[18:57:43] [Render thread/INFO] (Minecraft) [STDOUT]: [AEC][PROBE] getOrCreatePreviewAny: start
[18:57:43] [Render thread/INFO] (Minecraft) [STDOUT]: [AEC][PROBE] getOrCreatePreviewAny: world=true type=true
[18:57:43] [Render thread/INFO] (Minecraft) [STDOUT]: [SequencerPreview] getOrCreatePreviewAny: try type=minecraft:allay
[18:57:43] [Render thread/INFO] (Minecraft) [STDOUT]: [SequencerPreview] getOrCreatePreviewAny: reuse existing instance for minecraft:allay
[18:57:43] [Render thread/INFO] (Minecraft) [STDOUT]: [AEC][PROBE] PREVIEW draw begin: type=minecraft:allay rect=216,120 256x118
[18:57:43] [Render thread/INFO] (Minecraft) [STDOUT]: [AEC][PROBE] PREVIEW draw end
[18:57:43] [Render thread/INFO] (Minecraft) [STDOUT]: [AEC][PROBE] ---- frame 31 ----
[18:57:43] [Render thread/INFO] (Minecraft) [STDOUT]: [AEC][PROBE] Screen.render tab=MORPHS
[18:57:43] [Render thread/INFO] (Minecraft) [STDOUT]: [AEC][PROBE] Render: selectedType=minecraft:allay
[18:57:43] [Render thread/INFO] (Minecraft) [STDOUT]: [AEC][PROBE] PreviewRect: rect x=216 y=120 w=256 h=118
[18:57:43] [Render thread/INFO] (Minecraft) [STDOUT]: [SequencerPreview] Icon create: AREA_EFFECT_CLOUD
[18:57:43] [Render thread/INFO] (Minecraft) [STDOUT]: [SequencerPreview] drawEntityAny: start, type=minecraft:area_effect_cloud
[18:57:43] [Render thread/INFO] (Minecraft) [STDOUT]: [AEC][PROBE] ICON AEC: enter size=24
[18:57:43] [Render thread/INFO] (Minecraft) [STDOUT]: [AEC][PROBE] MAEC 2D: enter x=7 y=54 w=24 h=24
[18:57:43] [Render thread/INFO] (Minecraft) [STDOUT]: [AEC][PROBE] MAEC 2D: style: style name='Potion cloud' sprites=false baseDisk=true softPuffs=true grid=8 density=1,15 alpha=0,90 wobble=0,050 puffMul=1,00 tint=0xFF000000
[18:57:43] [Render thread/INFO] (Minecraft) [STDOUT]: [AEC][PROBE] MAEC frames: load
[18:57:43] [Render thread/INFO] (Minecraft) [STDOUT]: [SequencerPreview] drawEntityAny: start, type=minecraft:arrow
[18:57:43] [Render thread/INFO] (Minecraft) [STDOUT]: [SequencerPreview] drawEntityAny: det=-729.0
[18:57:43] [Render thread/INFO] (Minecraft) [STDOUT]: [SequencerPreview] drawEntityAny: start, type=minecraft:block_display
[18:57:43] [Render thread/INFO] (Minecraft) [STDOUT]: [SequencerPreview] drawEntityAny: det=-729.0
[18:57:43] [Render thread/INFO] (Minecraft) [STDOUT]: [SequencerPreview] drawEntityAny: start, type=minecraft:boat
[18:57:43] [Render thread/INFO] (Minecraft) [STDOUT]: [SequencerPreview] drawEntityAny: det=-729.0
[18:57:43] [Render thread/INFO] (Minecraft) [STDOUT]: [AEC][PROBE] getOrCreatePreviewAny: start
[18:57:43] [Render thread/INFO] (Minecraft) [STDOUT]: [AEC][PROBE] getOrCreatePreviewAny: world=true type=true
[18:57:43] [Render thread/INFO] (Minecraft) [STDOUT]: [SequencerPreview] getOrCreatePreviewAny: try type=minecraft:allay
[18:57:43] [Render thread/INFO] (Minecraft) [STDOUT]: [SequencerPreview] getOrCreatePreviewAny: reuse existing instance for minecraft:allay
[18:57:43] [Render thread/INFO] (Minecraft) [STDOUT]: [AEC][PROBE] PREVIEW draw begin: type=minecraft:allay rect=216,120 256x118
[18:57:43] [Render thread/INFO] (Minecraft) [STDOUT]: [AEC][PROBE] PREVIEW draw end
[18:57:43] [Render thread/INFO] (Minecraft) [STDOUT]: [AEC][PROBE] ---- frame 32 ----
[18:57:43] [Render thread/INFO] (Minecraft) [STDOUT]: [AEC][PROBE] Screen.render tab=MORPHS
[18:57:43] [Render thread/INFO] (Minecraft) [STDOUT]: [AEC][PROBE] Render: selectedType=minecraft:allay
[18:57:43] [Render thread/INFO] (Minecraft) [STDOUT]: [AEC][PROBE] PreviewRect: rect x=216 y=120 w=256 h=118
[18:57:43] [Render thread/INFO] (Minecraft) [STDOUT]: [SequencerPreview] Icon create: AREA_EFFECT_CLOUD
[18:57:43] [Render thread/INFO] (Minecraft) [STDOUT]: [SequencerPreview] drawEntityAny: start, type=minecraft:area_effect_cloud
[18:57:43] [Render thread/INFO] (Minecraft) [STDOUT]: [AEC][PROBE] ICON AEC: enter size=24
[18:57:43] [Render thread/INFO] (Minecraft) [STDOUT]: [AEC][PROBE] MAEC 2D: enter x=7 y=54 w=24 h=24
[18:57:43] [Render thread/INFO] (Minecraft) [STDOUT]: [AEC][PROBE] MAEC 2D: style: style name='Potion cloud' sprites=false baseDisk=true softPuffs=true grid=8 density=1,15 alpha=0,90 wobble=0,050 puffMul=1,00 tint=0xFF000000
[18:57:43] [Render thread/INFO] (Minecraft) [STDOUT]: [AEC][PROBE] MAEC frames: load
[18:57:43] [Render thread/INFO] (Minecraft) [STDOUT]: [SequencerPreview] drawEntityAny: start, type=minecraft:arrow
[18:57:43] [Render thread/INFO] (Minecraft) [STDOUT]: [SequencerPreview] drawEntityAny: det=-729.0
[18:57:43] [Render thread/INFO] (Minecraft) [STDOUT]: [SequencerPreview] drawEntityAny: start, type=minecraft:block_display
[18:57:43] [Render thread/INFO] (Minecraft) [STDOUT]: [SequencerPreview] drawEntityAny: det=-729.0
[18:57:43] [Render thread/INFO] (Minecraft) [STDOUT]: [SequencerPreview] drawEntityAny: start, type=minecraft:boat
[18:57:43] [Render thread/INFO] (Minecraft) [STDOUT]: [SequencerPreview] drawEntityAny: det=-729.0
[18:57:43] [Render thread/INFO] (Minecraft) [STDOUT]: [AEC][PROBE] getOrCreatePreviewAny: start
[18:57:43] [Render thread/INFO] (Minecraft) [STDOUT]: [AEC][PROBE] getOrCreatePreviewAny: world=true type=true
[18:57:43] [Render thread/INFO] (Minecraft) [STDOUT]: [SequencerPreview] getOrCreatePreviewAny: try type=minecraft:allay
[18:57:43] [Render thread/INFO] (Minecraft) [STDOUT]: [SequencerPreview] getOrCreatePreviewAny: reuse existing instance for minecraft:allay
[18:57:43] [Render thread/INFO] (Minecraft) [STDOUT]: [AEC][PROBE] PREVIEW draw begin: type=minecraft:allay rect=216,120 256x118
[18:57:43] [Render thread/INFO] (Minecraft) [STDOUT]: [AEC][PROBE] PREVIEW draw end
[18:57:43] [Render thread/INFO] (Minecraft) [STDOUT]: [AEC][PROBE] ---- frame 33 ----
[18:57:43] [Render thread/INFO] (Minecraft) [STDOUT]: [AEC][PROBE] Screen.render tab=MORPHS
[18:57:43] [Render thread/INFO] (Minecraft) [STDOUT]: [AEC][PROBE] Render: selectedType=minecraft:allay
[18:57:43] [Render thread/INFO] (Minecraft) [STDOUT]: [AEC][PROBE] PreviewRect: rect x=216 y=120 w=256 h=118
[18:57:43] [Render thread/INFO] (Minecraft) [STDOUT]: [SequencerPreview] Icon create: AREA_EFFECT_CLOUD
[18:57:43] [Render thread/INFO] (Minecraft) [STDOUT]: [SequencerPreview] drawEntityAny: start, type=minecraft:area_effect_cloud
[18:57:43] [Render thread/INFO] (Minecraft) [STDOUT]: [AEC][PROBE] ICON AEC: enter size=24
[18:57:43] [Render thread/INFO] (Minecraft) [STDOUT]: [AEC][PROBE] MAEC 2D: enter x=7 y=54 w=24 h=24
[18:57:43] [Render thread/INFO] (Minecraft) [STDOUT]: [AEC][PROBE] MAEC 2D: style: style name='Potion cloud' sprites=false baseDisk=true softPuffs=true grid=8 density=1,15 alpha=0,90 wobble=0,050 puffMul=1,00 tint=0xFF000000
[18:57:43] [Render thread/INFO] (Minecraft) [STDOUT]: [AEC][PROBE] MAEC frames: load
[18:57:43] [Render thread/INFO] (Minecraft) [STDOUT]: [SequencerPreview] drawEntityAny: start, type=minecraft:arrow
[18:57:43] [Render thread/INFO] (Minecraft) [STDOUT]: [SequencerPreview] drawEntityAny: det=-729.0
[18:57:43] [Render thread/INFO] (Minecraft) [STDOUT]: [SequencerPreview] drawEntityAny: start, type=minecraft:block_display
[18:57:43] [Render thread/INFO] (Minecraft) [STDOUT]: [SequencerPreview] drawEntityAny: det=-729.0
[18:57:43] [Render thread/INFO] (Minecraft) [STDOUT]: [SequencerPreview] drawEntityAny: start, type=minecraft:boat
[18:57:43] [Render thread/INFO] (Minecraft) [STDOUT]: [SequencerPreview] drawEntityAny: det=-729.0
[18:57:43] [Render thread/INFO] (Minecraft) [STDOUT]: [AEC][PROBE] getOrCreatePreviewAny: start
[18:57:43] [Render thread/INFO] (Minecraft) [STDOUT]: [AEC][PROBE] getOrCreatePreviewAny: world=true type=true
[18:57:43] [Render thread/INFO] (Minecraft) [STDOUT]: [SequencerPreview] getOrCreatePreviewAny: try type=minecraft:allay
[18:57:43] [Render thread/INFO] (Minecraft) [STDOUT]: [SequencerPreview] getOrCreatePreviewAny: reuse existing instance for minecraft:allay
[18:57:43] [Render thread/INFO] (Minecraft) [STDOUT]: [AEC][PROBE] PREVIEW draw begin: type=minecraft:allay rect=216,120 256x118
[18:57:43] [Render thread/INFO] (Minecraft) [STDOUT]: [AEC][PROBE] PREVIEW draw end
[18:57:43] [Render thread/INFO] (Minecraft) [STDOUT]: [AEC][PROBE] ---- frame 34 ----
[18:57:43] [Render thread/INFO] (Minecraft) [STDOUT]: [AEC][PROBE] Screen.render tab=MORPHS
[18:57:43] [Render thread/INFO] (Minecraft) [STDOUT]: [AEC][PROBE] Render: selectedType=minecraft:allay
[18:57:43] [Render thread/INFO] (Minecraft) [STDOUT]: [AEC][PROBE] PreviewRect: rect x=216 y=120 w=256 h=118
[18:57:43] [Render thread/INFO] (Minecraft) [STDOUT]: [SequencerPreview] Icon create: AREA_EFFECT_CLOUD
[18:57:43] [Render thread/INFO] (Minecraft) [STDOUT]: [SequencerPreview] drawEntityAny: start, type=minecraft:area_effect_cloud
[18:57:43] [Render thread/INFO] (Minecraft) [STDOUT]: [AEC][PROBE] ICON AEC: enter size=24
[18:57:43] [Render thread/INFO] (Minecraft) [STDOUT]: [AEC][PROBE] MAEC 2D: enter x=7 y=54 w=24 h=24
[18:57:43] [Render thread/INFO] (Minecraft) [STDOUT]: [AEC][PROBE] MAEC 2D: style: style name='Potion cloud' sprites=false baseDisk=true softPuffs=true grid=8 density=1,15 alpha=0,90 wobble=0,050 puffMul=1,00 tint=0xFF000000
[18:57:43] [Render thread/INFO] (Minecraft) [STDOUT]: [AEC][PROBE] MAEC frames: load
[18:57:43] [Render thread/INFO] (Minecraft) [STDOUT]: [SequencerPreview] drawEntityAny: start, type=minecraft:arrow
[18:57:43] [Render thread/INFO] (Minecraft) [STDOUT]: [SequencerPreview] drawEntityAny: det=-729.0
[18:57:43] [Render thread/INFO] (Minecraft) [STDOUT]: [SequencerPreview] drawEntityAny: start, type=minecraft:block_display
[18:57:43] [Render thread/INFO] (Minecraft) [STDOUT]: [SequencerPreview] drawEntityAny: det=-729.0
[18:57:43] [Render thread/INFO] (Minecraft) [STDOUT]: [SequencerPreview] drawEntityAny: start, type=minecraft:boat
[18:57:43] [Render thread/INFO] (Minecraft) [STDOUT]: [SequencerPreview] drawEntityAny: det=-729.0
[18:57:43] [Render thread/INFO] (Minecraft) [STDOUT]: [AEC][PROBE] getOrCreatePreviewAny: start
[18:57:43] [Render thread/INFO] (Minecraft) [STDOUT]: [AEC][PROBE] getOrCreatePreviewAny: world=true type=true
[18:57:43] [Render thread/INFO] (Minecraft) [STDOUT]: [SequencerPreview] getOrCreatePreviewAny: try type=minecraft:allay
[18:57:43] [Render thread/INFO] (Minecraft) [STDOUT]: [SequencerPreview] getOrCreatePreviewAny: reuse existing instance for minecraft:allay
[18:57:43] [Render thread/INFO] (Minecraft) [STDOUT]: [AEC][PROBE] PREVIEW draw begin: type=minecraft:allay rect=216,120 256x118
[18:57:43] [Render thread/INFO] (Minecraft) [STDOUT]: [AEC][PROBE] PREVIEW draw end
[18:57:43] [Render thread/INFO] (Minecraft) [STDOUT]: [AEC][PROBE] ---- frame 35 ----
[18:57:43] [Render thread/INFO] (Minecraft) [STDOUT]: [AEC][PROBE] Screen.render tab=MORPHS
[18:57:43] [Render thread/INFO] (Minecraft) [STDOUT]: [AEC][PROBE] Render: selectedType=minecraft:allay
[18:57:43] [Render thread/INFO] (Minecraft) [STDOUT]: [AEC][PROBE] PreviewRect: rect x=216 y=120 w=256 h=118
[18:57:43] [Render thread/INFO] (Minecraft) [STDOUT]: [SequencerPreview] Icon create: AREA_EFFECT_CLOUD
[18:57:43] [Render thread/INFO] (Minecraft) [STDOUT]: [SequencerPreview] drawEntityAny: start, type=minecraft:area_effect_cloud
[18:57:43] [Render thread/INFO] (Minecraft) [STDOUT]: [AEC][PROBE] ICON AEC: enter size=24
[18:57:43] [Render thread/INFO] (Minecraft) [STDOUT]: [AEC][PROBE] MAEC 2D: enter x=7 y=54 w=24 h=24
[18:57:43] [Render thread/INFO] (Minecraft) [STDOUT]: [AEC][PROBE] MAEC 2D: style: style name='Potion cloud' sprites=false baseDisk=true softPuffs=true grid=8 density=1,15 alpha=0,90 wobble=0,050 puffMul=1,00 tint=0xFF000000
[18:57:43] [Render thread/INFO] (Minecraft) [STDOUT]: [AEC][PROBE] MAEC frames: load
[18:57:43] [Render thread/INFO] (Minecraft) [STDOUT]: [SequencerPreview] drawEntityAny: start, type=minecraft:arrow
[18:57:43] [Render thread/INFO] (Minecraft) [STDOUT]: [SequencerPreview] drawEntityAny: det=-729.0
[18:57:43] [Render thread/INFO] (Minecraft) [STDOUT]: [SequencerPreview] drawEntityAny: start, type=minecraft:block_display
[18:57:43] [Render thread/INFO] (Minecraft) [STDOUT]: [SequencerPreview] drawEntityAny: det=-729.0
[18:57:43] [Render thread/INFO] (Minecraft) [STDOUT]: [SequencerPreview] drawEntityAny: start, type=minecraft:boat
[18:57:43] [Render thread/INFO] (Minecraft) [STDOUT]: [SequencerPreview] drawEntityAny: det=-729.0
[18:57:43] [Render thread/INFO] (Minecraft) [STDOUT]: [AEC][PROBE] getOrCreatePreviewAny: start
[18:57:43] [Render thread/INFO] (Minecraft) [STDOUT]: [AEC][PROBE] getOrCreatePreviewAny: world=true type=true
[18:57:43] [Render thread/INFO] (Minecraft) [STDOUT]: [SequencerPreview] getOrCreatePreviewAny: try type=minecraft:allay
[18:57:43] [Render thread/INFO] (Minecraft) [STDOUT]: [SequencerPreview] getOrCreatePreviewAny: reuse existing instance for minecraft:allay
[18:57:43] [Render thread/INFO] (Minecraft) [STDOUT]: [AEC][PROBE] PREVIEW draw begin: type=minecraft:allay rect=216,120 256x118
[18:57:43] [Render thread/INFO] (Minecraft) [STDOUT]: [AEC][PROBE] PREVIEW draw end
[18:57:43] [Render thread/INFO] (Minecraft) [STDOUT]: [AEC][PROBE] ---- frame 36 ----
[18:57:43] [Render thread/INFO] (Minecraft) [STDOUT]: [AEC][PROBE] Screen.render tab=MORPHS
[18:57:43] [Render thread/INFO] (Minecraft) [STDOUT]: [AEC][PROBE] Render: selectedType=minecraft:allay
[18:57:43] [Render thread/INFO] (Minecraft) [STDOUT]: [AEC][PROBE] PreviewRect: rect x=216 y=120 w=256 h=118
[18:57:43] [Render thread/INFO] (Minecraft) [STDOUT]: [SequencerPreview] Icon create: AREA_EFFECT_CLOUD
[18:57:43] [Render thread/INFO] (Minecraft) [STDOUT]: [SequencerPreview] drawEntityAny: start, type=minecraft:area_effect_cloud
[18:57:43] [Render thread/INFO] (Minecraft) [STDOUT]: [AEC][PROBE] ICON AEC: enter size=24
[18:57:43] [Render thread/INFO] (Minecraft) [STDOUT]: [AEC][PROBE] MAEC 2D: enter x=7 y=54 w=24 h=24
[18:57:43] [Render thread/INFO] (Minecraft) [STDOUT]: [AEC][PROBE] MAEC 2D: style: style name='Potion cloud' sprites=false baseDisk=true softPuffs=true grid=8 density=1,15 alpha=0,90 wobble=0,050 puffMul=1,00 tint=0xFF000000
[18:57:43] [Render thread/INFO] (Minecraft) [STDOUT]: [AEC][PROBE] MAEC frames: load
[18:57:43] [Render thread/INFO] (Minecraft) [STDOUT]: [SequencerPreview] drawEntityAny: start, type=minecraft:arrow
[18:57:43] [Render thread/INFO] (Minecraft) [STDOUT]: [SequencerPreview] drawEntityAny: det=-729.0
[18:57:43] [Render thread/INFO] (Minecraft) [STDOUT]: [SequencerPreview] drawEntityAny: start, type=minecraft:block_display
[18:57:43] [Render thread/INFO] (Minecraft) [STDOUT]: [SequencerPreview] drawEntityAny: det=-729.0
[18:57:43] [Render thread/INFO] (Minecraft) [STDOUT]: [SequencerPreview] drawEntityAny: start, type=minecraft:boat
[18:57:43] [Render thread/INFO] (Minecraft) [STDOUT]: [SequencerPreview] drawEntityAny: det=-729.0
[18:57:43] [Render thread/INFO] (Minecraft) [STDOUT]: [AEC][PROBE] getOrCreatePreviewAny: start
[18:57:43] [Render thread/INFO] (Minecraft) [STDOUT]: [AEC][PROBE] getOrCreatePreviewAny: world=true type=true
[18:57:43] [Render thread/INFO] (Minecraft) [STDOUT]: [SequencerPreview] getOrCreatePreviewAny: try type=minecraft:allay
[18:57:43] [Render thread/INFO] (Minecraft) [STDOUT]: [SequencerPreview] getOrCreatePreviewAny: reuse existing instance for minecraft:allay
[18:57:43] [Render thread/INFO] (Minecraft) [STDOUT]: [AEC][PROBE] PREVIEW draw begin: type=minecraft:allay rect=216,120 256x118
[18:57:43] [Render thread/INFO] (Minecraft) [STDOUT]: [AEC][PROBE] PREVIEW draw end
[18:57:43] [Render thread/INFO] (Minecraft) [STDOUT]: [AEC][PROBE] ---- frame 37 ----
[18:57:43] [Render thread/INFO] (Minecraft) [STDOUT]: [AEC][PROBE] Screen.render tab=MORPHS
[18:57:43] [Render thread/INFO] (Minecraft) [STDOUT]: [AEC][PROBE] Render: selectedType=minecraft:allay
[18:57:43] [Render thread/INFO] (Minecraft) [STDOUT]: [AEC][PROBE] PreviewRect: rect x=216 y=120 w=256 h=118
[18:57:43] [Render thread/INFO] (Minecraft) [STDOUT]: [SequencerPreview] Icon create: AREA_EFFECT_CLOUD
[18:57:43] [Render thread/INFO] (Minecraft) [STDOUT]: [SequencerPreview] drawEntityAny: start, type=minecraft:area_effect_cloud
[18:57:43] [Render thread/INFO] (Minecraft) [STDOUT]: [AEC][PROBE] ICON AEC: enter size=24
[18:57:43] [Render thread/INFO] (Minecraft) [STDOUT]: [AEC][PROBE] MAEC 2D: enter x=7 y=54 w=24 h=24
[18:57:43] [Render thread/INFO] (Minecraft) [STDOUT]: [AEC][PROBE] MAEC 2D: style: style name='Potion cloud' sprites=false baseDisk=true softPuffs=true grid=8 density=1,15 alpha=0,90 wobble=0,050 puffMul=1,00 tint=0xFF000000
[18:57:43] [Render thread/INFO] (Minecraft) [STDOUT]: [AEC][PROBE] MAEC frames: load
[18:57:43] [Render thread/INFO] (Minecraft) [STDOUT]: [SequencerPreview] drawEntityAny: start, type=minecraft:arrow
[18:57:43] [Render thread/INFO] (Minecraft) [STDOUT]: [SequencerPreview] drawEntityAny: det=-729.0
[18:57:43] [Render thread/INFO] (Minecraft) [STDOUT]: [SequencerPreview] drawEntityAny: start, type=minecraft:block_display
[18:57:43] [Render thread/INFO] (Minecraft) [STDOUT]: [SequencerPreview] drawEntityAny: det=-729.0
[18:57:43] [Render thread/INFO] (Minecraft) [STDOUT]: [SequencerPreview] drawEntityAny: start, type=minecraft:boat
[18:57:43] [Render thread/INFO] (Minecraft) [STDOUT]: [SequencerPreview] drawEntityAny: det=-729.0
[18:57:43] [Render thread/INFO] (Minecraft) [STDOUT]: [AEC][PROBE] getOrCreatePreviewAny: start
[18:57:43] [Render thread/INFO] (Minecraft) [STDOUT]: [AEC][PROBE] getOrCreatePreviewAny: world=true type=true
[18:57:43] [Render thread/INFO] (Minecraft) [STDOUT]: [SequencerPreview] getOrCreatePreviewAny: try type=minecraft:allay
[18:57:43] [Render thread/INFO] (Minecraft) [STDOUT]: [SequencerPreview] getOrCreatePreviewAny: reuse existing instance for minecraft:allay
[18:57:43] [Render thread/INFO] (Minecraft) [STDOUT]: [AEC][PROBE] PREVIEW draw begin: type=minecraft:allay rect=216,120 256x118
[18:57:43] [Render thread/INFO] (Minecraft) [STDOUT]: [AEC][PROBE] PREVIEW draw end
[18:57:43] [Render thread/INFO] (Minecraft) [STDOUT]: [AEC][PROBE] ---- frame 38 ----
[18:57:43] [Render thread/INFO] (Minecraft) [STDOUT]: [AEC][PROBE] Screen.render tab=MORPHS
[18:57:43] [Render thread/INFO] (Minecraft) [STDOUT]: [AEC][PROBE] Render: selectedType=minecraft:allay
[18:57:43] [Render thread/INFO] (Minecraft) [STDOUT]: [AEC][PROBE] PreviewRect: rect x=216 y=120 w=256 h=118
[18:57:43] [Render thread/INFO] (Minecraft) [STDOUT]: [SequencerPreview] Icon create: AREA_EFFECT_CLOUD
[18:57:43] [Render thread/INFO] (Minecraft) [STDOUT]: [SequencerPreview] drawEntityAny: start, type=minecraft:area_effect_cloud
[18:57:43] [Render thread/INFO] (Minecraft) [STDOUT]: [AEC][PROBE] ICON AEC: enter size=24
[18:57:43] [Render thread/INFO] (Minecraft) [STDOUT]: [AEC][PROBE] MAEC 2D: enter x=7 y=54 w=24 h=24
[18:57:43] [Render thread/INFO] (Minecraft) [STDOUT]: [AEC][PROBE] MAEC 2D: style: style name='Potion cloud' sprites=false baseDisk=true softPuffs=true grid=8 density=1,15 alpha=0,90 wobble=0,050 puffMul=1,00 tint=0xFF000000
[18:57:43] [Render thread/INFO] (Minecraft) [STDOUT]: [AEC][PROBE] MAEC frames: load
[18:57:43] [Render thread/INFO] (Minecraft) [STDOUT]: [SequencerPreview] drawEntityAny: start, type=minecraft:arrow
[18:57:43] [Render thread/INFO] (Minecraft) [STDOUT]: [SequencerPreview] drawEntityAny: det=-729.0
[18:57:43] [Render thread/INFO] (Minecraft) [STDOUT]: [SequencerPreview] drawEntityAny: start, type=minecraft:block_display
[18:57:43] [Render thread/INFO] (Minecraft) [STDOUT]: [SequencerPreview] drawEntityAny: det=-729.0
[18:57:43] [Render thread/INFO] (Minecraft) [STDOUT]: [SequencerPreview] drawEntityAny: start, type=minecraft:boat
[18:57:43] [Render thread/INFO] (Minecraft) [STDOUT]: [SequencerPreview] drawEntityAny: det=-729.0
[18:57:43] [Render thread/INFO] (Minecraft) [STDOUT]: [AEC][PROBE] getOrCreatePreviewAny: start
[18:57:43] [Render thread/INFO] (Minecraft) [STDOUT]: [AEC][PROBE] getOrCreatePreviewAny: world=true type=true
[18:57:43] [Render thread/INFO] (Minecraft) [STDOUT]: [SequencerPreview] getOrCreatePreviewAny: try type=minecraft:allay
[18:57:43] [Render thread/INFO] (Minecraft) [STDOUT]: [SequencerPreview] getOrCreatePreviewAny: reuse existing instance for minecraft:allay
[18:57:43] [Render thread/INFO] (Minecraft) [STDOUT]: [AEC][PROBE] PREVIEW draw begin: type=minecraft:allay rect=216,120 256x118
[18:57:43] [Render thread/INFO] (Minecraft) [STDOUT]: [AEC][PROBE] PREVIEW draw end
[18:57:43] [Render thread/INFO] (Minecraft) [STDOUT]: [AEC][PROBE] ---- frame 39 ----
[18:57:43] [Render thread/INFO] (Minecraft) [STDOUT]: [AEC][PROBE] Screen.render tab=MORPHS
[18:57:43] [Render thread/INFO] (Minecraft) [STDOUT]: [AEC][PROBE] Render: selectedType=minecraft:allay
[18:57:43] [Render thread/INFO] (Minecraft) [STDOUT]: [AEC][PROBE] PreviewRect: rect x=216 y=120 w=256 h=118
[18:57:43] [Render thread/INFO] (Minecraft) [STDOUT]: [SequencerPreview] Icon create: AREA_EFFECT_CLOUD
[18:57:43] [Render thread/INFO] (Minecraft) [STDOUT]: [SequencerPreview] drawEntityAny: start, type=minecraft:area_effect_cloud
[18:57:43] [Render thread/INFO] (Minecraft) [STDOUT]: [AEC][PROBE] ICON AEC: enter size=24
[18:57:43] [Render thread/INFO] (Minecraft) [STDOUT]: [AEC][PROBE] MAEC 2D: enter x=7 y=54 w=24 h=24
[18:57:43] [Render thread/INFO] (Minecraft) [STDOUT]: [AEC][PROBE] MAEC 2D: style: style name='Potion cloud' sprites=false baseDisk=true softPuffs=true grid=8 density=1,15 alpha=0,90 wobble=0,050 puffMul=1,00 tint=0xFF000000
[18:57:43] [Render thread/INFO] (Minecraft) [STDOUT]: [AEC][PROBE] MAEC frames: load
[18:57:43] [Render thread/INFO] (Minecraft) [STDOUT]: [SequencerPreview] drawEntityAny: start, type=minecraft:arrow
[18:57:43] [Render thread/INFO] (Minecraft) [STDOUT]: [SequencerPreview] drawEntityAny: det=-729.0
[18:57:43] [Render thread/INFO] (Minecraft) [STDOUT]: [SequencerPreview] drawEntityAny: start, type=minecraft:block_display
[18:57:43] [Render thread/INFO] (Minecraft) [STDOUT]: [SequencerPreview] drawEntityAny: det=-729.0
[18:57:43] [Render thread/INFO] (Minecraft) [STDOUT]: [SequencerPreview] drawEntityAny: start, type=minecraft:boat
[18:57:43] [Render thread/INFO] (Minecraft) [STDOUT]: [SequencerPreview] drawEntityAny: det=-729.0
[18:57:43] [Render thread/INFO] (Minecraft) [STDOUT]: [AEC][PROBE] getOrCreatePreviewAny: start
[18:57:43] [Render thread/INFO] (Minecraft) [STDOUT]: [AEC][PROBE] getOrCreatePreviewAny: world=true type=true
[18:57:43] [Render thread/INFO] (Minecraft) [STDOUT]: [SequencerPreview] getOrCreatePreviewAny: try type=minecraft:allay
[18:57:43] [Render thread/INFO] (Minecraft) [STDOUT]: [SequencerPreview] getOrCreatePreviewAny: reuse existing instance for minecraft:allay
[18:57:43] [Render thread/INFO] (Minecraft) [STDOUT]: [AEC][PROBE] PREVIEW draw begin: type=minecraft:allay rect=216,120 256x118
[18:57:43] [Render thread/INFO] (Minecraft) [STDOUT]: [AEC][PROBE] PREVIEW draw end
[18:57:43] [Render thread/INFO] (Minecraft) [STDOUT]: [AEC][PROBE] ---- frame 40 ----
[18:57:43] [Render thread/INFO] (Minecraft) [STDOUT]: [AEC][PROBE] Screen.render tab=MORPHS
[18:57:43] [Render thread/INFO] (Minecraft) [STDOUT]: [AEC][PROBE] Render: selectedType=minecraft:allay
[18:57:43] [Render thread/INFO] (Minecraft) [STDOUT]: [AEC][PROBE] PreviewRect: rect x=216 y=120 w=256 h=118
[18:57:43] [Render thread/INFO] (Minecraft) [STDOUT]: [SequencerPreview] Icon create: AREA_EFFECT_CLOUD
[18:57:43] [Render thread/INFO] (Minecraft) [STDOUT]: [SequencerPreview] drawEntityAny: start, type=minecraft:area_effect_cloud
[18:57:43] [Render thread/INFO] (Minecraft) [STDOUT]: [AEC][PROBE] ICON AEC: enter size=24
[18:57:43] [Render thread/INFO] (Minecraft) [STDOUT]: [AEC][PROBE] MAEC 2D: enter x=7 y=54 w=24 h=24
[18:57:43] [Render thread/INFO] (Minecraft) [STDOUT]: [AEC][PROBE] MAEC 2D: style: style name='Potion cloud' sprites=false baseDisk=true softPuffs=true grid=8 density=1,15 alpha=0,90 wobble=0,050 puffMul=1,00 tint=0xFF000000
[18:57:43] [Render thread/INFO] (Minecraft) [STDOUT]: [AEC][PROBE] MAEC frames: load
[18:57:43] [Render thread/INFO] (Minecraft) [STDOUT]: [SequencerPreview] drawEntityAny: start, type=minecraft:arrow
[18:57:43] [Render thread/INFO] (Minecraft) [STDOUT]: [SequencerPreview] drawEntityAny: det=-729.0
[18:57:43] [Render thread/INFO] (Minecraft) [STDOUT]: [SequencerPreview] drawEntityAny: start, type=minecraft:block_display
[18:57:43] [Render thread/INFO] (Minecraft) [STDOUT]: [SequencerPreview] drawEntityAny: det=-729.0
[18:57:43] [Render thread/INFO] (Minecraft) [STDOUT]: [SequencerPreview] drawEntityAny: start, type=minecraft:boat
[18:57:43] [Render thread/INFO] (Minecraft) [STDOUT]: [SequencerPreview] drawEntityAny: det=-729.0
[18:57:43] [Render thread/INFO] (Minecraft) [STDOUT]: [AEC][PROBE] getOrCreatePreviewAny: start
[18:57:43] [Render thread/INFO] (Minecraft) [STDOUT]: [AEC][PROBE] getOrCreatePreviewAny: world=true type=true
[18:57:43] [Render thread/INFO] (Minecraft) [STDOUT]: [SequencerPreview] getOrCreatePreviewAny: try type=minecraft:allay
[18:57:43] [Render thread/INFO] (Minecraft) [STDOUT]: [SequencerPreview] getOrCreatePreviewAny: reuse existing instance for minecraft:allay
[18:57:43] [Render thread/INFO] (Minecraft) [STDOUT]: [AEC][PROBE] PREVIEW draw begin: type=minecraft:allay rect=216,120 256x118
[18:57:43] [Render thread/INFO] (Minecraft) [STDOUT]: [AEC][PROBE] PREVIEW draw end
[18:57:43] [Render thread/INFO] (Minecraft) [STDOUT]: [AEC][PROBE] ---- frame 41 ----
[18:57:43] [Render thread/INFO] (Minecraft) [STDOUT]: [AEC][PROBE] Screen.render tab=MORPHS
[18:57:43] [Render thread/INFO] (Minecraft) [STDOUT]: [AEC][PROBE] Render: selectedType=minecraft:allay
[18:57:43] [Render thread/INFO] (Minecraft) [STDOUT]: [AEC][PROBE] PreviewRect: rect x=216 y=120 w=256 h=118
[18:57:43] [Render thread/INFO] (Minecraft) [STDOUT]: [SequencerPreview] Icon create: AREA_EFFECT_CLOUD
[18:57:43] [Render thread/INFO] (Minecraft) [STDOUT]: [SequencerPreview] drawEntityAny: start, type=minecraft:area_effect_cloud
[18:57:43] [Render thread/INFO] (Minecraft) [STDOUT]: [AEC][PROBE] ICON AEC: enter size=24
[18:57:43] [Render thread/INFO] (Minecraft) [STDOUT]: [AEC][PROBE] MAEC 2D: enter x=7 y=54 w=24 h=24
[18:57:43] [Render thread/INFO] (Minecraft) [STDOUT]: [AEC][PROBE] MAEC 2D: style: style name='Potion cloud' sprites=false baseDisk=true softPuffs=true grid=8 density=1,15 alpha=0,90 wobble=0,050 puffMul=1,00 tint=0xFF000000
[18:57:43] [Render thread/INFO] (Minecraft) [STDOUT]: [AEC][PROBE] MAEC frames: load
[18:57:43] [Render thread/INFO] (Minecraft) [STDOUT]: [SequencerPreview] drawEntityAny: start, type=minecraft:arrow
[18:57:43] [Render thread/INFO] (Minecraft) [STDOUT]: [SequencerPreview] drawEntityAny: det=-729.0
[18:57:43] [Render thread/INFO] (Minecraft) [STDOUT]: [SequencerPreview] drawEntityAny: start, type=minecraft:block_display
[18:57:43] [Render thread/INFO] (Minecraft) [STDOUT]: [SequencerPreview] drawEntityAny: det=-729.0
[18:57:43] [Render thread/INFO] (Minecraft) [STDOUT]: [SequencerPreview] drawEntityAny: start, type=minecraft:boat
[18:57:43] [Render thread/INFO] (Minecraft) [STDOUT]: [SequencerPreview] drawEntityAny: det=-729.0
[18:57:43] [Render thread/INFO] (Minecraft) [STDOUT]: [AEC][PROBE] getOrCreatePreviewAny: start
[18:57:43] [Render thread/INFO] (Minecraft) [STDOUT]: [AEC][PROBE] getOrCreatePreviewAny: world=true type=true
[18:57:43] [Render thread/INFO] (Minecraft) [STDOUT]: [SequencerPreview] getOrCreatePreviewAny: try type=minecraft:allay
[18:57:43] [Render thread/INFO] (Minecraft) [STDOUT]: [SequencerPreview] getOrCreatePreviewAny: reuse existing instance for minecraft:allay
[18:57:43] [Render thread/INFO] (Minecraft) [STDOUT]: [AEC][PROBE] PREVIEW draw begin: type=minecraft:allay rect=216,120 256x118
[18:57:43] [Render thread/INFO] (Minecraft) [STDOUT]: [AEC][PROBE] PREVIEW draw end
[18:57:43] [Render thread/INFO] (Minecraft) [STDOUT]: [AEC][PROBE] ---- frame 42 ----
[18:57:43] [Render thread/INFO] (Minecraft) [STDOUT]: [AEC][PROBE] Screen.render tab=MORPHS
[18:57:43] [Render thread/INFO] (Minecraft) [STDOUT]: [AEC][PROBE] Render: selectedType=minecraft:allay
[18:57:43] [Render thread/INFO] (Minecraft) [STDOUT]: [AEC][PROBE] PreviewRect: rect x=216 y=120 w=256 h=118
[18:57:43] [Render thread/INFO] (Minecraft) [STDOUT]: [SequencerPreview] Icon create: AREA_EFFECT_CLOUD
[18:57:43] [Render thread/INFO] (Minecraft) [STDOUT]: [SequencerPreview] drawEntityAny: start, type=minecraft:area_effect_cloud
[18:57:43] [Render thread/INFO] (Minecraft) [STDOUT]: [AEC][PROBE] ICON AEC: enter size=24
[18:57:43] [Render thread/INFO] (Minecraft) [STDOUT]: [AEC][PROBE] MAEC 2D: enter x=7 y=54 w=24 h=24
[18:57:43] [Render thread/INFO] (Minecraft) [STDOUT]: [AEC][PROBE] MAEC 2D: style: style name='Potion cloud' sprites=false baseDisk=true softPuffs=true grid=8 density=1,15 alpha=0,90 wobble=0,050 puffMul=1,00 tint=0xFF000000
[18:57:43] [Render thread/INFO] (Minecraft) [STDOUT]: [AEC][PROBE] MAEC frames: load
[18:57:43] [Render thread/INFO] (Minecraft) [STDOUT]: [SequencerPreview] drawEntityAny: start, type=minecraft:arrow
[18:57:43] [Render thread/INFO] (Minecraft) [STDOUT]: [SequencerPreview] drawEntityAny: det=-729.0
[18:57:43] [Render thread/INFO] (Minecraft) [STDOUT]: [SequencerPreview] drawEntityAny: start, type=minecraft:block_display
[18:57:43] [Render thread/INFO] (Minecraft) [STDOUT]: [SequencerPreview] drawEntityAny: det=-729.0
[18:57:43] [Render thread/INFO] (Minecraft) [STDOUT]: [SequencerPreview] drawEntityAny: start, type=minecraft:boat
[18:57:43] [Render thread/INFO] (Minecraft) [STDOUT]: [SequencerPreview] drawEntityAny: det=-729.0
[18:57:43] [Render thread/INFO] (Minecraft) [STDOUT]: [AEC][PROBE] getOrCreatePreviewAny: start
[18:57:43] [Render thread/INFO] (Minecraft) [STDOUT]: [AEC][PROBE] getOrCreatePreviewAny: world=true type=true
[18:57:43] [Render thread/INFO] (Minecraft) [STDOUT]: [SequencerPreview] getOrCreatePreviewAny: try type=minecraft:allay
[18:57:43] [Render thread/INFO] (Minecraft) [STDOUT]: [SequencerPreview] getOrCreatePreviewAny: reuse existing instance for minecraft:allay
[18:57:43] [Render thread/INFO] (Minecraft) [STDOUT]: [AEC][PROBE] PREVIEW draw begin: type=minecraft:allay rect=216,120 256x118
[18:57:43] [Render thread/INFO] (Minecraft) [STDOUT]: [AEC][PROBE] PREVIEW draw end
[18:57:43] [Render thread/INFO] (Minecraft) [STDOUT]: [AEC][PROBE] ---- frame 43 ----
[18:57:43] [Render thread/INFO] (Minecraft) [STDOUT]: [AEC][PROBE] Screen.render tab=MORPHS
[18:57:43] [Render thread/INFO] (Minecraft) [STDOUT]: [AEC][PROBE] Render: selectedType=minecraft:allay
[18:57:43] [Render thread/INFO] (Minecraft) [STDOUT]: [AEC][PROBE] PreviewRect: rect x=216 y=120 w=256 h=118
[18:57:43] [Render thread/INFO] (Minecraft) [STDOUT]: [SequencerPreview] Icon create: AREA_EFFECT_CLOUD
[18:57:43] [Render thread/INFO] (Minecraft) [STDOUT]: [SequencerPreview] drawEntityAny: start, type=minecraft:area_effect_cloud
[18:57:43] [Render thread/INFO] (Minecraft) [STDOUT]: [AEC][PROBE] ICON AEC: enter size=24
[18:57:43] [Render thread/INFO] (Minecraft) [STDOUT]: [AEC][PROBE] MAEC 2D: enter x=7 y=54 w=24 h=24
[18:57:43] [Render thread/INFO] (Minecraft) [STDOUT]: [AEC][PROBE] MAEC 2D: style: style name='Potion cloud' sprites=false baseDisk=true softPuffs=true grid=8 density=1,15 alpha=0,90 wobble=0,050 puffMul=1,00 tint=0xFF000000
[18:57:43] [Render thread/INFO] (Minecraft) [STDOUT]: [AEC][PROBE] MAEC frames: load
[18:57:43] [Render thread/INFO] (Minecraft) [STDOUT]: [SequencerPreview] drawEntityAny: start, type=minecraft:arrow
[18:57:43] [Render thread/INFO] (Minecraft) [STDOUT]: [SequencerPreview] drawEntityAny: det=-729.0
[18:57:43] [Render thread/INFO] (Minecraft) [STDOUT]: [SequencerPreview] drawEntityAny: start, type=minecraft:block_display
[18:57:43] [Render thread/INFO] (Minecraft) [STDOUT]: [SequencerPreview] drawEntityAny: det=-729.0
[18:57:43] [Render thread/INFO] (Minecraft) [STDOUT]: [SequencerPreview] drawEntityAny: start, type=minecraft:boat
[18:57:43] [Render thread/INFO] (Minecraft) [STDOUT]: [SequencerPreview] drawEntityAny: det=-729.0
[18:57:43] [Render thread/INFO] (Minecraft) [STDOUT]: [AEC][PROBE] getOrCreatePreviewAny: start
[18:57:43] [Render thread/INFO] (Minecraft) [STDOUT]: [AEC][PROBE] getOrCreatePreviewAny: world=true type=true
[18:57:43] [Render thread/INFO] (Minecraft) [STDOUT]: [SequencerPreview] getOrCreatePreviewAny: try type=minecraft:allay
[18:57:43] [Render thread/INFO] (Minecraft) [STDOUT]: [SequencerPreview] getOrCreatePreviewAny: reuse existing instance for minecraft:allay
[18:57:43] [Render thread/INFO] (Minecraft) [STDOUT]: [AEC][PROBE] PREVIEW draw begin: type=minecraft:allay rect=216,120 256x118
[18:57:43] [Render thread/INFO] (Minecraft) [STDOUT]: [AEC][PROBE] PREVIEW draw end
[18:57:43] [Render thread/INFO] (Minecraft) [STDOUT]: [AEC][PROBE] ---- frame 44 ----
[18:57:43] [Render thread/INFO] (Minecraft) [STDOUT]: [AEC][PROBE] RENDER screen: class=seq.sequencermod.client.ui.SequencerMainScreen tab=MORPHS
[18:57:43] [Render thread/INFO] (Minecraft) [STDOUT]: [AEC][PROBE] Screen.render tab=MORPHS
[18:57:43] [Render thread/INFO] (Minecraft) [STDOUT]: [AEC][PROBE] Render: selectedType=minecraft:allay
[18:57:43] [Render thread/INFO] (Minecraft) [STDOUT]: [AEC][PROBE] PreviewRect: rect x=216 y=120 w=256 h=118
[18:57:43] [Render thread/INFO] (Minecraft) [STDOUT]: [SequencerPreview] Icon create: AREA_EFFECT_CLOUD
[18:57:43] [Render thread/INFO] (Minecraft) [STDOUT]: [SequencerPreview] drawEntityAny: start, type=minecraft:area_effect_cloud
[18:57:43] [Render thread/INFO] (Minecraft) [STDOUT]: [AEC][PROBE] ICON AEC: enter size=24
[18:57:43] [Render thread/INFO] (Minecraft) [STDOUT]: [AEC][PROBE] MAEC 2D: enter x=7 y=54 w=24 h=24
[18:57:43] [Render thread/INFO] (Minecraft) [STDOUT]: [AEC][PROBE] MAEC 2D: style: style name='Potion cloud' sprites=false baseDisk=true softPuffs=true grid=8 density=1,15 alpha=0,90 wobble=0,050 puffMul=1,00 tint=0xFF000000
[18:57:43] [Render thread/INFO] (Minecraft) [STDOUT]: [AEC][PROBE] MAEC frames: load
[18:57:43] [Render thread/INFO] (Minecraft) [STDOUT]: [SequencerPreview] drawEntityAny: start, type=minecraft:arrow
[18:57:43] [Render thread/INFO] (Minecraft) [STDOUT]: [SequencerPreview] drawEntityAny: det=-729.0
[18:57:43] [Render thread/INFO] (Minecraft) [STDOUT]: [SequencerPreview] drawEntityAny: start, type=minecraft:block_display
[18:57:43] [Render thread/INFO] (Minecraft) [STDOUT]: [SequencerPreview] drawEntityAny: det=-729.0
[18:57:43] [Render thread/INFO] (Minecraft) [STDOUT]: [SequencerPreview] drawEntityAny: start, type=minecraft:boat
[18:57:43] [Render thread/INFO] (Minecraft) [STDOUT]: [SequencerPreview] drawEntityAny: det=-729.0
[18:57:43] [Render thread/INFO] (Minecraft) [STDOUT]: [AEC][PROBE] getOrCreatePreviewAny: start
[18:57:43] [Render thread/INFO] (Minecraft) [STDOUT]: [AEC][PROBE] getOrCreatePreviewAny: world=true type=true
[18:57:43] [Render thread/INFO] (Minecraft) [STDOUT]: [SequencerPreview] getOrCreatePreviewAny: try type=minecraft:allay
[18:57:43] [Render thread/INFO] (Minecraft) [STDOUT]: [SequencerPreview] getOrCreatePreviewAny: reuse existing instance for minecraft:allay
[18:57:43] [Render thread/INFO] (Minecraft) [STDOUT]: [AEC][PROBE] PREVIEW draw begin: type=minecraft:allay rect=216,120 256x118
[18:57:43] [Render thread/INFO] (Minecraft) [STDOUT]: [AEC][PROBE] PREVIEW draw end
[18:57:43] [Render thread/INFO] (Minecraft) [STDOUT]: [AEC][PROBE] ---- frame 45 ----
[18:57:43] [Render thread/INFO] (Minecraft) [STDOUT]: [AEC][PROBE] Screen.render tab=MORPHS
[18:57:43] [Render thread/INFO] (Minecraft) [STDOUT]: [AEC][PROBE] Render: selectedType=minecraft:allay
[18:57:43] [Render thread/INFO] (Minecraft) [STDOUT]: [AEC][PROBE] PreviewRect: rect x=216 y=120 w=256 h=118
[18:57:43] [Render thread/INFO] (Minecraft) [STDOUT]: [SequencerPreview] Icon create: AREA_EFFECT_CLOUD
[18:57:43] [Render thread/INFO] (Minecraft) [STDOUT]: [SequencerPreview] drawEntityAny: start, type=minecraft:area_effect_cloud
[18:57:43] [Render thread/INFO] (Minecraft) [STDOUT]: [AEC][PROBE] ICON AEC: enter size=24
[18:57:43] [Render thread/INFO] (Minecraft) [STDOUT]: [AEC][PROBE] MAEC 2D: enter x=7 y=54 w=24 h=24
[18:57:43] [Render thread/INFO] (Minecraft) [STDOUT]: [AEC][PROBE] MAEC 2D: style: style name='Potion cloud' sprites=false baseDisk=true softPuffs=true grid=8 density=1,15 alpha=0,90 wobble=0,050 puffMul=1,00 tint=0xFF000000
[18:57:43] [Render thread/INFO] (Minecraft) [STDOUT]: [AEC][PROBE] MAEC frames: load
[18:57:43] [Render thread/INFO] (Minecraft) [STDOUT]: [SequencerPreview] drawEntityAny: start, type=minecraft:arrow
[18:57:43] [Render thread/INFO] (Minecraft) [STDOUT]: [SequencerPreview] drawEntityAny: det=-729.0
[18:57:43] [Render thread/INFO] (Minecraft) [STDOUT]: [SequencerPreview] drawEntityAny: start, type=minecraft:block_display
[18:57:43] [Render thread/INFO] (Minecraft) [STDOUT]: [SequencerPreview] drawEntityAny: det=-729.0
[18:57:43] [Render thread/INFO] (Minecraft) [STDOUT]: [SequencerPreview] drawEntityAny: start, type=minecraft:boat
[18:57:43] [Render thread/INFO] (Minecraft) [STDOUT]: [SequencerPreview] drawEntityAny: det=-729.0
[18:57:43] [Render thread/INFO] (Minecraft) [STDOUT]: [AEC][PROBE] getOrCreatePreviewAny: start
[18:57:43] [Render thread/INFO] (Minecraft) [STDOUT]: [AEC][PROBE] getOrCreatePreviewAny: world=true type=true
[18:57:43] [Render thread/INFO] (Minecraft) [STDOUT]: [SequencerPreview] getOrCreatePreviewAny: try type=minecraft:allay
[18:57:43] [Render thread/INFO] (Minecraft) [STDOUT]: [SequencerPreview] getOrCreatePreviewAny: reuse existing instance for minecraft:allay
[18:57:43] [Render thread/INFO] (Minecraft) [STDOUT]: [AEC][PROBE] PREVIEW draw begin: type=minecraft:allay rect=216,120 256x118
[18:57:43] [Render thread/INFO] (Minecraft) [STDOUT]: [AEC][PROBE] PREVIEW draw end
[18:57:43] [Render thread/INFO] (Minecraft) [STDOUT]: [AEC][PROBE] ---- frame 46 ----
[18:57:43] [Render thread/INFO] (Minecraft) [STDOUT]: [AEC][PROBE] Screen.render tab=MORPHS
[18:57:43] [Render thread/INFO] (Minecraft) [STDOUT]: [AEC][PROBE] Render: selectedType=minecraft:allay
[18:57:43] [Render thread/INFO] (Minecraft) [STDOUT]: [AEC][PROBE] PreviewRect: rect x=216 y=120 w=256 h=118
[18:57:43] [Render thread/INFO] (Minecraft) [STDOUT]: [SequencerPreview] Icon create: AREA_EFFECT_CLOUD
[18:57:43] [Render thread/INFO] (Minecraft) [STDOUT]: [SequencerPreview] drawEntityAny: start, type=minecraft:area_effect_cloud
[18:57:43] [Render thread/INFO] (Minecraft) [STDOUT]: [AEC][PROBE] ICON AEC: enter size=24
[18:57:43] [Render thread/INFO] (Minecraft) [STDOUT]: [AEC][PROBE] MAEC 2D: enter x=7 y=54 w=24 h=24
[18:57:43] [Render thread/INFO] (Minecraft) [STDOUT]: [AEC][PROBE] MAEC 2D: style: style name='Potion cloud' sprites=false baseDisk=true softPuffs=true grid=8 density=1,15 alpha=0,90 wobble=0,050 puffMul=1,00 tint=0xFF000000
[18:57:43] [Render thread/INFO] (Minecraft) [STDOUT]: [AEC][PROBE] MAEC frames: load
[18:57:43] [Render thread/INFO] (Minecraft) [STDOUT]: [SequencerPreview] drawEntityAny: start, type=minecraft:arrow
[18:57:43] [Render thread/INFO] (Minecraft) [STDOUT]: [SequencerPreview] drawEntityAny: det=-729.0
[18:57:43] [Render thread/INFO] (Minecraft) [STDOUT]: [SequencerPreview] drawEntityAny: start, type=minecraft:block_display
[18:57:43] [Render thread/INFO] (Minecraft) [STDOUT]: [SequencerPreview] drawEntityAny: det=-729.0
[18:57:43] [Render thread/INFO] (Minecraft) [STDOUT]: [SequencerPreview] drawEntityAny: start, type=minecraft:boat
[18:57:43] [Render thread/INFO] (Minecraft) [STDOUT]: [SequencerPreview] drawEntityAny: det=-729.0
[18:57:43] [Render thread/INFO] (Minecraft) [STDOUT]: [AEC][PROBE] getOrCreatePreviewAny: start
[18:57:43] [Render thread/INFO] (Minecraft) [STDOUT]: [AEC][PROBE] getOrCreatePreviewAny: world=true type=true
[18:57:43] [Render thread/INFO] (Minecraft) [STDOUT]: [SequencerPreview] getOrCreatePreviewAny: try type=minecraft:allay
[18:57:43] [Render thread/INFO] (Minecraft) [STDOUT]: [SequencerPreview] getOrCreatePreviewAny: reuse existing instance for minecraft:allay
[18:57:43] [Render thread/INFO] (Minecraft) [STDOUT]: [AEC][PROBE] PREVIEW draw begin: type=minecraft:allay rect=216,120 256x118
[18:57:43] [Render thread/INFO] (Minecraft) [STDOUT]: [AEC][PROBE] PREVIEW draw end
[18:57:43] [Render thread/INFO] (Minecraft) [STDOUT]: [AEC][PROBE] ---- frame 47 ----
[18:57:43] [Render thread/INFO] (Minecraft) [STDOUT]: [AEC][PROBE] Screen.render tab=MORPHS
[18:57:43] [Render thread/INFO] (Minecraft) [STDOUT]: [AEC][PROBE] Render: selectedType=minecraft:allay
[18:57:43] [Render thread/INFO] (Minecraft) [STDOUT]: [AEC][PROBE] PreviewRect: rect x=216 y=120 w=256 h=118
[18:57:43] [Render thread/INFO] (Minecraft) [STDOUT]: [SequencerPreview] Icon create: AREA_EFFECT_CLOUD
[18:57:43] [Render thread/INFO] (Minecraft) [STDOUT]: [SequencerPreview] drawEntityAny: start, type=minecraft:area_effect_cloud
[18:57:43] [Render thread/INFO] (Minecraft) [STDOUT]: [AEC][PROBE] ICON AEC: enter size=24
[18:57:43] [Render thread/INFO] (Minecraft) [STDOUT]: [AEC][PROBE] MAEC 2D: enter x=7 y=54 w=24 h=24
[18:57:43] [Render thread/INFO] (Minecraft) [STDOUT]: [AEC][PROBE] MAEC 2D: style: style name='Potion cloud' sprites=false baseDisk=true softPuffs=true grid=8 density=1,15 alpha=0,90 wobble=0,050 puffMul=1,00 tint=0xFF000000
[18:57:43] [Render thread/INFO] (Minecraft) [STDOUT]: [AEC][PROBE] MAEC frames: load
[18:57:43] [Render thread/INFO] (Minecraft) [STDOUT]: [SequencerPreview] drawEntityAny: start, type=minecraft:arrow
[18:57:43] [Render thread/INFO] (Minecraft) [STDOUT]: [SequencerPreview] drawEntityAny: det=-729.0
[18:57:43] [Render thread/INFO] (Minecraft) [STDOUT]: [SequencerPreview] drawEntityAny: start, type=minecraft:block_display
[18:57:43] [Render thread/INFO] (Minecraft) [STDOUT]: [SequencerPreview] drawEntityAny: det=-729.0
[18:57:43] [Render thread/INFO] (Minecraft) [STDOUT]: [SequencerPreview] drawEntityAny: start, type=minecraft:boat
[18:57:43] [Render thread/INFO] (Minecraft) [STDOUT]: [SequencerPreview] drawEntityAny: det=-729.0
[18:57:43] [Render thread/INFO] (Minecraft) [STDOUT]: [AEC][PROBE] getOrCreatePreviewAny: start
[18:57:43] [Render thread/INFO] (Minecraft) [STDOUT]: [AEC][PROBE] getOrCreatePreviewAny: world=true type=true
[18:57:43] [Render thread/INFO] (Minecraft) [STDOUT]: [SequencerPreview] getOrCreatePreviewAny: try type=minecraft:allay
[18:57:43] [Render thread/INFO] (Minecraft) [STDOUT]: [SequencerPreview] getOrCreatePreviewAny: reuse existing instance for minecraft:allay
[18:57:43] [Render thread/INFO] (Minecraft) [STDOUT]: [AEC][PROBE] PREVIEW draw begin: type=minecraft:allay rect=216,120 256x118
[18:57:43] [Render thread/INFO] (Minecraft) [STDOUT]: [AEC][PROBE] PREVIEW draw end
[18:57:43] [Render thread/INFO] (Minecraft) [STDOUT]: [AEC][PROBE] ---- frame 48 ----
[18:57:43] [Render thread/INFO] (Minecraft) [STDOUT]: [AEC][PROBE] Screen.render tab=MORPHS
[18:57:43] [Render thread/INFO] (Minecraft) [STDOUT]: [AEC][PROBE] Render: selectedType=minecraft:allay
[18:57:43] [Render thread/INFO] (Minecraft) [STDOUT]: [AEC][PROBE] PreviewRect: rect x=216 y=120 w=256 h=118
[18:57:43] [Render thread/INFO] (Minecraft) [STDOUT]: [SequencerPreview] Icon create: AREA_EFFECT_CLOUD
[18:57:43] [Render thread/INFO] (Minecraft) [STDOUT]: [SequencerPreview] drawEntityAny: start, type=minecraft:area_effect_cloud
[18:57:43] [Render thread/INFO] (Minecraft) [STDOUT]: [AEC][PROBE] ICON AEC: enter size=24
[18:57:43] [Render thread/INFO] (Minecraft) [STDOUT]: [AEC][PROBE] MAEC 2D: enter x=7 y=54 w=24 h=24
[18:57:43] [Render thread/INFO] (Minecraft) [STDOUT]: [AEC][PROBE] MAEC 2D: style: style name='Potion cloud' sprites=false baseDisk=true softPuffs=true grid=8 density=1,15 alpha=0,90 wobble=0,050 puffMul=1,00 tint=0xFF000000
[18:57:43] [Render thread/INFO] (Minecraft) [STDOUT]: [AEC][PROBE] MAEC frames: load
[18:57:43] [Render thread/INFO] (Minecraft) [STDOUT]: [SequencerPreview] drawEntityAny: start, type=minecraft:arrow
[18:57:43] [Render thread/INFO] (Minecraft) [STDOUT]: [SequencerPreview] drawEntityAny: det=-729.0
[18:57:43] [Render thread/INFO] (Minecraft) [STDOUT]: [SequencerPreview] drawEntityAny: start, type=minecraft:block_display
[18:57:43] [Render thread/INFO] (Minecraft) [STDOUT]: [SequencerPreview] drawEntityAny: det=-729.0
[18:57:43] [Render thread/INFO] (Minecraft) [STDOUT]: [SequencerPreview] drawEntityAny: start, type=minecraft:boat
[18:57:43] [Render thread/INFO] (Minecraft) [STDOUT]: [SequencerPreview] drawEntityAny: det=-729.0
[18:57:43] [Render thread/INFO] (Minecraft) [STDOUT]: [AEC][PROBE] getOrCreatePreviewAny: start
[18:57:43] [Render thread/INFO] (Minecraft) [STDOUT]: [AEC][PROBE] getOrCreatePreviewAny: world=true type=true
[18:57:43] [Render thread/INFO] (Minecraft) [STDOUT]: [SequencerPreview] getOrCreatePreviewAny: try type=minecraft:allay
[18:57:43] [Render thread/INFO] (Minecraft) [STDOUT]: [SequencerPreview] getOrCreatePreviewAny: reuse existing instance for minecraft:allay
[18:57:43] [Render thread/INFO] (Minecraft) [STDOUT]: [AEC][PROBE] PREVIEW draw begin: type=minecraft:allay rect=216,120 256x118
[18:57:43] [Render thread/INFO] (Minecraft) [STDOUT]: [AEC][PROBE] PREVIEW draw end
[18:57:43] [Render thread/INFO] (Minecraft) [STDOUT]: [AEC][PROBE] ---- frame 49 ----
[18:57:43] [Render thread/INFO] (Minecraft) [STDOUT]: [AEC][PROBE] Screen.render tab=MORPHS
[18:57:43] [Render thread/INFO] (Minecraft) [STDOUT]: [AEC][PROBE] Render: selectedType=minecraft:allay
[18:57:43] [Render thread/INFO] (Minecraft) [STDOUT]: [AEC][PROBE] PreviewRect: rect x=216 y=120 w=256 h=118
[18:57:43] [Render thread/INFO] (Minecraft) [STDOUT]: [SequencerPreview] Icon create: AREA_EFFECT_CLOUD
[18:57:43] [Render thread/INFO] (Minecraft) [STDOUT]: [SequencerPreview] drawEntityAny: start, type=minecraft:area_effect_cloud
[18:57:43] [Render thread/INFO] (Minecraft) [STDOUT]: [AEC][PROBE] ICON AEC: enter size=24
[18:57:43] [Render thread/INFO] (Minecraft) [STDOUT]: [AEC][PROBE] MAEC 2D: enter x=7 y=54 w=24 h=24
[18:57:43] [Render thread/INFO] (Minecraft) [STDOUT]: [AEC][PROBE] MAEC 2D: style: style name='Potion cloud' sprites=false baseDisk=true softPuffs=true grid=8 density=1,15 alpha=0,90 wobble=0,050 puffMul=1,00 tint=0xFF000000
[18:57:43] [Render thread/INFO] (Minecraft) [STDOUT]: [AEC][PROBE] MAEC frames: load
[18:57:43] [Render thread/INFO] (Minecraft) [STDOUT]: [SequencerPreview] drawEntityAny: start, type=minecraft:arrow
[18:57:43] [Render thread/INFO] (Minecraft) [STDOUT]: [SequencerPreview] drawEntityAny: det=-729.0
[18:57:43] [Render thread/INFO] (Minecraft) [STDOUT]: [SequencerPreview] drawEntityAny: start, type=minecraft:block_display
[18:57:43] [Render thread/INFO] (Minecraft) [STDOUT]: [SequencerPreview] drawEntityAny: det=-729.0
[18:57:43] [Render thread/INFO] (Minecraft) [STDOUT]: [SequencerPreview] drawEntityAny: start, type=minecraft:boat
[18:57:43] [Render thread/INFO] (Minecraft) [STDOUT]: [SequencerPreview] drawEntityAny: det=-729.0
[18:57:43] [Render thread/INFO] (Minecraft) [STDOUT]: [AEC][PROBE] getOrCreatePreviewAny: start
[18:57:43] [Render thread/INFO] (Minecraft) [STDOUT]: [AEC][PROBE] getOrCreatePreviewAny: world=true type=true
[18:57:43] [Render thread/INFO] (Minecraft) [STDOUT]: [SequencerPreview] getOrCreatePreviewAny: try type=minecraft:allay
[18:57:43] [Render thread/INFO] (Minecraft) [STDOUT]: [SequencerPreview] getOrCreatePreviewAny: reuse existing instance for minecraft:allay
[18:57:43] [Render thread/INFO] (Minecraft) [STDOUT]: [AEC][PROBE] PREVIEW draw begin: type=minecraft:allay rect=216,120 256x118
[18:57:43] [Render thread/INFO] (Minecraft) [STDOUT]: [AEC][PROBE] PREVIEW draw end
[18:57:43] [Render thread/INFO] (Minecraft) [STDOUT]: [AEC][PROBE] ---- frame 50 ----
[18:57:43] [Render thread/INFO] (Minecraft) [STDOUT]: [AEC][PROBE] Screen.render tab=MORPHS
[18:57:43] [Render thread/INFO] (Minecraft) [STDOUT]: [AEC][PROBE] Render: selectedType=minecraft:allay
[18:57:43] [Render thread/INFO] (Minecraft) [STDOUT]: [AEC][PROBE] PreviewRect: rect x=216 y=120 w=256 h=118
[18:57:43] [Render thread/INFO] (Minecraft) [STDOUT]: [SequencerPreview] Icon create: AREA_EFFECT_CLOUD
[18:57:43] [Render thread/INFO] (Minecraft) [STDOUT]: [SequencerPreview] drawEntityAny: start, type=minecraft:area_effect_cloud
[18:57:43] [Render thread/INFO] (Minecraft) [STDOUT]: [AEC][PROBE] ICON AEC: enter size=24
[18:57:43] [Render thread/INFO] (Minecraft) [STDOUT]: [AEC][PROBE] MAEC 2D: enter x=7 y=54 w=24 h=24
[18:57:43] [Render thread/INFO] (Minecraft) [STDOUT]: [AEC][PROBE] MAEC 2D: style: style name='Potion cloud' sprites=false baseDisk=true softPuffs=true grid=8 density=1,15 alpha=0,90 wobble=0,050 puffMul=1,00 tint=0xFF000000
[18:57:43] [Render thread/INFO] (Minecraft) [STDOUT]: [AEC][PROBE] MAEC frames: load
[18:57:43] [Render thread/INFO] (Minecraft) [STDOUT]: [SequencerPreview] drawEntityAny: start, type=minecraft:arrow
[18:57:43] [Render thread/INFO] (Minecraft) [STDOUT]: [SequencerPreview] drawEntityAny: det=-729.0
[18:57:43] [Render thread/INFO] (Minecraft) [STDOUT]: [SequencerPreview] drawEntityAny: start, type=minecraft:block_display
[18:57:43] [Render thread/INFO] (Minecraft) [STDOUT]: [SequencerPreview] drawEntityAny: det=-729.0
[18:57:43] [Render thread/INFO] (Minecraft) [STDOUT]: [SequencerPreview] drawEntityAny: start, type=minecraft:boat
[18:57:43] [Render thread/INFO] (Minecraft) [STDOUT]: [SequencerPreview] drawEntityAny: det=-729.0
[18:57:43] [Render thread/INFO] (Minecraft) [STDOUT]: [AEC][PROBE] getOrCreatePreviewAny: start
[18:57:43] [Render thread/INFO] (Minecraft) [STDOUT]: [AEC][PROBE] getOrCreatePreviewAny: world=true type=true
[18:57:43] [Render thread/INFO] (Minecraft) [STDOUT]: [SequencerPreview] getOrCreatePreviewAny: try type=minecraft:allay
[18:57:43] [Render thread/INFO] (Minecraft) [STDOUT]: [SequencerPreview] getOrCreatePreviewAny: reuse existing instance for minecraft:allay
[18:57:43] [Render thread/INFO] (Minecraft) [STDOUT]: [AEC][PROBE] PREVIEW draw begin: type=minecraft:allay rect=216,120 256x118
[18:57:43] [Render thread/INFO] (Minecraft) [STDOUT]: [AEC][PROBE] PREVIEW draw end
[18:57:43] [Render thread/INFO] (Minecraft) [STDOUT]: [AEC][PROBE] ---- frame 51 ----
[18:57:43] [Render thread/INFO] (Minecraft) [STDOUT]: [AEC][PROBE] Screen.render tab=MORPHS
[18:57:43] [Render thread/INFO] (Minecraft) [STDOUT]: [AEC][PROBE] Render: selectedType=minecraft:allay
[18:57:43] [Render thread/INFO] (Minecraft) [STDOUT]: [AEC][PROBE] PreviewRect: rect x=216 y=120 w=256 h=118
[18:57:43] [Render thread/INFO] (Minecraft) [STDOUT]: [SequencerPreview] Icon create: AREA_EFFECT_CLOUD
[18:57:43] [Render thread/INFO] (Minecraft) [STDOUT]: [SequencerPreview] drawEntityAny: start, type=minecraft:area_effect_cloud
[18:57:43] [Render thread/INFO] (Minecraft) [STDOUT]: [AEC][PROBE] ICON AEC: enter size=24
[18:57:43] [Render thread/INFO] (Minecraft) [STDOUT]: [AEC][PROBE] MAEC 2D: enter x=7 y=54 w=24 h=24
[18:57:43] [Render thread/INFO] (Minecraft) [STDOUT]: [AEC][PROBE] MAEC 2D: style: style name='Potion cloud' sprites=false baseDisk=true softPuffs=true grid=8 density=1,15 alpha=0,90 wobble=0,050 puffMul=1,00 tint=0xFF000000
[18:57:43] [Render thread/INFO] (Minecraft) [STDOUT]: [AEC][PROBE] MAEC frames: load
[18:57:43] [Render thread/INFO] (Minecraft) [STDOUT]: [SequencerPreview] drawEntityAny: start, type=minecraft:arrow
[18:57:43] [Render thread/INFO] (Minecraft) [STDOUT]: [SequencerPreview] drawEntityAny: det=-729.0
[18:57:43] [Render thread/INFO] (Minecraft) [STDOUT]: [SequencerPreview] drawEntityAny: start, type=minecraft:block_display
[18:57:43] [Render thread/INFO] (Minecraft) [STDOUT]: [SequencerPreview] drawEntityAny: det=-729.0
[18:57:43] [Render thread/INFO] (Minecraft) [STDOUT]: [SequencerPreview] drawEntityAny: start, type=minecraft:boat
[18:57:43] [Render thread/INFO] (Minecraft) [STDOUT]: [SequencerPreview] drawEntityAny: det=-729.0
[18:57:43] [Render thread/INFO] (Minecraft) [STDOUT]: [AEC][PROBE] getOrCreatePreviewAny: start
[18:57:43] [Render thread/INFO] (Minecraft) [STDOUT]: [AEC][PROBE] getOrCreatePreviewAny: world=true type=true
[18:57:43] [Render thread/INFO] (Minecraft) [STDOUT]: [SequencerPreview] getOrCreatePreviewAny: try type=minecraft:allay
[18:57:43] [Render thread/INFO] (Minecraft) [STDOUT]: [SequencerPreview] getOrCreatePreviewAny: reuse existing instance for minecraft:allay
[18:57:43] [Render thread/INFO] (Minecraft) [STDOUT]: [AEC][PROBE] PREVIEW draw begin: type=minecraft:allay rect=216,120 256x118
[18:57:43] [Render thread/INFO] (Minecraft) [STDOUT]: [AEC][PROBE] PREVIEW draw end
[18:57:43] [Render thread/INFO] (Minecraft) [STDOUT]: [AEC][PROBE] ---- frame 52 ----
[18:57:43] [Render thread/INFO] (Minecraft) [STDOUT]: [AEC][PROBE] Screen.render tab=MORPHS
[18:57:43] [Render thread/INFO] (Minecraft) [STDOUT]: [AEC][PROBE] Render: selectedType=minecraft:allay
[18:57:43] [Render thread/INFO] (Minecraft) [STDOUT]: [AEC][PROBE] PreviewRect: rect x=216 y=120 w=256 h=118
[18:57:43] [Render thread/INFO] (Minecraft) [STDOUT]: [SequencerPreview] Icon create: AREA_EFFECT_CLOUD
[18:57:43] [Render thread/INFO] (Minecraft) [STDOUT]: [SequencerPreview] drawEntityAny: start, type=minecraft:area_effect_cloud
[18:57:43] [Render thread/INFO] (Minecraft) [STDOUT]: [AEC][PROBE] ICON AEC: enter size=24
[18:57:43] [Render thread/INFO] (Minecraft) [STDOUT]: [AEC][PROBE] MAEC 2D: enter x=7 y=54 w=24 h=24
[18:57:43] [Render thread/INFO] (Minecraft) [STDOUT]: [AEC][PROBE] MAEC 2D: style: style name='Potion cloud' sprites=false baseDisk=true softPuffs=true grid=8 density=1,15 alpha=0,90 wobble=0,050 puffMul=1,00 tint=0xFF000000
[18:57:43] [Render thread/INFO] (Minecraft) [STDOUT]: [AEC][PROBE] MAEC frames: load
[18:57:43] [Render thread/INFO] (Minecraft) [STDOUT]: [SequencerPreview] drawEntityAny: start, type=minecraft:arrow
[18:57:43] [Render thread/INFO] (Minecraft) [STDOUT]: [SequencerPreview] drawEntityAny: det=-729.0
[18:57:43] [Render thread/INFO] (Minecraft) [STDOUT]: [SequencerPreview] drawEntityAny: start, type=minecraft:block_display
[18:57:43] [Render thread/INFO] (Minecraft) [STDOUT]: [SequencerPreview] drawEntityAny: det=-729.0
[18:57:43] [Render thread/INFO] (Minecraft) [STDOUT]: [SequencerPreview] drawEntityAny: start, type=minecraft:boat
[18:57:43] [Render thread/INFO] (Minecraft) [STDOUT]: [SequencerPreview] drawEntityAny: det=-729.0
[18:57:43] [Render thread/INFO] (Minecraft) [STDOUT]: [AEC][PROBE] getOrCreatePreviewAny: start
[18:57:43] [Render thread/INFO] (Minecraft) [STDOUT]: [AEC][PROBE] getOrCreatePreviewAny: world=true type=true
[18:57:43] [Render thread/INFO] (Minecraft) [STDOUT]: [SequencerPreview] getOrCreatePreviewAny: try type=minecraft:allay
[18:57:43] [Render thread/INFO] (Minecraft) [STDOUT]: [SequencerPreview] getOrCreatePreviewAny: reuse existing instance for minecraft:allay
[18:57:43] [Render thread/INFO] (Minecraft) [STDOUT]: [AEC][PROBE] PREVIEW draw begin: type=minecraft:allay rect=216,120 256x118
[18:57:43] [Render thread/INFO] (Minecraft) [STDOUT]: [AEC][PROBE] PREVIEW draw end
[18:57:43] [Render thread/INFO] (Minecraft) [STDOUT]: [AEC][PROBE] ---- frame 53 ----
[18:57:43] [Render thread/INFO] (Minecraft) [STDOUT]: [AEC][PROBE] Screen.render tab=MORPHS
[18:57:43] [Render thread/INFO] (Minecraft) [STDOUT]: [AEC][PROBE] Render: selectedType=minecraft:allay
[18:57:43] [Render thread/INFO] (Minecraft) [STDOUT]: [AEC][PROBE] PreviewRect: rect x=216 y=120 w=256 h=118
[18:57:43] [Render thread/INFO] (Minecraft) [STDOUT]: [SequencerPreview] Icon create: AREA_EFFECT_CLOUD
[18:57:43] [Render thread/INFO] (Minecraft) [STDOUT]: [SequencerPreview] drawEntityAny: start, type=minecraft:area_effect_cloud
[18:57:43] [Render thread/INFO] (Minecraft) [STDOUT]: [AEC][PROBE] ICON AEC: enter size=24
[18:57:43] [Render thread/INFO] (Minecraft) [STDOUT]: [AEC][PROBE] MAEC 2D: enter x=7 y=54 w=24 h=24
[18:57:43] [Render thread/INFO] (Minecraft) [STDOUT]: [AEC][PROBE] MAEC 2D: style: style name='Potion cloud' sprites=false baseDisk=true softPuffs=true grid=8 density=1,15 alpha=0,90 wobble=0,050 puffMul=1,00 tint=0xFF000000
[18:57:43] [Render thread/INFO] (Minecraft) [STDOUT]: [AEC][PROBE] MAEC frames: load
[18:57:43] [Render thread/INFO] (Minecraft) [STDOUT]: [SequencerPreview] drawEntityAny: start, type=minecraft:arrow
[18:57:43] [Render thread/INFO] (Minecraft) [STDOUT]: [SequencerPreview] drawEntityAny: det=-729.0
[18:57:43] [Render thread/INFO] (Minecraft) [STDOUT]: [SequencerPreview] drawEntityAny: start, type=minecraft:block_display
[18:57:43] [Render thread/INFO] (Minecraft) [STDOUT]: [SequencerPreview] drawEntityAny: det=-729.0
[18:57:43] [Render thread/INFO] (Minecraft) [STDOUT]: [SequencerPreview] drawEntityAny: start, type=minecraft:boat
[18:57:43] [Render thread/INFO] (Minecraft) [STDOUT]: [SequencerPreview] drawEntityAny: det=-729.0
[18:57:43] [Render thread/INFO] (Minecraft) [STDOUT]: [AEC][PROBE] getOrCreatePreviewAny: start
[18:57:43] [Render thread/INFO] (Minecraft) [STDOUT]: [AEC][PROBE] getOrCreatePreviewAny: world=true type=true
[18:57:43] [Render thread/INFO] (Minecraft) [STDOUT]: [SequencerPreview] getOrCreatePreviewAny: try type=minecraft:allay
[18:57:43] [Render thread/INFO] (Minecraft) [STDOUT]: [SequencerPreview] getOrCreatePreviewAny: reuse existing instance for minecraft:allay
[18:57:43] [Render thread/INFO] (Minecraft) [STDOUT]: [AEC][PROBE] PREVIEW draw begin: type=minecraft:allay rect=216,120 256x118
[18:57:43] [Render thread/INFO] (Minecraft) [STDOUT]: [AEC][PROBE] PREVIEW draw end
[18:57:43] [Render thread/INFO] (Minecraft) [STDOUT]: [AEC][PROBE] ---- frame 54 ----
[18:57:43] [Render thread/INFO] (Minecraft) [STDOUT]: [AEC][PROBE] Screen.render tab=MORPHS
[18:57:43] [Render thread/INFO] (Minecraft) [STDOUT]: [AEC][PROBE] Render: selectedType=minecraft:allay
[18:57:43] [Render thread/INFO] (Minecraft) [STDOUT]: [AEC][PROBE] PreviewRect: rect x=216 y=120 w=256 h=118
[18:57:43] [Render thread/INFO] (Minecraft) [STDOUT]: [SequencerPreview] Icon create: AREA_EFFECT_CLOUD
[18:57:43] [Render thread/INFO] (Minecraft) [STDOUT]: [SequencerPreview] drawEntityAny: start, type=minecraft:area_effect_cloud
[18:57:43] [Render thread/INFO] (Minecraft) [STDOUT]: [AEC][PROBE] ICON AEC: enter size=24
[18:57:43] [Render thread/INFO] (Minecraft) [STDOUT]: [AEC][PROBE] MAEC 2D: enter x=7 y=54 w=24 h=24
[18:57:43] [Render thread/INFO] (Minecraft) [STDOUT]: [AEC][PROBE] MAEC 2D: style: style name='Potion cloud' sprites=false baseDisk=true softPuffs=true grid=8 density=1,15 alpha=0,90 wobble=0,050 puffMul=1,00 tint=0xFF000000
[18:57:43] [Render thread/INFO] (Minecraft) [STDOUT]: [AEC][PROBE] MAEC frames: load
[18:57:43] [Render thread/INFO] (Minecraft) [STDOUT]: [SequencerPreview] drawEntityAny: start, type=minecraft:arrow
[18:57:43] [Render thread/INFO] (Minecraft) [STDOUT]: [SequencerPreview] drawEntityAny: det=-729.0
[18:57:43] [Render thread/INFO] (Minecraft) [STDOUT]: [SequencerPreview] drawEntityAny: start, type=minecraft:block_display
[18:57:43] [Render thread/INFO] (Minecraft) [STDOUT]: [SequencerPreview] drawEntityAny: det=-729.0
[18:57:43] [Render thread/INFO] (Minecraft) [STDOUT]: [SequencerPreview] drawEntityAny: start, type=minecraft:boat
[18:57:43] [Render thread/INFO] (Minecraft) [STDOUT]: [SequencerPreview] drawEntityAny: det=-729.0
[18:57:43] [Render thread/INFO] (Minecraft) [STDOUT]: [AEC][PROBE] getOrCreatePreviewAny: start
[18:57:43] [Render thread/INFO] (Minecraft) [STDOUT]: [AEC][PROBE] getOrCreatePreviewAny: world=true type=true
[18:57:43] [Render thread/INFO] (Minecraft) [STDOUT]: [SequencerPreview] getOrCreatePreviewAny: try type=minecraft:allay
[18:57:43] [Render thread/INFO] (Minecraft) [STDOUT]: [SequencerPreview] getOrCreatePreviewAny: reuse existing instance for minecraft:allay
[18:57:43] [Render thread/INFO] (Minecraft) [STDOUT]: [AEC][PROBE] PREVIEW draw begin: type=minecraft:allay rect=216,120 256x118
[18:57:43] [Render thread/INFO] (Minecraft) [STDOUT]: [AEC][PROBE] PREVIEW draw end
[18:57:43] [Render thread/INFO] (Minecraft) [STDOUT]: [AEC][PROBE] ---- frame 55 ----
[18:57:43] [Render thread/INFO] (Minecraft) [STDOUT]: [AEC][PROBE] Screen.render tab=MORPHS
[18:57:43] [Render thread/INFO] (Minecraft) [STDOUT]: [AEC][PROBE] Render: selectedType=minecraft:allay
[18:57:43] [Render thread/INFO] (Minecraft) [STDOUT]: [AEC][PROBE] PreviewRect: rect x=216 y=120 w=256 h=118
[18:57:43] [Render thread/INFO] (Minecraft) [STDOUT]: [SequencerPreview] Icon create: AREA_EFFECT_CLOUD
[18:57:43] [Render thread/INFO] (Minecraft) [STDOUT]: [SequencerPreview] drawEntityAny: start, type=minecraft:area_effect_cloud
[18:57:43] [Render thread/INFO] (Minecraft) [STDOUT]: [AEC][PROBE] ICON AEC: enter size=24
[18:57:43] [Render thread/INFO] (Minecraft) [STDOUT]: [AEC][PROBE] MAEC 2D: enter x=7 y=54 w=24 h=24
[18:57:43] [Render thread/INFO] (Minecraft) [STDOUT]: [AEC][PROBE] MAEC 2D: style: style name='Potion cloud' sprites=false baseDisk=true softPuffs=true grid=8 density=1,15 alpha=0,90 wobble=0,050 puffMul=1,00 tint=0xFF000000
[18:57:43] [Render thread/INFO] (Minecraft) [STDOUT]: [AEC][PROBE] MAEC frames: load
[18:57:43] [Render thread/INFO] (Minecraft) [STDOUT]: [SequencerPreview] drawEntityAny: start, type=minecraft:arrow
[18:57:43] [Render thread/INFO] (Minecraft) [STDOUT]: [SequencerPreview] drawEntityAny: det=-729.0
[18:57:43] [Render thread/INFO] (Minecraft) [STDOUT]: [SequencerPreview] drawEntityAny: start, type=minecraft:block_display
[18:57:43] [Render thread/INFO] (Minecraft) [STDOUT]: [SequencerPreview] drawEntityAny: det=-729.0
[18:57:43] [Render thread/INFO] (Minecraft) [STDOUT]: [SequencerPreview] drawEntityAny: start, type=minecraft:boat
[18:57:43] [Render thread/INFO] (Minecraft) [STDOUT]: [SequencerPreview] drawEntityAny: det=-729.0
[18:57:43] [Render thread/INFO] (Minecraft) [STDOUT]: [AEC][PROBE] getOrCreatePreviewAny: start
[18:57:43] [Render thread/INFO] (Minecraft) [STDOUT]: [AEC][PROBE] getOrCreatePreviewAny: world=true type=true
[18:57:43] [Render thread/INFO] (Minecraft) [STDOUT]: [SequencerPreview] getOrCreatePreviewAny: try type=minecraft:allay
[18:57:43] [Render thread/INFO] (Minecraft) [STDOUT]: [SequencerPreview] getOrCreatePreviewAny: reuse existing instance for minecraft:allay
[18:57:43] [Render thread/INFO] (Minecraft) [STDOUT]: [AEC][PROBE] PREVIEW draw begin: type=minecraft:allay rect=216,120 256x118
[18:57:43] [Render thread/INFO] (Minecraft) [STDOUT]: [AEC][PROBE] PREVIEW draw end
[18:57:43] [Render thread/INFO] (Minecraft) [STDOUT]: [AEC][PROBE] ---- frame 56 ----
[18:57:43] [Render thread/INFO] (Minecraft) [STDOUT]: [AEC][PROBE] Screen.render tab=MORPHS
[18:57:43] [Render thread/INFO] (Minecraft) [STDOUT]: [AEC][PROBE] Render: selectedType=minecraft:allay
[18:57:43] [Render thread/INFO] (Minecraft) [STDOUT]: [AEC][PROBE] PreviewRect: rect x=216 y=120 w=256 h=118
[18:57:43] [Render thread/INFO] (Minecraft) [STDOUT]: [SequencerPreview] Icon create: AREA_EFFECT_CLOUD
[18:57:43] [Render thread/INFO] (Minecraft) [STDOUT]: [SequencerPreview] drawEntityAny: start, type=minecraft:area_effect_cloud
[18:57:43] [Render thread/INFO] (Minecraft) [STDOUT]: [AEC][PROBE] ICON AEC: enter size=24
[18:57:43] [Render thread/INFO] (Minecraft) [STDOUT]: [AEC][PROBE] MAEC 2D: enter x=7 y=54 w=24 h=24
[18:57:43] [Render thread/INFO] (Minecraft) [STDOUT]: [AEC][PROBE] MAEC 2D: style: style name='Potion cloud' sprites=false baseDisk=true softPuffs=true grid=8 density=1,15 alpha=0,90 wobble=0,050 puffMul=1,00 tint=0xFF000000
[18:57:43] [Render thread/INFO] (Minecraft) [STDOUT]: [AEC][PROBE] MAEC frames: load
[18:57:43] [Render thread/INFO] (Minecraft) [STDOUT]: [SequencerPreview] drawEntityAny: start, type=minecraft:arrow
[18:57:43] [Render thread/INFO] (Minecraft) [STDOUT]: [SequencerPreview] drawEntityAny: det=-729.0
[18:57:43] [Render thread/INFO] (Minecraft) [STDOUT]: [SequencerPreview] drawEntityAny: start, type=minecraft:block_display
[18:57:43] [Render thread/INFO] (Minecraft) [STDOUT]: [SequencerPreview] drawEntityAny: det=-729.0
[18:57:43] [Render thread/INFO] (Minecraft) [STDOUT]: [SequencerPreview] drawEntityAny: start, type=minecraft:boat
[18:57:43] [Render thread/INFO] (Minecraft) [STDOUT]: [SequencerPreview] drawEntityAny: det=-729.0
[18:57:43] [Render thread/INFO] (Minecraft) [STDOUT]: [AEC][PROBE] getOrCreatePreviewAny: start
[18:57:43] [Render thread/INFO] (Minecraft) [STDOUT]: [AEC][PROBE] getOrCreatePreviewAny: world=true type=true
[18:57:43] [Render thread/INFO] (Minecraft) [STDOUT]: [SequencerPreview] getOrCreatePreviewAny: try type=minecraft:allay
[18:57:43] [Render thread/INFO] (Minecraft) [STDOUT]: [SequencerPreview] getOrCreatePreviewAny: reuse existing instance for minecraft:allay
[18:57:43] [Render thread/INFO] (Minecraft) [STDOUT]: [AEC][PROBE] PREVIEW draw begin: type=minecraft:allay rect=216,120 256x118
[18:57:43] [Render thread/INFO] (Minecraft) [STDOUT]: [AEC][PROBE] PREVIEW draw end
[18:57:43] [Render thread/INFO] (Minecraft) [STDOUT]: [AEC][PROBE] ---- frame 57 ----
[18:57:43] [Render thread/INFO] (Minecraft) [STDOUT]: [AEC][PROBE] Screen.render tab=MORPHS
[18:57:43] [Render thread/INFO] (Minecraft) [STDOUT]: [AEC][PROBE] Render: selectedType=minecraft:allay
[18:57:43] [Render thread/INFO] (Minecraft) [STDOUT]: [AEC][PROBE] PreviewRect: rect x=216 y=120 w=256 h=118
[18:57:43] [Render thread/INFO] (Minecraft) [STDOUT]: [SequencerPreview] Icon create: AREA_EFFECT_CLOUD
[18:57:43] [Render thread/INFO] (Minecraft) [STDOUT]: [SequencerPreview] drawEntityAny: start, type=minecraft:area_effect_cloud
[18:57:43] [Render thread/INFO] (Minecraft) [STDOUT]: [AEC][PROBE] ICON AEC: enter size=24
[18:57:43] [Render thread/INFO] (Minecraft) [STDOUT]: [AEC][PROBE] MAEC 2D: enter x=7 y=54 w=24 h=24
[18:57:43] [Render thread/INFO] (Minecraft) [STDOUT]: [AEC][PROBE] MAEC 2D: style: style name='Potion cloud' sprites=false baseDisk=true softPuffs=true grid=8 density=1,15 alpha=0,90 wobble=0,050 puffMul=1,00 tint=0xFF000000
[18:57:43] [Render thread/INFO] (Minecraft) [STDOUT]: [AEC][PROBE] MAEC frames: load
[18:57:43] [Render thread/INFO] (Minecraft) [STDOUT]: [SequencerPreview] drawEntityAny: start, type=minecraft:arrow
[18:57:43] [Render thread/INFO] (Minecraft) [STDOUT]: [SequencerPreview] drawEntityAny: det=-729.0
[18:57:43] [Render thread/INFO] (Minecraft) [STDOUT]: [SequencerPreview] drawEntityAny: start, type=minecraft:block_display
[18:57:43] [Render thread/INFO] (Minecraft) [STDOUT]: [SequencerPreview] drawEntityAny: det=-729.0
[18:57:43] [Render thread/INFO] (Minecraft) [STDOUT]: [SequencerPreview] drawEntityAny: start, type=minecraft:boat
[18:57:43] [Render thread/INFO] (Minecraft) [STDOUT]: [SequencerPreview] drawEntityAny: det=-729.0
[18:57:43] [Render thread/INFO] (Minecraft) [STDOUT]: [AEC][PROBE] getOrCreatePreviewAny: start
[18:57:43] [Render thread/INFO] (Minecraft) [STDOUT]: [AEC][PROBE] getOrCreatePreviewAny: world=true type=true
[18:57:43] [Render thread/INFO] (Minecraft) [STDOUT]: [SequencerPreview] getOrCreatePreviewAny: try type=minecraft:allay
[18:57:43] [Render thread/INFO] (Minecraft) [STDOUT]: [SequencerPreview] getOrCreatePreviewAny: reuse existing instance for minecraft:allay
[18:57:43] [Render thread/INFO] (Minecraft) [STDOUT]: [AEC][PROBE] PREVIEW draw begin: type=minecraft:allay rect=216,120 256x118
[18:57:43] [Render thread/INFO] (Minecraft) [STDOUT]: [AEC][PROBE] PREVIEW draw end
[18:57:43] [Render thread/INFO] (Minecraft) [STDOUT]: [AEC][PROBE] ---- frame 58 ----
[18:57:43] [Render thread/INFO] (Minecraft) [STDOUT]: [AEC][PROBE] Screen.render tab=MORPHS
[18:57:43] [Render thread/INFO] (Minecraft) [STDOUT]: [AEC][PROBE] Render: selectedType=minecraft:allay
[18:57:43] [Render thread/INFO] (Minecraft) [STDOUT]: [AEC][PROBE] PreviewRect: rect x=216 y=120 w=256 h=118
[18:57:43] [Render thread/INFO] (Minecraft) [STDOUT]: [SequencerPreview] Icon create: AREA_EFFECT_CLOUD
[18:57:43] [Render thread/INFO] (Minecraft) [STDOUT]: [SequencerPreview] drawEntityAny: start, type=minecraft:area_effect_cloud
[18:57:43] [Render thread/INFO] (Minecraft) [STDOUT]: [AEC][PROBE] ICON AEC: enter size=24
[18:57:43] [Render thread/INFO] (Minecraft) [STDOUT]: [AEC][PROBE] MAEC 2D: enter x=7 y=54 w=24 h=24
[18:57:43] [Render thread/INFO] (Minecraft) [STDOUT]: [AEC][PROBE] MAEC 2D: style: style name='Potion cloud' sprites=false baseDisk=true softPuffs=true grid=8 density=1,15 alpha=0,90 wobble=0,050 puffMul=1,00 tint=0xFF000000
[18:57:43] [Render thread/INFO] (Minecraft) [STDOUT]: [AEC][PROBE] MAEC frames: load
[18:57:43] [Render thread/INFO] (Minecraft) [STDOUT]: [SequencerPreview] drawEntityAny: start, type=minecraft:arrow
[18:57:43] [Render thread/INFO] (Minecraft) [STDOUT]: [SequencerPreview] drawEntityAny: det=-729.0
[18:57:43] [Render thread/INFO] (Minecraft) [STDOUT]: [SequencerPreview] drawEntityAny: start, type=minecraft:block_display
[18:57:43] [Render thread/INFO] (Minecraft) [STDOUT]: [SequencerPreview] drawEntityAny: det=-729.0
[18:57:43] [Render thread/INFO] (Minecraft) [STDOUT]: [SequencerPreview] drawEntityAny: start, type=minecraft:boat
[18:57:43] [Render thread/INFO] (Minecraft) [STDOUT]: [SequencerPreview] drawEntityAny: det=-729.0
[18:57:43] [Render thread/INFO] (Minecraft) [STDOUT]: [AEC][PROBE] getOrCreatePreviewAny: start
[18:57:43] [Render thread/INFO] (Minecraft) [STDOUT]: [AEC][PROBE] getOrCreatePreviewAny: world=true type=true
[18:57:43] [Render thread/INFO] (Minecraft) [STDOUT]: [SequencerPreview] getOrCreatePreviewAny: try type=minecraft:allay
[18:57:43] [Render thread/INFO] (Minecraft) [STDOUT]: [SequencerPreview] getOrCreatePreviewAny: reuse existing instance for minecraft:allay
[18:57:43] [Render thread/INFO] (Minecraft) [STDOUT]: [AEC][PROBE] PREVIEW draw begin: type=minecraft:allay rect=216,120 256x118
[18:57:43] [Render thread/INFO] (Minecraft) [STDOUT]: [AEC][PROBE] PREVIEW draw end
[18:57:43] [Render thread/INFO] (Minecraft) [STDOUT]: [AEC][PROBE] ---- frame 59 ----
[18:57:43] [Render thread/INFO] (Minecraft) [STDOUT]: [AEC][PROBE] Screen.render tab=MORPHS
[18:57:43] [Render thread/INFO] (Minecraft) [STDOUT]: [AEC][PROBE] Render: selectedType=minecraft:allay
[18:57:43] [Render thread/INFO] (Minecraft) [STDOUT]: [AEC][PROBE] PreviewRect: rect x=216 y=120 w=256 h=118
[18:57:43] [Render thread/INFO] (Minecraft) [STDOUT]: [SequencerPreview] Icon create: AREA_EFFECT_CLOUD
[18:57:43] [Render thread/INFO] (Minecraft) [STDOUT]: [SequencerPreview] drawEntityAny: start, type=minecraft:area_effect_cloud
[18:57:43] [Render thread/INFO] (Minecraft) [STDOUT]: [AEC][PROBE] ICON AEC: enter size=24
[18:57:43] [Render thread/INFO] (Minecraft) [STDOUT]: [AEC][PROBE] MAEC 2D: enter x=7 y=54 w=24 h=24
[18:57:43] [Render thread/INFO] (Minecraft) [STDOUT]: [AEC][PROBE] MAEC 2D: style: style name='Potion cloud' sprites=false baseDisk=true softPuffs=true grid=8 density=1,15 alpha=0,90 wobble=0,050 puffMul=1,00 tint=0xFF000000
[18:57:43] [Render thread/INFO] (Minecraft) [STDOUT]: [AEC][PROBE] MAEC frames: load
[18:57:43] [Render thread/INFO] (Minecraft) [STDOUT]: [SequencerPreview] drawEntityAny: start, type=minecraft:arrow
[18:57:43] [Render thread/INFO] (Minecraft) [STDOUT]: [SequencerPreview] drawEntityAny: det=-729.0
[18:57:43] [Render thread/INFO] (Minecraft) [STDOUT]: [SequencerPreview] drawEntityAny: start, type=minecraft:block_display
[18:57:43] [Render thread/INFO] (Minecraft) [STDOUT]: [SequencerPreview] drawEntityAny: det=-729.0
[18:57:43] [Render thread/INFO] (Minecraft) [STDOUT]: [SequencerPreview] drawEntityAny: start, type=minecraft:boat
[18:57:43] [Render thread/INFO] (Minecraft) [STDOUT]: [SequencerPreview] drawEntityAny: det=-729.0
[18:57:43] [Render thread/INFO] (Minecraft) [STDOUT]: [AEC][PROBE] getOrCreatePreviewAny: start
[18:57:43] [Render thread/INFO] (Minecraft) [STDOUT]: [AEC][PROBE] getOrCreatePreviewAny: world=true type=true
[18:57:43] [Render thread/INFO] (Minecraft) [STDOUT]: [SequencerPreview] getOrCreatePreviewAny: try type=minecraft:allay
[18:57:43] [Render thread/INFO] (Minecraft) [STDOUT]: [SequencerPreview] getOrCreatePreviewAny: reuse existing instance for minecraft:allay
[18:57:43] [Render thread/INFO] (Minecraft) [STDOUT]: [AEC][PROBE] PREVIEW draw begin: type=minecraft:allay rect=216,120 256x118
[18:57:43] [Render thread/INFO] (Minecraft) [STDOUT]: [AEC][PROBE] PREVIEW draw end
[18:57:43] [Render thread/INFO] (Minecraft) [STDOUT]: [AEC][PROBE] ---- frame 60 ----
[18:57:43] [Render thread/INFO] (Minecraft) [STDOUT]: [AEC][PROBE] Screen.render tab=MORPHS
[18:57:43] [Render thread/INFO] (Minecraft) [STDOUT]: [AEC][PROBE] Render: selectedType=minecraft:allay
[18:57:43] [Render thread/INFO] (Minecraft) [STDOUT]: [AEC][PROBE] PreviewRect: rect x=216 y=120 w=256 h=118
[18:57:43] [Render thread/INFO] (Minecraft) [STDOUT]: [SequencerPreview] Icon create: AREA_EFFECT_CLOUD
[18:57:43] [Render thread/INFO] (Minecraft) [STDOUT]: [SequencerPreview] drawEntityAny: start, type=minecraft:area_effect_cloud
[18:57:43] [Render thread/INFO] (Minecraft) [STDOUT]: [AEC][PROBE] ICON AEC: enter size=24
[18:57:43] [Render thread/INFO] (Minecraft) [STDOUT]: [AEC][PROBE] MAEC 2D: enter x=7 y=54 w=24 h=24
[18:57:43] [Render thread/INFO] (Minecraft) [STDOUT]: [AEC][PROBE] MAEC 2D: style: style name='Potion cloud' sprites=false baseDisk=true softPuffs=true grid=8 density=1,15 alpha=0,90 wobble=0,050 puffMul=1,00 tint=0xFF000000
[18:57:43] [Render thread/INFO] (Minecraft) [STDOUT]: [AEC][PROBE] MAEC frames: load
[18:57:43] [Render thread/INFO] (Minecraft) [STDOUT]: [SequencerPreview] drawEntityAny: start, type=minecraft:arrow
[18:57:43] [Render thread/INFO] (Minecraft) [STDOUT]: [SequencerPreview] drawEntityAny: det=-729.0
[18:57:43] [Render thread/INFO] (Minecraft) [STDOUT]: [SequencerPreview] drawEntityAny: start, type=minecraft:block_display
[18:57:43] [Render thread/INFO] (Minecraft) [STDOUT]: [SequencerPreview] drawEntityAny: det=-729.0
[18:57:43] [Render thread/INFO] (Minecraft) [STDOUT]: [SequencerPreview] drawEntityAny: start, type=minecraft:boat
[18:57:43] [Render thread/INFO] (Minecraft) [STDOUT]: [SequencerPreview] drawEntityAny: det=-729.0
[18:57:43] [Render thread/INFO] (Minecraft) [STDOUT]: [AEC][PROBE] getOrCreatePreviewAny: start
[18:57:43] [Render thread/INFO] (Minecraft) [STDOUT]: [AEC][PROBE] getOrCreatePreviewAny: world=true type=true
[18:57:43] [Render thread/INFO] (Minecraft) [STDOUT]: [SequencerPreview] getOrCreatePreviewAny: try type=minecraft:allay
[18:57:43] [Render thread/INFO] (Minecraft) [STDOUT]: [SequencerPreview] getOrCreatePreviewAny: reuse existing instance for minecraft:allay
[18:57:43] [Render thread/INFO] (Minecraft) [STDOUT]: [AEC][PROBE] PREVIEW draw begin: type=minecraft:allay rect=216,120 256x118
[18:57:43] [Render thread/INFO] (Minecraft) [STDOUT]: [AEC][PROBE] PREVIEW draw end
[18:57:43] [Render thread/INFO] (Minecraft) [STDOUT]: [AEC][PROBE] ---- frame 61 ----
[18:57:43] [Render thread/INFO] (Minecraft) [STDOUT]: [AEC][PROBE] Screen.render tab=MORPHS
[18:57:43] [Render thread/INFO] (Minecraft) [STDOUT]: [AEC][PROBE] Render: selectedType=minecraft:allay
[18:57:43] [Render thread/INFO] (Minecraft) [STDOUT]: [AEC][PROBE] PreviewRect: rect x=216 y=120 w=256 h=118
[18:57:43] [Render thread/INFO] (Minecraft) [STDOUT]: [SequencerPreview] Icon create: AREA_EFFECT_CLOUD
[18:57:43] [Render thread/INFO] (Minecraft) [STDOUT]: [SequencerPreview] drawEntityAny: start, type=minecraft:area_effect_cloud
[18:57:43] [Render thread/INFO] (Minecraft) [STDOUT]: [AEC][PROBE] ICON AEC: enter size=24
[18:57:43] [Render thread/INFO] (Minecraft) [STDOUT]: [AEC][PROBE] MAEC 2D: enter x=7 y=54 w=24 h=24
[18:57:43] [Render thread/INFO] (Minecraft) [STDOUT]: [AEC][PROBE] MAEC 2D: style: style name='Potion cloud' sprites=false baseDisk=true softPuffs=true grid=8 density=1,15 alpha=0,90 wobble=0,050 puffMul=1,00 tint=0xFF000000
[18:57:43] [Render thread/INFO] (Minecraft) [STDOUT]: [AEC][PROBE] MAEC frames: load
[18:57:43] [Render thread/INFO] (Minecraft) [STDOUT]: [SequencerPreview] drawEntityAny: start, type=minecraft:arrow
[18:57:43] [Render thread/INFO] (Minecraft) [STDOUT]: [SequencerPreview] drawEntityAny: det=-729.0
[18:57:43] [Render thread/INFO] (Minecraft) [STDOUT]: [SequencerPreview] drawEntityAny: start, type=minecraft:block_display
[18:57:43] [Render thread/INFO] (Minecraft) [STDOUT]: [SequencerPreview] drawEntityAny: det=-729.0
[18:57:43] [Render thread/INFO] (Minecraft) [STDOUT]: [SequencerPreview] drawEntityAny: start, type=minecraft:boat
[18:57:43] [Render thread/INFO] (Minecraft) [STDOUT]: [SequencerPreview] drawEntityAny: det=-729.0
[18:57:43] [Render thread/INFO] (Minecraft) [STDOUT]: [AEC][PROBE] getOrCreatePreviewAny: start
[18:57:43] [Render thread/INFO] (Minecraft) [STDOUT]: [AEC][PROBE] getOrCreatePreviewAny: world=true type=true
[18:57:43] [Render thread/INFO] (Minecraft) [STDOUT]: [SequencerPreview] getOrCreatePreviewAny: try type=minecraft:allay
[18:57:43] [Render thread/INFO] (Minecraft) [STDOUT]: [SequencerPreview] getOrCreatePreviewAny: reuse existing instance for minecraft:allay
[18:57:43] [Render thread/INFO] (Minecraft) [STDOUT]: [AEC][PROBE] PREVIEW draw begin: type=minecraft:allay rect=216,120 256x118
[18:57:43] [Render thread/INFO] (Minecraft) [STDOUT]: [AEC][PROBE] PREVIEW draw end
[18:57:43] [Render thread/INFO] (Minecraft) [STDOUT]: [AEC][PROBE] ---- frame 62 ----
[18:57:43] [Render thread/INFO] (Minecraft) [STDOUT]: [AEC][PROBE] Screen.render tab=MORPHS
[18:57:43] [Render thread/INFO] (Minecraft) [STDOUT]: [AEC][PROBE] Render: selectedType=minecraft:allay
[18:57:43] [Render thread/INFO] (Minecraft) [STDOUT]: [AEC][PROBE] PreviewRect: rect x=216 y=120 w=256 h=118
[18:57:43] [Render thread/INFO] (Minecraft) [STDOUT]: [SequencerPreview] Icon create: AREA_EFFECT_CLOUD
[18:57:43] [Render thread/INFO] (Minecraft) [STDOUT]: [SequencerPreview] drawEntityAny: start, type=minecraft:area_effect_cloud
[18:57:43] [Render thread/INFO] (Minecraft) [STDOUT]: [AEC][PROBE] ICON AEC: enter size=24
[18:57:43] [Render thread/INFO] (Minecraft) [STDOUT]: [AEC][PROBE] MAEC 2D: enter x=7 y=54 w=24 h=24
[18:57:43] [Render thread/INFO] (Minecraft) [STDOUT]: [AEC][PROBE] MAEC 2D: style: style name='Potion cloud' sprites=false baseDisk=true softPuffs=true grid=8 density=1,15 alpha=0,90 wobble=0,050 puffMul=1,00 tint=0xFF000000
[18:57:43] [Render thread/INFO] (Minecraft) [STDOUT]: [AEC][PROBE] MAEC frames: load
[18:57:43] [Render thread/INFO] (Minecraft) [STDOUT]: [SequencerPreview] drawEntityAny: start, type=minecraft:arrow
[18:57:43] [Render thread/INFO] (Minecraft) [STDOUT]: [SequencerPreview] drawEntityAny: det=-729.0
[18:57:43] [Render thread/INFO] (Minecraft) [STDOUT]: [SequencerPreview] drawEntityAny: start, type=minecraft:block_display
[18:57:43] [Render thread/INFO] (Minecraft) [STDOUT]: [SequencerPreview] drawEntityAny: det=-729.0
[18:57:43] [Render thread/INFO] (Minecraft) [STDOUT]: [SequencerPreview] drawEntityAny: start, type=minecraft:boat
[18:57:43] [Render thread/INFO] (Minecraft) [STDOUT]: [SequencerPreview] drawEntityAny: det=-729.0
[18:57:43] [Render thread/INFO] (Minecraft) [STDOUT]: [AEC][PROBE] getOrCreatePreviewAny: start
[18:57:43] [Render thread/INFO] (Minecraft) [STDOUT]: [AEC][PROBE] getOrCreatePreviewAny: world=true type=true
[18:57:43] [Render thread/INFO] (Minecraft) [STDOUT]: [SequencerPreview] getOrCreatePreviewAny: try type=minecraft:allay
[18:57:43] [Render thread/INFO] (Minecraft) [STDOUT]: [SequencerPreview] getOrCreatePreviewAny: reuse existing instance for minecraft:allay
[18:57:43] [Render thread/INFO] (Minecraft) [STDOUT]: [AEC][PROBE] PREVIEW draw begin: type=minecraft:allay rect=216,120 256x118
[18:57:43] [Render thread/INFO] (Minecraft) [STDOUT]: [AEC][PROBE] PREVIEW draw end
[18:57:43] [Render thread/INFO] (Minecraft) [STDOUT]: [AEC][PROBE] ---- frame 63 ----
[18:57:43] [Render thread/INFO] (Minecraft) [STDOUT]: [AEC][PROBE] Screen.render tab=MORPHS
[18:57:43] [Render thread/INFO] (Minecraft) [STDOUT]: [AEC][PROBE] Render: selectedType=minecraft:allay
[18:57:43] [Render thread/INFO] (Minecraft) [STDOUT]: [AEC][PROBE] PreviewRect: rect x=216 y=120 w=256 h=118
[18:57:43] [Render thread/INFO] (Minecraft) [STDOUT]: [SequencerPreview] Icon create: AREA_EFFECT_CLOUD
[18:57:43] [Render thread/INFO] (Minecraft) [STDOUT]: [SequencerPreview] drawEntityAny: start, type=minecraft:area_effect_cloud
[18:57:43] [Render thread/INFO] (Minecraft) [STDOUT]: [AEC][PROBE] ICON AEC: enter size=24
[18:57:43] [Render thread/INFO] (Minecraft) [STDOUT]: [AEC][PROBE] MAEC 2D: enter x=7 y=54 w=24 h=24
[18:57:43] [Render thread/INFO] (Minecraft) [STDOUT]: [AEC][PROBE] MAEC 2D: style: style name='Potion cloud' sprites=false baseDisk=true softPuffs=true grid=8 density=1,15 alpha=0,90 wobble=0,050 puffMul=1,00 tint=0xFF000000
[18:57:43] [Render thread/INFO] (Minecraft) [STDOUT]: [AEC][PROBE] MAEC frames: load
[18:57:43] [Render thread/INFO] (Minecraft) [STDOUT]: [SequencerPreview] drawEntityAny: start, type=minecraft:arrow
[18:57:43] [Render thread/INFO] (Minecraft) [STDOUT]: [SequencerPreview] drawEntityAny: det=-729.0
[18:57:43] [Render thread/INFO] (Minecraft) [STDOUT]: [SequencerPreview] drawEntityAny: start, type=minecraft:block_display
[18:57:43] [Render thread/INFO] (Minecraft) [STDOUT]: [SequencerPreview] drawEntityAny: det=-729.0
[18:57:43] [Render thread/INFO] (Minecraft) [STDOUT]: [SequencerPreview] drawEntityAny: start, type=minecraft:boat
[18:57:43] [Render thread/INFO] (Minecraft) [STDOUT]: [SequencerPreview] drawEntityAny: det=-729.0
[18:57:43] [Render thread/INFO] (Minecraft) [STDOUT]: [AEC][PROBE] getOrCreatePreviewAny: start
[18:57:43] [Render thread/INFO] (Minecraft) [STDOUT]: [AEC][PROBE] getOrCreatePreviewAny: world=true type=true
[18:57:43] [Render thread/INFO] (Minecraft) [STDOUT]: [SequencerPreview] getOrCreatePreviewAny: try type=minecraft:allay
[18:57:43] [Render thread/INFO] (Minecraft) [STDOUT]: [SequencerPreview] getOrCreatePreviewAny: reuse existing instance for minecraft:allay
[18:57:43] [Render thread/INFO] (Minecraft) [STDOUT]: [AEC][PROBE] PREVIEW draw begin: type=minecraft:allay rect=216,120 256x118
[18:57:43] [Render thread/INFO] (Minecraft) [STDOUT]: [AEC][PROBE] PREVIEW draw end
[18:57:44] [Render thread/INFO] (Minecraft) [STDOUT]: [AEC][PROBE] ---- frame 64 ----
[18:57:44] [Render thread/INFO] (Minecraft) [STDOUT]: [AEC][PROBE] Screen.render tab=MORPHS
[18:57:44] [Render thread/INFO] (Minecraft) [STDOUT]: [AEC][PROBE] Render: selectedType=minecraft:allay
[18:57:44] [Render thread/INFO] (Minecraft) [STDOUT]: [AEC][PROBE] PreviewRect: rect x=216 y=120 w=256 h=118
[18:57:44] [Render thread/INFO] (Minecraft) [STDOUT]: [SequencerPreview] Icon create: AREA_EFFECT_CLOUD
[18:57:44] [Render thread/INFO] (Minecraft) [STDOUT]: [SequencerPreview] drawEntityAny: start, type=minecraft:area_effect_cloud
[18:57:44] [Render thread/INFO] (Minecraft) [STDOUT]: [AEC][PROBE] ICON AEC: enter size=24
[18:57:44] [Render thread/INFO] (Minecraft) [STDOUT]: [AEC][PROBE] MAEC 2D: enter x=7 y=54 w=24 h=24
[18:57:44] [Render thread/INFO] (Minecraft) [STDOUT]: [AEC][PROBE] MAEC 2D: style: style name='Potion cloud' sprites=false baseDisk=true softPuffs=true grid=8 density=1,15 alpha=0,90 wobble=0,050 puffMul=1,00 tint=0xFF000000
[18:57:44] [Render thread/INFO] (Minecraft) [STDOUT]: [AEC][PROBE] MAEC frames: load
[18:57:44] [Render thread/INFO] (Minecraft) [STDOUT]: [SequencerPreview] drawEntityAny: start, type=minecraft:arrow
[18:57:44] [Render thread/INFO] (Minecraft) [STDOUT]: [SequencerPreview] drawEntityAny: det=-729.0
[18:57:44] [Render thread/INFO] (Minecraft) [STDOUT]: [SequencerPreview] drawEntityAny: start, type=minecraft:block_display
[18:57:44] [Render thread/INFO] (Minecraft) [STDOUT]: [SequencerPreview] drawEntityAny: det=-729.0
[18:57:44] [Render thread/INFO] (Minecraft) [STDOUT]: [SequencerPreview] drawEntityAny: start, type=minecraft:boat
[18:57:44] [Render thread/INFO] (Minecraft) [STDOUT]: [SequencerPreview] drawEntityAny: det=-729.0
[18:57:44] [Render thread/INFO] (Minecraft) [STDOUT]: [AEC][PROBE] getOrCreatePreviewAny: start
[18:57:44] [Render thread/INFO] (Minecraft) [STDOUT]: [AEC][PROBE] getOrCreatePreviewAny: world=true type=true
[18:57:44] [Render thread/INFO] (Minecraft) [STDOUT]: [SequencerPreview] getOrCreatePreviewAny: try type=minecraft:allay
[18:57:44] [Render thread/INFO] (Minecraft) [STDOUT]: [SequencerPreview] getOrCreatePreviewAny: reuse existing instance for minecraft:allay
[18:57:44] [Render thread/INFO] (Minecraft) [STDOUT]: [AEC][PROBE] PREVIEW draw begin: type=minecraft:allay rect=216,120 256x118
[18:57:44] [Render thread/INFO] (Minecraft) [STDOUT]: [AEC][PROBE] PREVIEW draw end
[18:57:44] [Render thread/INFO] (Minecraft) [STDOUT]: [AEC][PROBE] ---- frame 65 ----
[18:57:44] [Render thread/INFO] (Minecraft) [STDOUT]: [AEC][PROBE] Screen.render tab=MORPHS
[18:57:44] [Render thread/INFO] (Minecraft) [STDOUT]: [AEC][PROBE] Render: selectedType=minecraft:allay
[18:57:44] [Render thread/INFO] (Minecraft) [STDOUT]: [AEC][PROBE] PreviewRect: rect x=216 y=120 w=256 h=118
[18:57:44] [Render thread/INFO] (Minecraft) [STDOUT]: [SequencerPreview] Icon create: AREA_EFFECT_CLOUD
[18:57:44] [Render thread/INFO] (Minecraft) [STDOUT]: [SequencerPreview] drawEntityAny: start, type=minecraft:area_effect_cloud
[18:57:44] [Render thread/INFO] (Minecraft) [STDOUT]: [AEC][PROBE] ICON AEC: enter size=24
[18:57:44] [Render thread/INFO] (Minecraft) [STDOUT]: [AEC][PROBE] MAEC 2D: enter x=7 y=54 w=24 h=24
[18:57:44] [Render thread/INFO] (Minecraft) [STDOUT]: [AEC][PROBE] MAEC 2D: style: style name='Potion cloud' sprites=false baseDisk=true softPuffs=true grid=8 density=1,15 alpha=0,90 wobble=0,050 puffMul=1,00 tint=0xFF000000
[18:57:44] [Render thread/INFO] (Minecraft) [STDOUT]: [AEC][PROBE] MAEC frames: load
[18:57:44] [Render thread/INFO] (Minecraft) [STDOUT]: [SequencerPreview] drawEntityAny: start, type=minecraft:arrow
[18:57:44] [Render thread/INFO] (Minecraft) [STDOUT]: [SequencerPreview] drawEntityAny: det=-729.0
[18:57:44] [Render thread/INFO] (Minecraft) [STDOUT]: [SequencerPreview] drawEntityAny: start, type=minecraft:block_display
[18:57:44] [Render thread/INFO] (Minecraft) [STDOUT]: [SequencerPreview] drawEntityAny: det=-729.0
[18:57:44] [Render thread/INFO] (Minecraft) [STDOUT]: [SequencerPreview] drawEntityAny: start, type=minecraft:boat
[18:57:44] [Render thread/INFO] (Minecraft) [STDOUT]: [SequencerPreview] drawEntityAny: det=-729.0
[18:57:44] [Render thread/INFO] (Minecraft) [STDOUT]: [AEC][PROBE] getOrCreatePreviewAny: start
[18:57:44] [Render thread/INFO] (Minecraft) [STDOUT]: [AEC][PROBE] getOrCreatePreviewAny: world=true type=true
[18:57:44] [Render thread/INFO] (Minecraft) [STDOUT]: [SequencerPreview] getOrCreatePreviewAny: try type=minecraft:allay
[18:57:44] [Render thread/INFO] (Minecraft) [STDOUT]: [SequencerPreview] getOrCreatePreviewAny: reuse existing instance for minecraft:allay
[18:57:44] [Render thread/INFO] (Minecraft) [STDOUT]: [AEC][PROBE] PREVIEW draw begin: type=minecraft:allay rect=216,120 256x118
[18:57:44] [Render thread/INFO] (Minecraft) [STDOUT]: [AEC][PROBE] PREVIEW draw end
[18:57:44] [Render thread/INFO] (Minecraft) [STDOUT]: [AEC][PROBE] ---- frame 66 ----
[18:57:44] [Render thread/INFO] (Minecraft) [STDOUT]: [AEC][PROBE] Screen.render tab=MORPHS
[18:57:44] [Render thread/INFO] (Minecraft) [STDOUT]: [AEC][PROBE] Render: selectedType=minecraft:allay
[18:57:44] [Render thread/INFO] (Minecraft) [STDOUT]: [AEC][PROBE] PreviewRect: rect x=216 y=120 w=256 h=118
[18:57:44] [Render thread/INFO] (Minecraft) [STDOUT]: [SequencerPreview] Icon create: AREA_EFFECT_CLOUD
[18:57:44] [Render thread/INFO] (Minecraft) [STDOUT]: [SequencerPreview] drawEntityAny: start, type=minecraft:area_effect_cloud
[18:57:44] [Render thread/INFO] (Minecraft) [STDOUT]: [AEC][PROBE] ICON AEC: enter size=24
[18:57:44] [Render thread/INFO] (Minecraft) [STDOUT]: [AEC][PROBE] MAEC 2D: enter x=7 y=54 w=24 h=24
[18:57:44] [Render thread/INFO] (Minecraft) [STDOUT]: [AEC][PROBE] MAEC 2D: style: style name='Potion cloud' sprites=false baseDisk=true softPuffs=true grid=8 density=1,15 alpha=0,90 wobble=0,050 puffMul=1,00 tint=0xFF000000
[18:57:44] [Render thread/INFO] (Minecraft) [STDOUT]: [AEC][PROBE] MAEC frames: load
[18:57:44] [Render thread/INFO] (Minecraft) [STDOUT]: [SequencerPreview] drawEntityAny: start, type=minecraft:arrow
[18:57:44] [Render thread/INFO] (Minecraft) [STDOUT]: [SequencerPreview] drawEntityAny: det=-729.0
[18:57:44] [Render thread/INFO] (Minecraft) [STDOUT]: [SequencerPreview] drawEntityAny: start, type=minecraft:block_display
[18:57:44] [Render thread/INFO] (Minecraft) [STDOUT]: [SequencerPreview] drawEntityAny: det=-729.0
[18:57:44] [Render thread/INFO] (Minecraft) [STDOUT]: [SequencerPreview] drawEntityAny: start, type=minecraft:boat
[18:57:44] [Render thread/INFO] (Minecraft) [STDOUT]: [SequencerPreview] drawEntityAny: det=-729.0
[18:57:44] [Render thread/INFO] (Minecraft) [STDOUT]: [AEC][PROBE] getOrCreatePreviewAny: start
[18:57:44] [Render thread/INFO] (Minecraft) [STDOUT]: [AEC][PROBE] getOrCreatePreviewAny: world=true type=true
[18:57:44] [Render thread/INFO] (Minecraft) [STDOUT]: [SequencerPreview] getOrCreatePreviewAny: try type=minecraft:allay
[18:57:44] [Render thread/INFO] (Minecraft) [STDOUT]: [SequencerPreview] getOrCreatePreviewAny: reuse existing instance for minecraft:allay
[18:57:44] [Render thread/INFO] (Minecraft) [STDOUT]: [AEC][PROBE] PREVIEW draw begin: type=minecraft:allay rect=216,120 256x118
[18:57:44] [Render thread/INFO] (Minecraft) [STDOUT]: [AEC][PROBE] PREVIEW draw end
[18:57:44] [Render thread/INFO] (Minecraft) [STDOUT]: [AEC][PROBE] ---- frame 67 ----
[18:57:44] [Render thread/INFO] (Minecraft) [STDOUT]: [AEC][PROBE] Screen.render tab=MORPHS
[18:57:44] [Render thread/INFO] (Minecraft) [STDOUT]: [AEC][PROBE] Render: selectedType=minecraft:allay
[18:57:44] [Render thread/INFO] (Minecraft) [STDOUT]: [AEC][PROBE] PreviewRect: rect x=216 y=120 w=256 h=118
[18:57:44] [Render thread/INFO] (Minecraft) [STDOUT]: [SequencerPreview] Icon create: AREA_EFFECT_CLOUD
[18:57:44] [Render thread/INFO] (Minecraft) [STDOUT]: [SequencerPreview] drawEntityAny: start, type=minecraft:area_effect_cloud
[18:57:44] [Render thread/INFO] (Minecraft) [STDOUT]: [AEC][PROBE] ICON AEC: enter size=24
[18:57:44] [Render thread/INFO] (Minecraft) [STDOUT]: [AEC][PROBE] MAEC 2D: enter x=7 y=54 w=24 h=24
[18:57:44] [Render thread/INFO] (Minecraft) [STDOUT]: [AEC][PROBE] MAEC 2D: style: style name='Potion cloud' sprites=false baseDisk=true softPuffs=true grid=8 density=1,15 alpha=0,90 wobble=0,050 puffMul=1,00 tint=0xFF000000
[18:57:44] [Render thread/INFO] (Minecraft) [STDOUT]: [AEC][PROBE] MAEC frames: load
[18:57:44] [Render thread/INFO] (Minecraft) [STDOUT]: [SequencerPreview] drawEntityAny: start, type=minecraft:arrow
[18:57:44] [Render thread/INFO] (Minecraft) [STDOUT]: [SequencerPreview] drawEntityAny: det=-729.0
[18:57:44] [Render thread/INFO] (Minecraft) [STDOUT]: [SequencerPreview] drawEntityAny: start, type=minecraft:block_display
[18:57:44] [Render thread/INFO] (Minecraft) [STDOUT]: [SequencerPreview] drawEntityAny: det=-729.0
[18:57:44] [Render thread/INFO] (Minecraft) [STDOUT]: [SequencerPreview] drawEntityAny: start, type=minecraft:boat
[18:57:44] [Render thread/INFO] (Minecraft) [STDOUT]: [SequencerPreview] drawEntityAny: det=-729.0
[18:57:44] [Render thread/INFO] (Minecraft) [STDOUT]: [AEC][PROBE] getOrCreatePreviewAny: start
[18:57:44] [Render thread/INFO] (Minecraft) [STDOUT]: [AEC][PROBE] getOrCreatePreviewAny: world=true type=true
[18:57:44] [Render thread/INFO] (Minecraft) [STDOUT]: [SequencerPreview] getOrCreatePreviewAny: try type=minecraft:allay
[18:57:44] [Render thread/INFO] (Minecraft) [STDOUT]: [SequencerPreview] getOrCreatePreviewAny: reuse existing instance for minecraft:allay
[18:57:44] [Render thread/INFO] (Minecraft) [STDOUT]: [AEC][PROBE] PREVIEW draw begin: type=minecraft:allay rect=216,120 256x118
[18:57:44] [Render thread/INFO] (Minecraft) [STDOUT]: [AEC][PROBE] PREVIEW draw end
[18:57:44] [Render thread/INFO] (Minecraft) [STDOUT]: [AEC][PROBE] ---- frame 68 ----
[18:57:44] [Render thread/INFO] (Minecraft) [STDOUT]: [AEC][PROBE] Screen.render tab=MORPHS
[18:57:44] [Render thread/INFO] (Minecraft) [STDOUT]: [AEC][PROBE] Render: selectedType=minecraft:allay
[18:57:44] [Render thread/INFO] (Minecraft) [STDOUT]: [AEC][PROBE] PreviewRect: rect x=216 y=120 w=256 h=118
[18:57:44] [Render thread/INFO] (Minecraft) [STDOUT]: [SequencerPreview] Icon create: AREA_EFFECT_CLOUD
[18:57:44] [Render thread/INFO] (Minecraft) [STDOUT]: [SequencerPreview] drawEntityAny: start, type=minecraft:area_effect_cloud
[18:57:44] [Render thread/INFO] (Minecraft) [STDOUT]: [AEC][PROBE] ICON AEC: enter size=24
[18:57:44] [Render thread/INFO] (Minecraft) [STDOUT]: [AEC][PROBE] MAEC 2D: enter x=7 y=54 w=24 h=24
[18:57:44] [Render thread/INFO] (Minecraft) [STDOUT]: [AEC][PROBE] MAEC 2D: style: style name='Potion cloud' sprites=false baseDisk=true softPuffs=true grid=8 density=1,15 alpha=0,90 wobble=0,050 puffMul=1,00 tint=0xFF000000
[18:57:44] [Render thread/INFO] (Minecraft) [STDOUT]: [AEC][PROBE] MAEC frames: load
[18:57:44] [Render thread/INFO] (Minecraft) [STDOUT]: [SequencerPreview] drawEntityAny: start, type=minecraft:arrow
[18:57:44] [Render thread/INFO] (Minecraft) [STDOUT]: [SequencerPreview] drawEntityAny: det=-729.0
[18:57:44] [Render thread/INFO] (Minecraft) [STDOUT]: [SequencerPreview] drawEntityAny: start, type=minecraft:block_display
[18:57:44] [Render thread/INFO] (Minecraft) [STDOUT]: [SequencerPreview] drawEntityAny: det=-729.0
[18:57:44] [Render thread/INFO] (Minecraft) [STDOUT]: [SequencerPreview] drawEntityAny: start, type=minecraft:boat
[18:57:44] [Render thread/INFO] (Minecraft) [STDOUT]: [SequencerPreview] drawEntityAny: det=-729.0
[18:57:44] [Render thread/INFO] (Minecraft) [STDOUT]: [AEC][PROBE] getOrCreatePreviewAny: start
[18:57:44] [Render thread/INFO] (Minecraft) [STDOUT]: [AEC][PROBE] getOrCreatePreviewAny: world=true type=true
[18:57:44] [Render thread/INFO] (Minecraft) [STDOUT]: [SequencerPreview] getOrCreatePreviewAny: try type=minecraft:allay
[18:57:44] [Render thread/INFO] (Minecraft) [STDOUT]: [SequencerPreview] getOrCreatePreviewAny: reuse existing instance for minecraft:allay
[18:57:44] [Render thread/INFO] (Minecraft) [STDOUT]: [AEC][PROBE] PREVIEW draw begin: type=minecraft:allay rect=216,120 256x118
[18:57:44] [Render thread/INFO] (Minecraft) [STDOUT]: [AEC][PROBE] PREVIEW draw end
[18:57:44] [Render thread/INFO] (Minecraft) [STDOUT]: [AEC][PROBE] ---- frame 69 ----
[18:57:44] [Render thread/INFO] (Minecraft) [STDOUT]: [AEC][PROBE] Screen.render tab=MORPHS
[18:57:44] [Render thread/INFO] (Minecraft) [STDOUT]: [AEC][PROBE] Render: selectedType=minecraft:allay
[18:57:44] [Render thread/INFO] (Minecraft) [STDOUT]: [AEC][PROBE] PreviewRect: rect x=216 y=120 w=256 h=118
[18:57:44] [Render thread/INFO] (Minecraft) [STDOUT]: [SequencerPreview] Icon create: AREA_EFFECT_CLOUD
[18:57:44] [Render thread/INFO] (Minecraft) [STDOUT]: [SequencerPreview] drawEntityAny: start, type=minecraft:area_effect_cloud
[18:57:44] [Render thread/INFO] (Minecraft) [STDOUT]: [AEC][PROBE] ICON AEC: enter size=24
[18:57:44] [Render thread/INFO] (Minecraft) [STDOUT]: [AEC][PROBE] MAEC 2D: enter x=7 y=54 w=24 h=24
[18:57:44] [Render thread/INFO] (Minecraft) [STDOUT]: [AEC][PROBE] MAEC 2D: style: style name='Potion cloud' sprites=false baseDisk=true softPuffs=true grid=8 density=1,15 alpha=0,90 wobble=0,050 puffMul=1,00 tint=0xFF000000
[18:57:44] [Render thread/INFO] (Minecraft) [STDOUT]: [AEC][PROBE] MAEC frames: load
[18:57:44] [Render thread/INFO] (Minecraft) [STDOUT]: [SequencerPreview] drawEntityAny: start, type=minecraft:arrow
[18:57:44] [Render thread/INFO] (Minecraft) [STDOUT]: [SequencerPreview] drawEntityAny: det=-729.0
[18:57:44] [Render thread/INFO] (Minecraft) [STDOUT]: [SequencerPreview] drawEntityAny: start, type=minecraft:block_display
[18:57:44] [Render thread/INFO] (Minecraft) [STDOUT]: [SequencerPreview] drawEntityAny: det=-729.0
[18:57:44] [Render thread/INFO] (Minecraft) [STDOUT]: [SequencerPreview] drawEntityAny: start, type=minecraft:boat
[18:57:44] [Render thread/INFO] (Minecraft) [STDOUT]: [SequencerPreview] drawEntityAny: det=-729.0
[18:57:44] [Render thread/INFO] (Minecraft) [STDOUT]: [AEC][PROBE] getOrCreatePreviewAny: start
[18:57:44] [Render thread/INFO] (Minecraft) [STDOUT]: [AEC][PROBE] getOrCreatePreviewAny: world=true type=true
[18:57:44] [Render thread/INFO] (Minecraft) [STDOUT]: [SequencerPreview] getOrCreatePreviewAny: try type=minecraft:allay
[18:57:44] [Render thread/INFO] (Minecraft) [STDOUT]: [SequencerPreview] getOrCreatePreviewAny: reuse existing instance for minecraft:allay
[18:57:44] [Render thread/INFO] (Minecraft) [STDOUT]: [AEC][PROBE] PREVIEW draw begin: type=minecraft:allay rect=216,120 256x118
[18:57:44] [Render thread/INFO] (Minecraft) [STDOUT]: [AEC][PROBE] PREVIEW draw end
[18:57:44] [Render thread/INFO] (Minecraft) [STDOUT]: [AEC][PROBE] ---- frame 70 ----
[18:57:44] [Render thread/INFO] (Minecraft) [STDOUT]: [AEC][PROBE] Screen.render tab=MORPHS
[18:57:44] [Render thread/INFO] (Minecraft) [STDOUT]: [AEC][PROBE] Render: selectedType=minecraft:allay
[18:57:44] [Render thread/INFO] (Minecraft) [STDOUT]: [AEC][PROBE] PreviewRect: rect x=216 y=120 w=256 h=118
[18:57:44] [Render thread/INFO] (Minecraft) [STDOUT]: [SequencerPreview] Icon create: AREA_EFFECT_CLOUD
[18:57:44] [Render thread/INFO] (Minecraft) [STDOUT]: [SequencerPreview] drawEntityAny: start, type=minecraft:area_effect_cloud
[18:57:44] [Render thread/INFO] (Minecraft) [STDOUT]: [AEC][PROBE] ICON AEC: enter size=24
[18:57:44] [Render thread/INFO] (Minecraft) [STDOUT]: [AEC][PROBE] MAEC 2D: enter x=7 y=54 w=24 h=24
[18:57:44] [Render thread/INFO] (Minecraft) [STDOUT]: [AEC][PROBE] MAEC 2D: style: style name='Potion cloud' sprites=false baseDisk=true softPuffs=true grid=8 density=1,15 alpha=0,90 wobble=0,050 puffMul=1,00 tint=0xFF000000
[18:57:44] [Render thread/INFO] (Minecraft) [STDOUT]: [AEC][PROBE] MAEC frames: load
[18:57:44] [Render thread/INFO] (Minecraft) [STDOUT]: [SequencerPreview] drawEntityAny: start, type=minecraft:arrow
[18:57:44] [Render thread/INFO] (Minecraft) [STDOUT]: [SequencerPreview] drawEntityAny: det=-729.0
[18:57:44] [Render thread/INFO] (Minecraft) [STDOUT]: [SequencerPreview] drawEntityAny: start, type=minecraft:block_display
[18:57:44] [Render thread/INFO] (Minecraft) [STDOUT]: [SequencerPreview] drawEntityAny: det=-729.0
[18:57:44] [Render thread/INFO] (Minecraft) [STDOUT]: [SequencerPreview] drawEntityAny: start, type=minecraft:boat
[18:57:44] [Render thread/INFO] (Minecraft) [STDOUT]: [SequencerPreview] drawEntityAny: det=-729.0
[18:57:44] [Render thread/INFO] (Minecraft) [STDOUT]: [AEC][PROBE] getOrCreatePreviewAny: start
[18:57:44] [Render thread/INFO] (Minecraft) [STDOUT]: [AEC][PROBE] getOrCreatePreviewAny: world=true type=true
[18:57:44] [Render thread/INFO] (Minecraft) [STDOUT]: [SequencerPreview] getOrCreatePreviewAny: try type=minecraft:allay
[18:57:44] [Render thread/INFO] (Minecraft) [STDOUT]: [SequencerPreview] getOrCreatePreviewAny: reuse existing instance for minecraft:allay
[18:57:44] [Render thread/INFO] (Minecraft) [STDOUT]: [AEC][PROBE] PREVIEW draw begin: type=minecraft:allay rect=216,120 256x118
[18:57:44] [Render thread/INFO] (Minecraft) [STDOUT]: [AEC][PROBE] PREVIEW draw end
[18:57:44] [Render thread/INFO] (Minecraft) [STDOUT]: [AEC][PROBE] ---- frame 71 ----
[18:57:44] [Render thread/INFO] (Minecraft) [STDOUT]: [AEC][PROBE] Screen.render tab=MORPHS
[18:57:44] [Render thread/INFO] (Minecraft) [STDOUT]: [AEC][PROBE] Render: selectedType=minecraft:allay
[18:57:44] [Render thread/INFO] (Minecraft) [STDOUT]: [AEC][PROBE] PreviewRect: rect x=216 y=120 w=256 h=118
[18:57:44] [Render thread/INFO] (Minecraft) [STDOUT]: [SequencerPreview] Icon create: AREA_EFFECT_CLOUD
[18:57:44] [Render thread/INFO] (Minecraft) [STDOUT]: [SequencerPreview] drawEntityAny: start, type=minecraft:area_effect_cloud
[18:57:44] [Render thread/INFO] (Minecraft) [STDOUT]: [AEC][PROBE] ICON AEC: enter size=24
[18:57:44] [Render thread/INFO] (Minecraft) [STDOUT]: [AEC][PROBE] MAEC 2D: enter x=7 y=54 w=24 h=24
[18:57:44] [Render thread/INFO] (Minecraft) [STDOUT]: [AEC][PROBE] MAEC 2D: style: style name='Potion cloud' sprites=false baseDisk=true softPuffs=true grid=8 density=1,15 alpha=0,90 wobble=0,050 puffMul=1,00 tint=0xFF000000
[18:57:44] [Render thread/INFO] (Minecraft) [STDOUT]: [AEC][PROBE] MAEC frames: load
[18:57:44] [Render thread/INFO] (Minecraft) [STDOUT]: [SequencerPreview] drawEntityAny: start, type=minecraft:arrow
[18:57:44] [Render thread/INFO] (Minecraft) [STDOUT]: [SequencerPreview] drawEntityAny: det=-729.0
[18:57:44] [Render thread/INFO] (Minecraft) [STDOUT]: [SequencerPreview] drawEntityAny: start, type=minecraft:block_display
[18:57:44] [Render thread/INFO] (Minecraft) [STDOUT]: [SequencerPreview] drawEntityAny: det=-729.0
[18:57:44] [Render thread/INFO] (Minecraft) [STDOUT]: [SequencerPreview] drawEntityAny: start, type=minecraft:boat
[18:57:44] [Render thread/INFO] (Minecraft) [STDOUT]: [SequencerPreview] drawEntityAny: det=-729.0
[18:57:44] [Render thread/INFO] (Minecraft) [STDOUT]: [AEC][PROBE] getOrCreatePreviewAny: start
[18:57:44] [Render thread/INFO] (Minecraft) [STDOUT]: [AEC][PROBE] getOrCreatePreviewAny: world=true type=true
[18:57:44] [Render thread/INFO] (Minecraft) [STDOUT]: [SequencerPreview] getOrCreatePreviewAny: try type=minecraft:allay
[18:57:44] [Render thread/INFO] (Minecraft) [STDOUT]: [SequencerPreview] getOrCreatePreviewAny: reuse existing instance for minecraft:allay
[18:57:44] [Render thread/INFO] (Minecraft) [STDOUT]: [AEC][PROBE] PREVIEW draw begin: type=minecraft:allay rect=216,120 256x118
[18:57:44] [Render thread/INFO] (Minecraft) [STDOUT]: [AEC][PROBE] PREVIEW draw end
[18:57:44] [Render thread/INFO] (Minecraft) [STDOUT]: [AEC][PROBE] ---- frame 72 ----
[18:57:44] [Render thread/INFO] (Minecraft) [STDOUT]: [AEC][PROBE] Screen.render tab=MORPHS
[18:57:44] [Render thread/INFO] (Minecraft) [STDOUT]: [AEC][PROBE] Render: selectedType=minecraft:allay
[18:57:44] [Render thread/INFO] (Minecraft) [STDOUT]: [AEC][PROBE] PreviewRect: rect x=216 y=120 w=256 h=118
[18:57:44] [Render thread/INFO] (Minecraft) [STDOUT]: [SequencerPreview] Icon create: AREA_EFFECT_CLOUD
[18:57:44] [Render thread/INFO] (Minecraft) [STDOUT]: [SequencerPreview] drawEntityAny: start, type=minecraft:area_effect_cloud
[18:57:44] [Render thread/INFO] (Minecraft) [STDOUT]: [AEC][PROBE] ICON AEC: enter size=24
[18:57:44] [Render thread/INFO] (Minecraft) [STDOUT]: [AEC][PROBE] MAEC 2D: enter x=7 y=54 w=24 h=24
[18:57:44] [Render thread/INFO] (Minecraft) [STDOUT]: [AEC][PROBE] MAEC 2D: style: style name='Potion cloud' sprites=false baseDisk=true softPuffs=true grid=8 density=1,15 alpha=0,90 wobble=0,050 puffMul=1,00 tint=0xFF000000
[18:57:44] [Render thread/INFO] (Minecraft) [STDOUT]: [AEC][PROBE] MAEC frames: load
[18:57:44] [Render thread/INFO] (Minecraft) [STDOUT]: [SequencerPreview] drawEntityAny: start, type=minecraft:arrow
[18:57:44] [Render thread/INFO] (Minecraft) [STDOUT]: [SequencerPreview] drawEntityAny: det=-729.0
[18:57:44] [Render thread/INFO] (Minecraft) [STDOUT]: [SequencerPreview] drawEntityAny: start, type=minecraft:block_display
[18:57:44] [Render thread/INFO] (Minecraft) [STDOUT]: [SequencerPreview] drawEntityAny: det=-729.0
[18:57:44] [Render thread/INFO] (Minecraft) [STDOUT]: [SequencerPreview] drawEntityAny: start, type=minecraft:boat
[18:57:44] [Render thread/INFO] (Minecraft) [STDOUT]: [SequencerPreview] drawEntityAny: det=-729.0
[18:57:44] [Render thread/INFO] (Minecraft) [STDOUT]: [AEC][PROBE] getOrCreatePreviewAny: start
[18:57:44] [Render thread/INFO] (Minecraft) [STDOUT]: [AEC][PROBE] getOrCreatePreviewAny: world=true type=true
[18:57:44] [Render thread/INFO] (Minecraft) [STDOUT]: [SequencerPreview] getOrCreatePreviewAny: try type=minecraft:allay
[18:57:44] [Render thread/INFO] (Minecraft) [STDOUT]: [SequencerPreview] getOrCreatePreviewAny: reuse existing instance for minecraft:allay
[18:57:44] [Render thread/INFO] (Minecraft) [STDOUT]: [AEC][PROBE] PREVIEW draw begin: type=minecraft:allay rect=216,120 256x118
[18:57:44] [Render thread/INFO] (Minecraft) [STDOUT]: [AEC][PROBE] PREVIEW draw end
[18:57:44] [Render thread/INFO] (Minecraft) [STDOUT]: [AEC][PROBE] ---- frame 73 ----
[18:57:44] [Render thread/INFO] (Minecraft) [STDOUT]: [AEC][PROBE] Screen.render tab=MORPHS
[18:57:44] [Render thread/INFO] (Minecraft) [STDOUT]: [AEC][PROBE] Render: selectedType=minecraft:allay
[18:57:44] [Render thread/INFO] (Minecraft) [STDOUT]: [AEC][PROBE] PreviewRect: rect x=216 y=120 w=256 h=118
[18:57:44] [Render thread/INFO] (Minecraft) [STDOUT]: [SequencerPreview] Icon create: AREA_EFFECT_CLOUD
[18:57:44] [Render thread/INFO] (Minecraft) [STDOUT]: [SequencerPreview] drawEntityAny: start, type=minecraft:area_effect_cloud
[18:57:44] [Render thread/INFO] (Minecraft) [STDOUT]: [AEC][PROBE] ICON AEC: enter size=24
[18:57:44] [Render thread/INFO] (Minecraft) [STDOUT]: [AEC][PROBE] MAEC 2D: enter x=7 y=54 w=24 h=24
[18:57:44] [Render thread/INFO] (Minecraft) [STDOUT]: [AEC][PROBE] MAEC 2D: style: style name='Potion cloud' sprites=false baseDisk=true softPuffs=true grid=8 density=1,15 alpha=0,90 wobble=0,050 puffMul=1,00 tint=0xFF000000
[18:57:44] [Render thread/INFO] (Minecraft) [STDOUT]: [AEC][PROBE] MAEC frames: load
[18:57:44] [Render thread/INFO] (Minecraft) [STDOUT]: [SequencerPreview] drawEntityAny: start, type=minecraft:arrow
[18:57:44] [Render thread/INFO] (Minecraft) [STDOUT]: [SequencerPreview] drawEntityAny: det=-729.0
[18:57:44] [Render thread/INFO] (Minecraft) [STDOUT]: [SequencerPreview] drawEntityAny: start, type=minecraft:block_display
[18:57:44] [Render thread/INFO] (Minecraft) [STDOUT]: [SequencerPreview] drawEntityAny: det=-729.0
[18:57:44] [Render thread/INFO] (Minecraft) [STDOUT]: [SequencerPreview] drawEntityAny: start, type=minecraft:boat
[18:57:44] [Render thread/INFO] (Minecraft) [STDOUT]: [SequencerPreview] drawEntityAny: det=-729.0
[18:57:44] [Render thread/INFO] (Minecraft) [STDOUT]: [AEC][PROBE] getOrCreatePreviewAny: start
[18:57:44] [Render thread/INFO] (Minecraft) [STDOUT]: [AEC][PROBE] getOrCreatePreviewAny: world=true type=true
[18:57:44] [Render thread/INFO] (Minecraft) [STDOUT]: [SequencerPreview] getOrCreatePreviewAny: try type=minecraft:allay
[18:57:44] [Render thread/INFO] (Minecraft) [STDOUT]: [SequencerPreview] getOrCreatePreviewAny: reuse existing instance for minecraft:allay
[18:57:44] [Render thread/INFO] (Minecraft) [STDOUT]: [AEC][PROBE] PREVIEW draw begin: type=minecraft:allay rect=216,120 256x118
[18:57:44] [Render thread/INFO] (Minecraft) [STDOUT]: [AEC][PROBE] PREVIEW draw end
[18:57:44] [Render thread/INFO] (Minecraft) [STDOUT]: [AEC][PROBE] ---- frame 74 ----
[18:57:44] [Render thread/INFO] (Minecraft) [STDOUT]: [AEC][PROBE] Screen.render tab=MORPHS
[18:57:44] [Render thread/INFO] (Minecraft) [STDOUT]: [AEC][PROBE] Render: selectedType=minecraft:allay
[18:57:44] [Render thread/INFO] (Minecraft) [STDOUT]: [AEC][PROBE] PreviewRect: rect x=216 y=120 w=256 h=118
[18:57:44] [Render thread/INFO] (Minecraft) [STDOUT]: [SequencerPreview] Icon create: AREA_EFFECT_CLOUD
[18:57:44] [Render thread/INFO] (Minecraft) [STDOUT]: [SequencerPreview] drawEntityAny: start, type=minecraft:area_effect_cloud
[18:57:44] [Render thread/INFO] (Minecraft) [STDOUT]: [AEC][PROBE] ICON AEC: enter size=24
[18:57:44] [Render thread/INFO] (Minecraft) [STDOUT]: [AEC][PROBE] MAEC 2D: enter x=7 y=54 w=24 h=24
[18:57:44] [Render thread/INFO] (Minecraft) [STDOUT]: [AEC][PROBE] MAEC 2D: style: style name='Potion cloud' sprites=false baseDisk=true softPuffs=true grid=8 density=1,15 alpha=0,90 wobble=0,050 puffMul=1,00 tint=0xFF000000
[18:57:44] [Render thread/INFO] (Minecraft) [STDOUT]: [AEC][PROBE] MAEC frames: load
[18:57:44] [Render thread/INFO] (Minecraft) [STDOUT]: [SequencerPreview] drawEntityAny: start, type=minecraft:arrow
[18:57:44] [Render thread/INFO] (Minecraft) [STDOUT]: [SequencerPreview] drawEntityAny: det=-729.0
[18:57:44] [Render thread/INFO] (Minecraft) [STDOUT]: [SequencerPreview] drawEntityAny: start, type=minecraft:block_display
[18:57:44] [Render thread/INFO] (Minecraft) [STDOUT]: [SequencerPreview] drawEntityAny: det=-729.0
[18:57:44] [Render thread/INFO] (Minecraft) [STDOUT]: [SequencerPreview] drawEntityAny: start, type=minecraft:boat
[18:57:44] [Render thread/INFO] (Minecraft) [STDOUT]: [SequencerPreview] drawEntityAny: det=-729.0
[18:57:44] [Render thread/INFO] (Minecraft) [STDOUT]: [AEC][PROBE] getOrCreatePreviewAny: start
[18:57:44] [Render thread/INFO] (Minecraft) [STDOUT]: [AEC][PROBE] getOrCreatePreviewAny: world=true type=true
[18:57:44] [Render thread/INFO] (Minecraft) [STDOUT]: [SequencerPreview] getOrCreatePreviewAny: try type=minecraft:allay
[18:57:44] [Render thread/INFO] (Minecraft) [STDOUT]: [SequencerPreview] getOrCreatePreviewAny: reuse existing instance for minecraft:allay
[18:57:44] [Render thread/INFO] (Minecraft) [STDOUT]: [AEC][PROBE] PREVIEW draw begin: type=minecraft:allay rect=216,120 256x118
[18:57:44] [Render thread/INFO] (Minecraft) [STDOUT]: [AEC][PROBE] PREVIEW draw end
[18:57:44] [Render thread/INFO] (Minecraft) [STDOUT]: [AEC][PROBE] ---- frame 75 ----
[18:57:44] [Render thread/INFO] (Minecraft) [STDOUT]: [AEC][PROBE] Screen.render tab=MORPHS
[18:57:44] [Render thread/INFO] (Minecraft) [STDOUT]: [AEC][PROBE] Render: selectedType=minecraft:allay
[18:57:44] [Render thread/INFO] (Minecraft) [STDOUT]: [AEC][PROBE] PreviewRect: rect x=216 y=120 w=256 h=118
[18:57:44] [Render thread/INFO] (Minecraft) [STDOUT]: [SequencerPreview] Icon create: AREA_EFFECT_CLOUD
[18:57:44] [Render thread/INFO] (Minecraft) [STDOUT]: [SequencerPreview] drawEntityAny: start, type=minecraft:area_effect_cloud
[18:57:44] [Render thread/INFO] (Minecraft) [STDOUT]: [AEC][PROBE] ICON AEC: enter size=24
[18:57:44] [Render thread/INFO] (Minecraft) [STDOUT]: [AEC][PROBE] MAEC 2D: enter x=7 y=54 w=24 h=24
[18:57:44] [Render thread/INFO] (Minecraft) [STDOUT]: [AEC][PROBE] MAEC 2D: style: style name='Potion cloud' sprites=false baseDisk=true softPuffs=true grid=8 density=1,15 alpha=0,90 wobble=0,050 puffMul=1,00 tint=0xFF000000
[18:57:44] [Render thread/INFO] (Minecraft) [STDOUT]: [AEC][PROBE] MAEC frames: load
[18:57:44] [Render thread/INFO] (Minecraft) [STDOUT]: [SequencerPreview] drawEntityAny: start, type=minecraft:arrow
[18:57:44] [Render thread/INFO] (Minecraft) [STDOUT]: [SequencerPreview] drawEntityAny: det=-729.0
[18:57:44] [Render thread/INFO] (Minecraft) [STDOUT]: [SequencerPreview] drawEntityAny: start, type=minecraft:block_display
[18:57:44] [Render thread/INFO] (Minecraft) [STDOUT]: [SequencerPreview] drawEntityAny: det=-729.0
[18:57:44] [Render thread/INFO] (Minecraft) [STDOUT]: [SequencerPreview] drawEntityAny: start, type=minecraft:boat
[18:57:44] [Render thread/INFO] (Minecraft) [STDOUT]: [SequencerPreview] drawEntityAny: det=-729.0
[18:57:44] [Render thread/INFO] (Minecraft) [STDOUT]: [AEC][PROBE] getOrCreatePreviewAny: start
[18:57:44] [Render thread/INFO] (Minecraft) [STDOUT]: [AEC][PROBE] getOrCreatePreviewAny: world=true type=true
[18:57:44] [Render thread/INFO] (Minecraft) [STDOUT]: [SequencerPreview] getOrCreatePreviewAny: try type=minecraft:allay
[18:57:44] [Render thread/INFO] (Minecraft) [STDOUT]: [SequencerPreview] getOrCreatePreviewAny: reuse existing instance for minecraft:allay
[18:57:44] [Render thread/INFO] (Minecraft) [STDOUT]: [AEC][PROBE] PREVIEW draw begin: type=minecraft:allay rect=216,120 256x118
[18:57:44] [Render thread/INFO] (Minecraft) [STDOUT]: [AEC][PROBE] PREVIEW draw end
[18:57:44] [Render thread/INFO] (Minecraft) [STDOUT]: [AEC][PROBE] ---- frame 76 ----
[18:57:44] [Render thread/INFO] (Minecraft) [STDOUT]: [AEC][PROBE] Screen.render tab=MORPHS
[18:57:44] [Render thread/INFO] (Minecraft) [STDOUT]: [AEC][PROBE] Render: selectedType=minecraft:allay
[18:57:44] [Render thread/INFO] (Minecraft) [STDOUT]: [AEC][PROBE] PreviewRect: rect x=216 y=120 w=256 h=118
[18:57:44] [Render thread/INFO] (Minecraft) [STDOUT]: [SequencerPreview] Icon create: AREA_EFFECT_CLOUD
[18:57:44] [Render thread/INFO] (Minecraft) [STDOUT]: [SequencerPreview] drawEntityAny: start, type=minecraft:area_effect_cloud
[18:57:44] [Render thread/INFO] (Minecraft) [STDOUT]: [AEC][PROBE] ICON AEC: enter size=24
[18:57:44] [Render thread/INFO] (Minecraft) [STDOUT]: [AEC][PROBE] MAEC 2D: enter x=7 y=54 w=24 h=24
[18:57:44] [Render thread/INFO] (Minecraft) [STDOUT]: [AEC][PROBE] MAEC 2D: style: style name='Potion cloud' sprites=false baseDisk=true softPuffs=true grid=8 density=1,15 alpha=0,90 wobble=0,050 puffMul=1,00 tint=0xFF000000
[18:57:44] [Render thread/INFO] (Minecraft) [STDOUT]: [AEC][PROBE] MAEC frames: load
[18:57:44] [Render thread/INFO] (Minecraft) [STDOUT]: [SequencerPreview] drawEntityAny: start, type=minecraft:arrow
[18:57:44] [Render thread/INFO] (Minecraft) [STDOUT]: [SequencerPreview] drawEntityAny: det=-729.0
[18:57:44] [Render thread/INFO] (Minecraft) [STDOUT]: [SequencerPreview] drawEntityAny: start, type=minecraft:block_display
[18:57:44] [Render thread/INFO] (Minecraft) [STDOUT]: [SequencerPreview] drawEntityAny: det=-729.0
[18:57:44] [Render thread/INFO] (Minecraft) [STDOUT]: [SequencerPreview] drawEntityAny: start, type=minecraft:boat
[18:57:44] [Render thread/INFO] (Minecraft) [STDOUT]: [SequencerPreview] drawEntityAny: det=-729.0
[18:57:44] [Render thread/INFO] (Minecraft) [STDOUT]: [AEC][PROBE] getOrCreatePreviewAny: start
[18:57:44] [Render thread/INFO] (Minecraft) [STDOUT]: [AEC][PROBE] getOrCreatePreviewAny: world=true type=true
[18:57:44] [Render thread/INFO] (Minecraft) [STDOUT]: [SequencerPreview] getOrCreatePreviewAny: try type=minecraft:allay
[18:57:44] [Render thread/INFO] (Minecraft) [STDOUT]: [SequencerPreview] getOrCreatePreviewAny: reuse existing instance for minecraft:allay
[18:57:44] [Render thread/INFO] (Minecraft) [STDOUT]: [AEC][PROBE] PREVIEW draw begin: type=minecraft:allay rect=216,120 256x118
[18:57:44] [Render thread/INFO] (Minecraft) [STDOUT]: [AEC][PROBE] PREVIEW draw end
[18:57:44] [Render thread/INFO] (Minecraft) [STDOUT]: [AEC][PROBE] ---- frame 77 ----
[18:57:44] [Render thread/INFO] (Minecraft) [STDOUT]: [AEC][PROBE] Screen.render tab=MORPHS
[18:57:44] [Render thread/INFO] (Minecraft) [STDOUT]: [AEC][PROBE] Render: selectedType=minecraft:allay
[18:57:44] [Render thread/INFO] (Minecraft) [STDOUT]: [AEC][PROBE] PreviewRect: rect x=216 y=120 w=256 h=118
[18:57:44] [Render thread/INFO] (Minecraft) [STDOUT]: [SequencerPreview] Icon create: AREA_EFFECT_CLOUD
[18:57:44] [Render thread/INFO] (Minecraft) [STDOUT]: [SequencerPreview] drawEntityAny: start, type=minecraft:area_effect_cloud
[18:57:44] [Render thread/INFO] (Minecraft) [STDOUT]: [AEC][PROBE] ICON AEC: enter size=24
[18:57:44] [Render thread/INFO] (Minecraft) [STDOUT]: [AEC][PROBE] MAEC 2D: enter x=7 y=54 w=24 h=24
[18:57:44] [Render thread/INFO] (Minecraft) [STDOUT]: [AEC][PROBE] MAEC 2D: style: style name='Potion cloud' sprites=false baseDisk=true softPuffs=true grid=8 density=1,15 alpha=0,90 wobble=0,050 puffMul=1,00 tint=0xFF000000
[18:57:44] [Render thread/INFO] (Minecraft) [STDOUT]: [AEC][PROBE] MAEC frames: load
[18:57:44] [Render thread/INFO] (Minecraft) [STDOUT]: [SequencerPreview] drawEntityAny: start, type=minecraft:arrow
[18:57:44] [Render thread/INFO] (Minecraft) [STDOUT]: [SequencerPreview] drawEntityAny: det=-729.0
[18:57:44] [Render thread/INFO] (Minecraft) [STDOUT]: [SequencerPreview] drawEntityAny: start, type=minecraft:block_display
[18:57:44] [Render thread/INFO] (Minecraft) [STDOUT]: [SequencerPreview] drawEntityAny: det=-729.0
[18:57:44] [Render thread/INFO] (Minecraft) [STDOUT]: [SequencerPreview] drawEntityAny: start, type=minecraft:boat
[18:57:44] [Render thread/INFO] (Minecraft) [STDOUT]: [SequencerPreview] drawEntityAny: det=-729.0
[18:57:44] [Render thread/INFO] (Minecraft) [STDOUT]: [AEC][PROBE] getOrCreatePreviewAny: start
[18:57:44] [Render thread/INFO] (Minecraft) [STDOUT]: [AEC][PROBE] getOrCreatePreviewAny: world=true type=true
[18:57:44] [Render thread/INFO] (Minecraft) [STDOUT]: [SequencerPreview] getOrCreatePreviewAny: try type=minecraft:allay
[18:57:44] [Render thread/INFO] (Minecraft) [STDOUT]: [SequencerPreview] getOrCreatePreviewAny: reuse existing instance for minecraft:allay
[18:57:44] [Render thread/INFO] (Minecraft) [STDOUT]: [AEC][PROBE] PREVIEW draw begin: type=minecraft:allay rect=216,120 256x118
[18:57:44] [Render thread/INFO] (Minecraft) [STDOUT]: [AEC][PROBE] PREVIEW draw end
[18:57:44] [Render thread/INFO] (Minecraft) [STDOUT]: [AEC][PROBE] ---- frame 78 ----
[18:57:44] [Render thread/INFO] (Minecraft) [STDOUT]: [AEC][PROBE] Screen.render tab=MORPHS
[18:57:44] [Render thread/INFO] (Minecraft) [STDOUT]: [AEC][PROBE] Render: selectedType=minecraft:allay
[18:57:44] [Render thread/INFO] (Minecraft) [STDOUT]: [AEC][PROBE] PreviewRect: rect x=216 y=120 w=256 h=118
[18:57:44] [Render thread/INFO] (Minecraft) [STDOUT]: [SequencerPreview] Icon create: AREA_EFFECT_CLOUD
[18:57:44] [Render thread/INFO] (Minecraft) [STDOUT]: [SequencerPreview] drawEntityAny: start, type=minecraft:area_effect_cloud
[18:57:44] [Render thread/INFO] (Minecraft) [STDOUT]: [AEC][PROBE] ICON AEC: enter size=24
[18:57:44] [Render thread/INFO] (Minecraft) [STDOUT]: [AEC][PROBE] MAEC 2D: enter x=7 y=54 w=24 h=24
[18:57:44] [Render thread/INFO] (Minecraft) [STDOUT]: [AEC][PROBE] MAEC 2D: style: style name='Potion cloud' sprites=false baseDisk=true softPuffs=true grid=8 density=1,15 alpha=0,90 wobble=0,050 puffMul=1,00 tint=0xFF000000
[18:57:44] [Render thread/INFO] (Minecraft) [STDOUT]: [AEC][PROBE] MAEC frames: load
[18:57:44] [Render thread/INFO] (Minecraft) [STDOUT]: [SequencerPreview] drawEntityAny: start, type=minecraft:arrow
[18:57:44] [Render thread/INFO] (Minecraft) [STDOUT]: [SequencerPreview] drawEntityAny: det=-729.0
[18:57:44] [Render thread/INFO] (Minecraft) [STDOUT]: [SequencerPreview] drawEntityAny: start, type=minecraft:block_display
[18:57:44] [Render thread/INFO] (Minecraft) [STDOUT]: [SequencerPreview] drawEntityAny: det=-729.0
[18:57:44] [Render thread/INFO] (Minecraft) [STDOUT]: [SequencerPreview] drawEntityAny: start, type=minecraft:boat
[18:57:44] [Render thread/INFO] (Minecraft) [STDOUT]: [SequencerPreview] drawEntityAny: det=-729.0
[18:57:44] [Render thread/INFO] (Minecraft) [STDOUT]: [AEC][PROBE] getOrCreatePreviewAny: start
[18:57:44] [Render thread/INFO] (Minecraft) [STDOUT]: [AEC][PROBE] getOrCreatePreviewAny: world=true type=true
[18:57:44] [Render thread/INFO] (Minecraft) [STDOUT]: [SequencerPreview] getOrCreatePreviewAny: try type=minecraft:allay
[18:57:44] [Render thread/INFO] (Minecraft) [STDOUT]: [SequencerPreview] getOrCreatePreviewAny: reuse existing instance for minecraft:allay
[18:57:44] [Render thread/INFO] (Minecraft) [STDOUT]: [AEC][PROBE] PREVIEW draw begin: type=minecraft:allay rect=216,120 256x118
[18:57:44] [Render thread/INFO] (Minecraft) [STDOUT]: [AEC][PROBE] PREVIEW draw end
[18:57:44] [Render thread/INFO] (Minecraft) [STDOUT]: [AEC][PROBE] ---- frame 79 ----
[18:57:44] [Render thread/INFO] (Minecraft) [STDOUT]: [AEC][PROBE] Screen.render tab=MORPHS
[18:57:44] [Render thread/INFO] (Minecraft) [STDOUT]: [AEC][PROBE] Render: selectedType=minecraft:allay
[18:57:44] [Render thread/INFO] (Minecraft) [STDOUT]: [AEC][PROBE] PreviewRect: rect x=216 y=120 w=256 h=118
[18:57:44] [Render thread/INFO] (Minecraft) [STDOUT]: [SequencerPreview] Icon create: AREA_EFFECT_CLOUD
[18:57:44] [Render thread/INFO] (Minecraft) [STDOUT]: [SequencerPreview] drawEntityAny: start, type=minecraft:area_effect_cloud
[18:57:44] [Render thread/INFO] (Minecraft) [STDOUT]: [AEC][PROBE] ICON AEC: enter size=24
[18:57:44] [Render thread/INFO] (Minecraft) [STDOUT]: [AEC][PROBE] MAEC 2D: enter x=7 y=54 w=24 h=24
[18:57:44] [Render thread/INFO] (Minecraft) [STDOUT]: [AEC][PROBE] MAEC 2D: style: style name='Potion cloud' sprites=false baseDisk=true softPuffs=true grid=8 density=1,15 alpha=0,90 wobble=0,050 puffMul=1,00 tint=0xFF000000
[18:57:44] [Render thread/INFO] (Minecraft) [STDOUT]: [AEC][PROBE] MAEC frames: load
[18:57:44] [Render thread/INFO] (Minecraft) [STDOUT]: [SequencerPreview] drawEntityAny: start, type=minecraft:arrow
[18:57:44] [Render thread/INFO] (Minecraft) [STDOUT]: [SequencerPreview] drawEntityAny: det=-729.0
[18:57:44] [Render thread/INFO] (Minecraft) [STDOUT]: [SequencerPreview] drawEntityAny: start, type=minecraft:block_display
[18:57:44] [Render thread/INFO] (Minecraft) [STDOUT]: [SequencerPreview] drawEntityAny: det=-729.0
[18:57:44] [Render thread/INFO] (Minecraft) [STDOUT]: [SequencerPreview] drawEntityAny: start, type=minecraft:boat
[18:57:44] [Render thread/INFO] (Minecraft) [STDOUT]: [SequencerPreview] drawEntityAny: det=-729.0
[18:57:44] [Render thread/INFO] (Minecraft) [STDOUT]: [AEC][PROBE] getOrCreatePreviewAny: start
[18:57:44] [Render thread/INFO] (Minecraft) [STDOUT]: [AEC][PROBE] getOrCreatePreviewAny: world=true type=true
[18:57:44] [Render thread/INFO] (Minecraft) [STDOUT]: [SequencerPreview] getOrCreatePreviewAny: try type=minecraft:allay
[18:57:44] [Render thread/INFO] (Minecraft) [STDOUT]: [SequencerPreview] getOrCreatePreviewAny: reuse existing instance for minecraft:allay
[18:57:44] [Render thread/INFO] (Minecraft) [STDOUT]: [AEC][PROBE] PREVIEW draw begin: type=minecraft:allay rect=216,120 256x118
[18:57:44] [Render thread/INFO] (Minecraft) [STDOUT]: [AEC][PROBE] PREVIEW draw end
[18:57:44] [Render thread/INFO] (Minecraft) [STDOUT]: [AEC][PROBE] ---- frame 80 ----
[18:57:44] [Render thread/INFO] (Minecraft) [STDOUT]: [AEC][PROBE] Screen.render tab=MORPHS
[18:57:44] [Render thread/INFO] (Minecraft) [STDOUT]: [AEC][PROBE] Render: selectedType=minecraft:allay
[18:57:44] [Render thread/INFO] (Minecraft) [STDOUT]: [AEC][PROBE] PreviewRect: rect x=216 y=120 w=256 h=118
[18:57:44] [Render thread/INFO] (Minecraft) [STDOUT]: [SequencerPreview] Icon create: AREA_EFFECT_CLOUD
[18:57:44] [Render thread/INFO] (Minecraft) [STDOUT]: [SequencerPreview] drawEntityAny: start, type=minecraft:area_effect_cloud
[18:57:44] [Render thread/INFO] (Minecraft) [STDOUT]: [AEC][PROBE] ICON AEC: enter size=24
[18:57:44] [Render thread/INFO] (Minecraft) [STDOUT]: [AEC][PROBE] MAEC 2D: enter x=7 y=54 w=24 h=24
[18:57:44] [Render thread/INFO] (Minecraft) [STDOUT]: [AEC][PROBE] MAEC 2D: style: style name='Potion cloud' sprites=false baseDisk=true softPuffs=true grid=8 density=1,15 alpha=0,90 wobble=0,050 puffMul=1,00 tint=0xFF000000
[18:57:44] [Render thread/INFO] (Minecraft) [STDOUT]: [AEC][PROBE] MAEC frames: load
[18:57:44] [Render thread/INFO] (Minecraft) [STDOUT]: [SequencerPreview] drawEntityAny: start, type=minecraft:arrow
[18:57:44] [Render thread/INFO] (Minecraft) [STDOUT]: [SequencerPreview] drawEntityAny: det=-729.0
[18:57:44] [Render thread/INFO] (Minecraft) [STDOUT]: [SequencerPreview] drawEntityAny: start, type=minecraft:block_display
[18:57:44] [Render thread/INFO] (Minecraft) [STDOUT]: [SequencerPreview] drawEntityAny: det=-729.0
[18:57:44] [Render thread/INFO] (Minecraft) [STDOUT]: [SequencerPreview] drawEntityAny: start, type=minecraft:boat
[18:57:44] [Render thread/INFO] (Minecraft) [STDOUT]: [SequencerPreview] drawEntityAny: det=-729.0
[18:57:44] [Render thread/INFO] (Minecraft) [STDOUT]: [AEC][PROBE] getOrCreatePreviewAny: start
[18:57:44] [Render thread/INFO] (Minecraft) [STDOUT]: [AEC][PROBE] getOrCreatePreviewAny: world=true type=true
[18:57:44] [Render thread/INFO] (Minecraft) [STDOUT]: [SequencerPreview] getOrCreatePreviewAny: try type=minecraft:allay
[18:57:44] [Render thread/INFO] (Minecraft) [STDOUT]: [SequencerPreview] getOrCreatePreviewAny: reuse existing instance for minecraft:allay
[18:57:44] [Render thread/INFO] (Minecraft) [STDOUT]: [AEC][PROBE] PREVIEW draw begin: type=minecraft:allay rect=216,120 256x118
[18:57:44] [Render thread/INFO] (Minecraft) [STDOUT]: [AEC][PROBE] PREVIEW draw end
[18:57:44] [Render thread/INFO] (Minecraft) [STDOUT]: [AEC][PROBE] ---- frame 81 ----
[18:57:44] [Render thread/INFO] (Minecraft) [STDOUT]: [AEC][PROBE] Screen.render tab=MORPHS
[18:57:44] [Render thread/INFO] (Minecraft) [STDOUT]: [AEC][PROBE] Render: selectedType=minecraft:allay
[18:57:44] [Render thread/INFO] (Minecraft) [STDOUT]: [AEC][PROBE] PreviewRect: rect x=216 y=120 w=256 h=118
[18:57:44] [Render thread/INFO] (Minecraft) [STDOUT]: [SequencerPreview] Icon create: AREA_EFFECT_CLOUD
[18:57:44] [Render thread/INFO] (Minecraft) [STDOUT]: [SequencerPreview] drawEntityAny: start, type=minecraft:area_effect_cloud
[18:57:44] [Render thread/INFO] (Minecraft) [STDOUT]: [AEC][PROBE] ICON AEC: enter size=24
[18:57:44] [Render thread/INFO] (Minecraft) [STDOUT]: [AEC][PROBE] MAEC 2D: enter x=7 y=54 w=24 h=24
[18:57:44] [Render thread/INFO] (Minecraft) [STDOUT]: [AEC][PROBE] MAEC 2D: style: style name='Potion cloud' sprites=false baseDisk=true softPuffs=true grid=8 density=1,15 alpha=0,90 wobble=0,050 puffMul=1,00 tint=0xFF000000
[18:57:44] [Render thread/INFO] (Minecraft) [STDOUT]: [AEC][PROBE] MAEC frames: load
[18:57:44] [Render thread/INFO] (Minecraft) [STDOUT]: [SequencerPreview] drawEntityAny: start, type=minecraft:arrow
[18:57:44] [Render thread/INFO] (Minecraft) [STDOUT]: [SequencerPreview] drawEntityAny: det=-729.0
[18:57:44] [Render thread/INFO] (Minecraft) [STDOUT]: [SequencerPreview] drawEntityAny: start, type=minecraft:block_display
[18:57:44] [Render thread/INFO] (Minecraft) [STDOUT]: [SequencerPreview] drawEntityAny: det=-729.0
[18:57:44] [Render thread/INFO] (Minecraft) [STDOUT]: [SequencerPreview] drawEntityAny: start, type=minecraft:boat
[18:57:44] [Render thread/INFO] (Minecraft) [STDOUT]: [SequencerPreview] drawEntityAny: det=-729.0
[18:57:44] [Render thread/INFO] (Minecraft) [STDOUT]: [AEC][PROBE] getOrCreatePreviewAny: start
[18:57:44] [Render thread/INFO] (Minecraft) [STDOUT]: [AEC][PROBE] getOrCreatePreviewAny: world=true type=true
[18:57:44] [Render thread/INFO] (Minecraft) [STDOUT]: [SequencerPreview] getOrCreatePreviewAny: try type=minecraft:allay
[18:57:44] [Render thread/INFO] (Minecraft) [STDOUT]: [SequencerPreview] getOrCreatePreviewAny: reuse existing instance for minecraft:allay
[18:57:44] [Render thread/INFO] (Minecraft) [STDOUT]: [AEC][PROBE] PREVIEW draw begin: type=minecraft:allay rect=216,120 256x118
[18:57:44] [Render thread/INFO] (Minecraft) [STDOUT]: [AEC][PROBE] PREVIEW draw end
[18:57:44] [Render thread/INFO] (Minecraft) [STDOUT]: [AEC][PROBE] ---- frame 82 ----
[18:57:44] [Render thread/INFO] (Minecraft) [STDOUT]: [AEC][PROBE] Screen.render tab=MORPHS
[18:57:44] [Render thread/INFO] (Minecraft) [STDOUT]: [AEC][PROBE] Render: selectedType=minecraft:allay
[18:57:44] [Render thread/INFO] (Minecraft) [STDOUT]: [AEC][PROBE] PreviewRect: rect x=216 y=120 w=256 h=118
[18:57:44] [Render thread/INFO] (Minecraft) [STDOUT]: [SequencerPreview] Icon create: AREA_EFFECT_CLOUD
[18:57:44] [Render thread/INFO] (Minecraft) [STDOUT]: [SequencerPreview] drawEntityAny: start, type=minecraft:area_effect_cloud
[18:57:44] [Render thread/INFO] (Minecraft) [STDOUT]: [AEC][PROBE] ICON AEC: enter size=24
[18:57:44] [Render thread/INFO] (Minecraft) [STDOUT]: [AEC][PROBE] MAEC 2D: enter x=7 y=54 w=24 h=24
[18:57:44] [Render thread/INFO] (Minecraft) [STDOUT]: [AEC][PROBE] MAEC 2D: style: style name='Potion cloud' sprites=false baseDisk=true softPuffs=true grid=8 density=1,15 alpha=0,90 wobble=0,050 puffMul=1,00 tint=0xFF000000
[18:57:44] [Render thread/INFO] (Minecraft) [STDOUT]: [AEC][PROBE] MAEC frames: load
[18:57:44] [Render thread/INFO] (Minecraft) [STDOUT]: [SequencerPreview] drawEntityAny: start, type=minecraft:arrow
[18:57:44] [Render thread/INFO] (Minecraft) [STDOUT]: [SequencerPreview] drawEntityAny: det=-729.0
[18:57:44] [Render thread/INFO] (Minecraft) [STDOUT]: [SequencerPreview] drawEntityAny: start, type=minecraft:block_display
[18:57:44] [Render thread/INFO] (Minecraft) [STDOUT]: [SequencerPreview] drawEntityAny: det=-729.0
[18:57:44] [Render thread/INFO] (Minecraft) [STDOUT]: [SequencerPreview] drawEntityAny: start, type=minecraft:boat
[18:57:44] [Render thread/INFO] (Minecraft) [STDOUT]: [SequencerPreview] drawEntityAny: det=-729.0
[18:57:44] [Render thread/INFO] (Minecraft) [STDOUT]: [AEC][PROBE] getOrCreatePreviewAny: start
[18:57:44] [Render thread/INFO] (Minecraft) [STDOUT]: [AEC][PROBE] getOrCreatePreviewAny: world=true type=true
[18:57:44] [Render thread/INFO] (Minecraft) [STDOUT]: [SequencerPreview] getOrCreatePreviewAny: try type=minecraft:allay
[18:57:44] [Render thread/INFO] (Minecraft) [STDOUT]: [SequencerPreview] getOrCreatePreviewAny: reuse existing instance for minecraft:allay
[18:57:44] [Render thread/INFO] (Minecraft) [STDOUT]: [AEC][PROBE] PREVIEW draw begin: type=minecraft:allay rect=216,120 256x118
[18:57:44] [Render thread/INFO] (Minecraft) [STDOUT]: [AEC][PROBE] PREVIEW draw end
[18:57:44] [Render thread/INFO] (Minecraft) [STDOUT]: [AEC][PROBE] ---- frame 83 ----
[18:57:44] [Render thread/INFO] (Minecraft) [STDOUT]: [AEC][PROBE] Screen.render tab=MORPHS
[18:57:44] [Render thread/INFO] (Minecraft) [STDOUT]: [AEC][PROBE] Render: selectedType=minecraft:allay
[18:57:44] [Render thread/INFO] (Minecraft) [STDOUT]: [AEC][PROBE] PreviewRect: rect x=216 y=120 w=256 h=118
[18:57:44] [Render thread/INFO] (Minecraft) [STDOUT]: [SequencerPreview] Icon create: AREA_EFFECT_CLOUD
[18:57:44] [Render thread/INFO] (Minecraft) [STDOUT]: [SequencerPreview] drawEntityAny: start, type=minecraft:area_effect_cloud
[18:57:44] [Render thread/INFO] (Minecraft) [STDOUT]: [AEC][PROBE] ICON AEC: enter size=24
[18:57:44] [Render thread/INFO] (Minecraft) [STDOUT]: [AEC][PROBE] MAEC 2D: enter x=7 y=54 w=24 h=24
[18:57:44] [Render thread/INFO] (Minecraft) [STDOUT]: [AEC][PROBE] MAEC 2D: style: style name='Potion cloud' sprites=false baseDisk=true softPuffs=true grid=8 density=1,15 alpha=0,90 wobble=0,050 puffMul=1,00 tint=0xFF000000
[18:57:44] [Render thread/INFO] (Minecraft) [STDOUT]: [AEC][PROBE] MAEC frames: load
[18:57:44] [Render thread/INFO] (Minecraft) [STDOUT]: [SequencerPreview] drawEntityAny: start, type=minecraft:arrow
[18:57:44] [Render thread/INFO] (Minecraft) [STDOUT]: [SequencerPreview] drawEntityAny: det=-729.0
[18:57:44] [Render thread/INFO] (Minecraft) [STDOUT]: [SequencerPreview] drawEntityAny: start, type=minecraft:block_display
[18:57:44] [Render thread/INFO] (Minecraft) [STDOUT]: [SequencerPreview] drawEntityAny: det=-729.0
[18:57:44] [Render thread/INFO] (Minecraft) [STDOUT]: [SequencerPreview] drawEntityAny: start, type=minecraft:boat
[18:57:44] [Render thread/INFO] (Minecraft) [STDOUT]: [SequencerPreview] drawEntityAny: det=-729.0
[18:57:44] [Render thread/INFO] (Minecraft) [STDOUT]: [AEC][PROBE] getOrCreatePreviewAny: start
[18:57:44] [Render thread/INFO] (Minecraft) [STDOUT]: [AEC][PROBE] getOrCreatePreviewAny: world=true type=true
[18:57:44] [Render thread/INFO] (Minecraft) [STDOUT]: [SequencerPreview] getOrCreatePreviewAny: try type=minecraft:allay
[18:57:44] [Render thread/INFO] (Minecraft) [STDOUT]: [SequencerPreview] getOrCreatePreviewAny: reuse existing instance for minecraft:allay
[18:57:44] [Render thread/INFO] (Minecraft) [STDOUT]: [AEC][PROBE] PREVIEW draw begin: type=minecraft:allay rect=216,120 256x118
[18:57:44] [Render thread/INFO] (Minecraft) [STDOUT]: [AEC][PROBE] PREVIEW draw end
[18:57:44] [Render thread/INFO] (Minecraft) [STDOUT]: [AEC][PROBE] ---- frame 84 ----
[18:57:44] [Render thread/INFO] (Minecraft) [STDOUT]: [AEC][PROBE] Screen.render tab=MORPHS
[18:57:44] [Render thread/INFO] (Minecraft) [STDOUT]: [AEC][PROBE] Render: selectedType=minecraft:allay
[18:57:44] [Render thread/INFO] (Minecraft) [STDOUT]: [AEC][PROBE] PreviewRect: rect x=216 y=120 w=256 h=118
[18:57:44] [Render thread/INFO] (Minecraft) [STDOUT]: [SequencerPreview] Icon create: AREA_EFFECT_CLOUD
[18:57:44] [Render thread/INFO] (Minecraft) [STDOUT]: [SequencerPreview] drawEntityAny: start, type=minecraft:area_effect_cloud
[18:57:44] [Render thread/INFO] (Minecraft) [STDOUT]: [AEC][PROBE] ICON AEC: enter size=24
[18:57:44] [Render thread/INFO] (Minecraft) [STDOUT]: [AEC][PROBE] MAEC 2D: enter x=7 y=54 w=24 h=24
[18:57:44] [Render thread/INFO] (Minecraft) [STDOUT]: [AEC][PROBE] MAEC 2D: style: style name='Potion cloud' sprites=false baseDisk=true softPuffs=true grid=8 density=1,15 alpha=0,90 wobble=0,050 puffMul=1,00 tint=0xFF000000
[18:57:44] [Render thread/INFO] (Minecraft) [STDOUT]: [AEC][PROBE] MAEC frames: load
[18:57:44] [Render thread/INFO] (Minecraft) [STDOUT]: [SequencerPreview] drawEntityAny: start, type=minecraft:arrow
[18:57:44] [Render thread/INFO] (Minecraft) [STDOUT]: [SequencerPreview] drawEntityAny: det=-729.0
[18:57:44] [Render thread/INFO] (Minecraft) [STDOUT]: [SequencerPreview] drawEntityAny: start, type=minecraft:block_display
[18:57:44] [Render thread/INFO] (Minecraft) [STDOUT]: [SequencerPreview] drawEntityAny: det=-729.0
[18:57:44] [Render thread/INFO] (Minecraft) [STDOUT]: [SequencerPreview] drawEntityAny: start, type=minecraft:boat
[18:57:44] [Render thread/INFO] (Minecraft) [STDOUT]: [SequencerPreview] drawEntityAny: det=-729.0
[18:57:44] [Render thread/INFO] (Minecraft) [STDOUT]: [AEC][PROBE] getOrCreatePreviewAny: start
[18:57:44] [Render thread/INFO] (Minecraft) [STDOUT]: [AEC][PROBE] getOrCreatePreviewAny: world=true type=true
[18:57:44] [Render thread/INFO] (Minecraft) [STDOUT]: [SequencerPreview] getOrCreatePreviewAny: try type=minecraft:allay
[18:57:44] [Render thread/INFO] (Minecraft) [STDOUT]: [SequencerPreview] getOrCreatePreviewAny: reuse existing instance for minecraft:allay
[18:57:44] [Render thread/INFO] (Minecraft) [STDOUT]: [AEC][PROBE] PREVIEW draw begin: type=minecraft:allay rect=216,120 256x118
[18:57:44] [Render thread/INFO] (Minecraft) [STDOUT]: [AEC][PROBE] PREVIEW draw end
[18:57:44] [Render thread/INFO] (Minecraft) [STDOUT]: [AEC][PROBE] ---- frame 85 ----
[18:57:44] [Render thread/INFO] (Minecraft) [STDOUT]: [AEC][PROBE] Screen.render tab=MORPHS
[18:57:44] [Render thread/INFO] (Minecraft) [STDOUT]: [AEC][PROBE] Render: selectedType=minecraft:allay
[18:57:44] [Render thread/INFO] (Minecraft) [STDOUT]: [AEC][PROBE] PreviewRect: rect x=216 y=120 w=256 h=118
[18:57:44] [Render thread/INFO] (Minecraft) [STDOUT]: [SequencerPreview] Icon create: AREA_EFFECT_CLOUD
[18:57:44] [Render thread/INFO] (Minecraft) [STDOUT]: [SequencerPreview] drawEntityAny: start, type=minecraft:area_effect_cloud
[18:57:44] [Render thread/INFO] (Minecraft) [STDOUT]: [AEC][PROBE] ICON AEC: enter size=24
[18:57:44] [Render thread/INFO] (Minecraft) [STDOUT]: [AEC][PROBE] MAEC 2D: enter x=7 y=54 w=24 h=24
[18:57:44] [Render thread/INFO] (Minecraft) [STDOUT]: [AEC][PROBE] MAEC 2D: style: style name='Potion cloud' sprites=false baseDisk=true softPuffs=true grid=8 density=1,15 alpha=0,90 wobble=0,050 puffMul=1,00 tint=0xFF000000
[18:57:44] [Render thread/INFO] (Minecraft) [STDOUT]: [AEC][PROBE] MAEC frames: load
[18:57:44] [Render thread/INFO] (Minecraft) [STDOUT]: [SequencerPreview] drawEntityAny: start, type=minecraft:arrow
[18:57:44] [Render thread/INFO] (Minecraft) [STDOUT]: [SequencerPreview] drawEntityAny: det=-729.0
[18:57:44] [Render thread/INFO] (Minecraft) [STDOUT]: [SequencerPreview] drawEntityAny: start, type=minecraft:block_display
[18:57:44] [Render thread/INFO] (Minecraft) [STDOUT]: [SequencerPreview] drawEntityAny: det=-729.0
[18:57:44] [Render thread/INFO] (Minecraft) [STDOUT]: [SequencerPreview] drawEntityAny: start, type=minecraft:boat
[18:57:44] [Render thread/INFO] (Minecraft) [STDOUT]: [SequencerPreview] drawEntityAny: det=-729.0
[18:57:44] [Render thread/INFO] (Minecraft) [STDOUT]: [AEC][PROBE] getOrCreatePreviewAny: start
[18:57:44] [Render thread/INFO] (Minecraft) [STDOUT]: [AEC][PROBE] getOrCreatePreviewAny: world=true type=true
[18:57:44] [Render thread/INFO] (Minecraft) [STDOUT]: [SequencerPreview] getOrCreatePreviewAny: try type=minecraft:allay
[18:57:44] [Render thread/INFO] (Minecraft) [STDOUT]: [SequencerPreview] getOrCreatePreviewAny: reuse existing instance for minecraft:allay
[18:57:44] [Render thread/INFO] (Minecraft) [STDOUT]: [AEC][PROBE] PREVIEW draw begin: type=minecraft:allay rect=216,120 256x118
[18:57:44] [Render thread/INFO] (Minecraft) [STDOUT]: [AEC][PROBE] PREVIEW draw end
[18:57:44] [Render thread/INFO] (Minecraft) [STDOUT]: [AEC][PROBE] ---- frame 86 ----
[18:57:44] [Render thread/INFO] (Minecraft) [STDOUT]: [AEC][PROBE] Screen.render tab=MORPHS
[18:57:44] [Render thread/INFO] (Minecraft) [STDOUT]: [AEC][PROBE] Render: selectedType=minecraft:allay
[18:57:44] [Render thread/INFO] (Minecraft) [STDOUT]: [AEC][PROBE] PreviewRect: rect x=216 y=120 w=256 h=118
[18:57:44] [Render thread/INFO] (Minecraft) [STDOUT]: [SequencerPreview] Icon create: AREA_EFFECT_CLOUD
[18:57:44] [Render thread/INFO] (Minecraft) [STDOUT]: [SequencerPreview] drawEntityAny: start, type=minecraft:area_effect_cloud
[18:57:44] [Render thread/INFO] (Minecraft) [STDOUT]: [AEC][PROBE] ICON AEC: enter size=24
[18:57:44] [Render thread/INFO] (Minecraft) [STDOUT]: [AEC][PROBE] MAEC 2D: enter x=7 y=54 w=24 h=24
[18:57:44] [Render thread/INFO] (Minecraft) [STDOUT]: [AEC][PROBE] MAEC 2D: style: style name='Potion cloud' sprites=false baseDisk=true softPuffs=true grid=8 density=1,15 alpha=0,90 wobble=0,050 puffMul=1,00 tint=0xFF000000
[18:57:44] [Render thread/INFO] (Minecraft) [STDOUT]: [AEC][PROBE] MAEC frames: load
[18:57:44] [Render thread/INFO] (Minecraft) [STDOUT]: [SequencerPreview] drawEntityAny: start, type=minecraft:arrow
[18:57:44] [Render thread/INFO] (Minecraft) [STDOUT]: [SequencerPreview] drawEntityAny: det=-729.0
[18:57:44] [Render thread/INFO] (Minecraft) [STDOUT]: [SequencerPreview] drawEntityAny: start, type=minecraft:block_display
[18:57:44] [Render thread/INFO] (Minecraft) [STDOUT]: [SequencerPreview] drawEntityAny: det=-729.0
[18:57:44] [Render thread/INFO] (Minecraft) [STDOUT]: [SequencerPreview] drawEntityAny: start, type=minecraft:boat
[18:57:44] [Render thread/INFO] (Minecraft) [STDOUT]: [SequencerPreview] drawEntityAny: det=-729.0
[18:57:44] [Render thread/INFO] (Minecraft) [STDOUT]: [AEC][PROBE] getOrCreatePreviewAny: start
[18:57:44] [Render thread/INFO] (Minecraft) [STDOUT]: [AEC][PROBE] getOrCreatePreviewAny: world=true type=true
[18:57:44] [Render thread/INFO] (Minecraft) [STDOUT]: [SequencerPreview] getOrCreatePreviewAny: try type=minecraft:allay
[18:57:44] [Render thread/INFO] (Minecraft) [STDOUT]: [SequencerPreview] getOrCreatePreviewAny: reuse existing instance for minecraft:allay
[18:57:44] [Render thread/INFO] (Minecraft) [STDOUT]: [AEC][PROBE] PREVIEW draw begin: type=minecraft:allay rect=216,120 256x118
[18:57:44] [Render thread/INFO] (Minecraft) [STDOUT]: [AEC][PROBE] PREVIEW draw end
[18:57:44] [Render thread/INFO] (Minecraft) [STDOUT]: [AEC][PROBE] ---- frame 87 ----
[18:57:44] [Render thread/INFO] (Minecraft) [STDOUT]: [AEC][PROBE] Screen.render tab=MORPHS
[18:57:44] [Render thread/INFO] (Minecraft) [STDOUT]: [AEC][PROBE] Render: selectedType=minecraft:allay
[18:57:44] [Render thread/INFO] (Minecraft) [STDOUT]: [AEC][PROBE] PreviewRect: rect x=216 y=120 w=256 h=118
[18:57:44] [Render thread/INFO] (Minecraft) [STDOUT]: [SequencerPreview] Icon create: AREA_EFFECT_CLOUD
[18:57:44] [Render thread/INFO] (Minecraft) [STDOUT]: [SequencerPreview] drawEntityAny: start, type=minecraft:area_effect_cloud
[18:57:44] [Render thread/INFO] (Minecraft) [STDOUT]: [AEC][PROBE] ICON AEC: enter size=24
[18:57:44] [Render thread/INFO] (Minecraft) [STDOUT]: [AEC][PROBE] MAEC 2D: enter x=7 y=54 w=24 h=24
[18:57:44] [Render thread/INFO] (Minecraft) [STDOUT]: [AEC][PROBE] MAEC 2D: style: style name='Potion cloud' sprites=false baseDisk=true softPuffs=true grid=8 density=1,15 alpha=0,90 wobble=0,050 puffMul=1,00 tint=0xFF000000
[18:57:44] [Render thread/INFO] (Minecraft) [STDOUT]: [AEC][PROBE] MAEC frames: load
[18:57:44] [Render thread/INFO] (Minecraft) [STDOUT]: [SequencerPreview] drawEntityAny: start, type=minecraft:arrow
[18:57:44] [Render thread/INFO] (Minecraft) [STDOUT]: [SequencerPreview] drawEntityAny: det=-729.0
[18:57:44] [Render thread/INFO] (Minecraft) [STDOUT]: [SequencerPreview] drawEntityAny: start, type=minecraft:block_display
[18:57:44] [Render thread/INFO] (Minecraft) [STDOUT]: [SequencerPreview] drawEntityAny: det=-729.0
[18:57:44] [Render thread/INFO] (Minecraft) [STDOUT]: [SequencerPreview] drawEntityAny: start, type=minecraft:boat
[18:57:44] [Render thread/INFO] (Minecraft) [STDOUT]: [SequencerPreview] drawEntityAny: det=-729.0
[18:57:44] [Render thread/INFO] (Minecraft) [STDOUT]: [AEC][PROBE] getOrCreatePreviewAny: start
[18:57:44] [Render thread/INFO] (Minecraft) [STDOUT]: [AEC][PROBE] getOrCreatePreviewAny: world=true type=true
[18:57:44] [Render thread/INFO] (Minecraft) [STDOUT]: [SequencerPreview] getOrCreatePreviewAny: try type=minecraft:allay
[18:57:44] [Render thread/INFO] (Minecraft) [STDOUT]: [SequencerPreview] getOrCreatePreviewAny: reuse existing instance for minecraft:allay
[18:57:44] [Render thread/INFO] (Minecraft) [STDOUT]: [AEC][PROBE] PREVIEW draw begin: type=minecraft:allay rect=216,120 256x118
[18:57:44] [Render thread/INFO] (Minecraft) [STDOUT]: [AEC][PROBE] PREVIEW draw end
[18:57:44] [Render thread/INFO] (Minecraft) [STDOUT]: [AEC][PROBE] ---- frame 88 ----
[18:57:44] [Render thread/INFO] (Minecraft) [STDOUT]: [AEC][PROBE] Screen.render tab=MORPHS
[18:57:44] [Render thread/INFO] (Minecraft) [STDOUT]: [AEC][PROBE] Render: selectedType=minecraft:allay
[18:57:44] [Render thread/INFO] (Minecraft) [STDOUT]: [AEC][PROBE] PreviewRect: rect x=216 y=120 w=256 h=118
[18:57:44] [Render thread/INFO] (Minecraft) [STDOUT]: [SequencerPreview] Icon create: AREA_EFFECT_CLOUD
[18:57:44] [Render thread/INFO] (Minecraft) [STDOUT]: [SequencerPreview] drawEntityAny: start, type=minecraft:area_effect_cloud
[18:57:44] [Render thread/INFO] (Minecraft) [STDOUT]: [AEC][PROBE] ICON AEC: enter size=24
[18:57:44] [Render thread/INFO] (Minecraft) [STDOUT]: [AEC][PROBE] MAEC 2D: enter x=7 y=54 w=24 h=24
[18:57:44] [Render thread/INFO] (Minecraft) [STDOUT]: [AEC][PROBE] MAEC 2D: style: style name='Potion cloud' sprites=false baseDisk=true softPuffs=true grid=8 density=1,15 alpha=0,90 wobble=0,050 puffMul=1,00 tint=0xFF000000
[18:57:44] [Render thread/INFO] (Minecraft) [STDOUT]: [AEC][PROBE] MAEC frames: load
[18:57:44] [Render thread/INFO] (Minecraft) [STDOUT]: [SequencerPreview] drawEntityAny: start, type=minecraft:arrow
[18:57:44] [Render thread/INFO] (Minecraft) [STDOUT]: [SequencerPreview] drawEntityAny: det=-729.0
[18:57:44] [Render thread/INFO] (Minecraft) [STDOUT]: [SequencerPreview] drawEntityAny: start, type=minecraft:block_display
[18:57:44] [Render thread/INFO] (Minecraft) [STDOUT]: [SequencerPreview] drawEntityAny: det=-729.0
[18:57:44] [Render thread/INFO] (Minecraft) [STDOUT]: [SequencerPreview] drawEntityAny: start, type=minecraft:boat
[18:57:44] [Render thread/INFO] (Minecraft) [STDOUT]: [SequencerPreview] drawEntityAny: det=-729.0
[18:57:44] [Render thread/INFO] (Minecraft) [STDOUT]: [AEC][PROBE] getOrCreatePreviewAny: start
[18:57:44] [Render thread/INFO] (Minecraft) [STDOUT]: [AEC][PROBE] getOrCreatePreviewAny: world=true type=true
[18:57:44] [Render thread/INFO] (Minecraft) [STDOUT]: [SequencerPreview] getOrCreatePreviewAny: try type=minecraft:allay
[18:57:44] [Render thread/INFO] (Minecraft) [STDOUT]: [SequencerPreview] getOrCreatePreviewAny: reuse existing instance for minecraft:allay
[18:57:44] [Render thread/INFO] (Minecraft) [STDOUT]: [AEC][PROBE] PREVIEW draw begin: type=minecraft:allay rect=216,120 256x118
[18:57:44] [Render thread/INFO] (Minecraft) [STDOUT]: [AEC][PROBE] PREVIEW draw end
[18:57:44] [Render thread/INFO] (Minecraft) [STDOUT]: [AEC][PROBE] MOVE screen: x=133,3 y=96,0
[18:57:44] [Render thread/INFO] (Minecraft) [STDOUT]: [AEC][PROBE] ---- frame 89 ----
[18:57:44] [Render thread/INFO] (Minecraft) [STDOUT]: [AEC][PROBE] Screen.render tab=MORPHS
[18:57:44] [Render thread/INFO] (Minecraft) [STDOUT]: [AEC][PROBE] Render: selectedType=minecraft:allay
[18:57:44] [Render thread/INFO] (Minecraft) [STDOUT]: [AEC][PROBE] PreviewRect: rect x=216 y=120 w=256 h=118
[18:57:44] [Render thread/INFO] (Minecraft) [STDOUT]: [SequencerPreview] Icon create: AREA_EFFECT_CLOUD
[18:57:44] [Render thread/INFO] (Minecraft) [STDOUT]: [SequencerPreview] drawEntityAny: start, type=minecraft:area_effect_cloud
[18:57:44] [Render thread/INFO] (Minecraft) [STDOUT]: [AEC][PROBE] ICON AEC: enter size=24
[18:57:44] [Render thread/INFO] (Minecraft) [STDOUT]: [AEC][PROBE] MAEC 2D: enter x=7 y=54 w=24 h=24
[18:57:44] [Render thread/INFO] (Minecraft) [STDOUT]: [AEC][PROBE] MAEC 2D: style: style name='Potion cloud' sprites=false baseDisk=true softPuffs=true grid=8 density=1,15 alpha=0,90 wobble=0,050 puffMul=1,00 tint=0xFF000000
[18:57:44] [Render thread/INFO] (Minecraft) [STDOUT]: [AEC][PROBE] MAEC frames: load
[18:57:44] [Render thread/INFO] (Minecraft) [STDOUT]: [SequencerPreview] drawEntityAny: start, type=minecraft:arrow
[18:57:44] [Render thread/INFO] (Minecraft) [STDOUT]: [SequencerPreview] drawEntityAny: det=-729.0
[18:57:44] [Render thread/INFO] (Minecraft) [STDOUT]: [SequencerPreview] drawEntityAny: start, type=minecraft:block_display
[18:57:44] [Render thread/INFO] (Minecraft) [STDOUT]: [SequencerPreview] drawEntityAny: det=-729.0
[18:57:44] [Render thread/INFO] (Minecraft) [STDOUT]: [SequencerPreview] drawEntityAny: start, type=minecraft:boat
[18:57:44] [Render thread/INFO] (Minecraft) [STDOUT]: [SequencerPreview] drawEntityAny: det=-729.0
[18:57:44] [Render thread/INFO] (Minecraft) [STDOUT]: [AEC][PROBE] getOrCreatePreviewAny: start
[18:57:44] [Render thread/INFO] (Minecraft) [STDOUT]: [AEC][PROBE] getOrCreatePreviewAny: world=true type=true
[18:57:44] [Render thread/INFO] (Minecraft) [STDOUT]: [SequencerPreview] getOrCreatePreviewAny: try type=minecraft:allay
[18:57:44] [Render thread/INFO] (Minecraft) [STDOUT]: [SequencerPreview] getOrCreatePreviewAny: reuse existing instance for minecraft:allay
[18:57:44] [Render thread/INFO] (Minecraft) [STDOUT]: [AEC][PROBE] PREVIEW draw begin: type=minecraft:allay rect=216,120 256x118
[18:57:44] [Render thread/INFO] (Minecraft) [STDOUT]: [AEC][PROBE] PREVIEW draw end
[18:57:44] [Render thread/INFO] (Minecraft) [STDOUT]: [AEC][PROBE] ---- frame 90 ----
[18:57:44] [Render thread/INFO] (Minecraft) [STDOUT]: [AEC][PROBE] Screen.render tab=MORPHS
[18:57:44] [Render thread/INFO] (Minecraft) [STDOUT]: [AEC][PROBE] Render: selectedType=minecraft:allay
[18:57:44] [Render thread/INFO] (Minecraft) [STDOUT]: [AEC][PROBE] PreviewRect: rect x=216 y=120 w=256 h=118
[18:57:44] [Render thread/INFO] (Minecraft) [STDOUT]: [SequencerPreview] Icon create: AREA_EFFECT_CLOUD
[18:57:44] [Render thread/INFO] (Minecraft) [STDOUT]: [SequencerPreview] drawEntityAny: start, type=minecraft:area_effect_cloud
[18:57:44] [Render thread/INFO] (Minecraft) [STDOUT]: [AEC][PROBE] ICON AEC: enter size=24
[18:57:44] [Render thread/INFO] (Minecraft) [STDOUT]: [AEC][PROBE] MAEC 2D: enter x=7 y=54 w=24 h=24
[18:57:44] [Render thread/INFO] (Minecraft) [STDOUT]: [AEC][PROBE] MAEC 2D: style: style name='Potion cloud' sprites=false baseDisk=true softPuffs=true grid=8 density=1,15 alpha=0,90 wobble=0,050 puffMul=1,00 tint=0xFF000000
[18:57:44] [Render thread/INFO] (Minecraft) [STDOUT]: [AEC][PROBE] MAEC frames: load
[18:57:44] [Render thread/INFO] (Minecraft) [STDOUT]: [SequencerPreview] drawEntityAny: start, type=minecraft:arrow
[18:57:44] [Render thread/INFO] (Minecraft) [STDOUT]: [SequencerPreview] drawEntityAny: det=-729.0
[18:57:44] [Render thread/INFO] (Minecraft) [STDOUT]: [SequencerPreview] drawEntityAny: start, type=minecraft:block_display
[18:57:44] [Render thread/INFO] (Minecraft) [STDOUT]: [SequencerPreview] drawEntityAny: det=-729.0
[18:57:44] [Render thread/INFO] (Minecraft) [STDOUT]: [SequencerPreview] drawEntityAny: start, type=minecraft:boat
[18:57:44] [Render thread/INFO] (Minecraft) [STDOUT]: [SequencerPreview] drawEntityAny: det=-729.0
[18:57:44] [Render thread/INFO] (Minecraft) [STDOUT]: [AEC][PROBE] getOrCreatePreviewAny: start
[18:57:44] [Render thread/INFO] (Minecraft) [STDOUT]: [AEC][PROBE] getOrCreatePreviewAny: world=true type=true
[18:57:44] [Render thread/INFO] (Minecraft) [STDOUT]: [SequencerPreview] getOrCreatePreviewAny: try type=minecraft:allay
[18:57:44] [Render thread/INFO] (Minecraft) [STDOUT]: [SequencerPreview] getOrCreatePreviewAny: reuse existing instance for minecraft:allay
[18:57:44] [Render thread/INFO] (Minecraft) [STDOUT]: [AEC][PROBE] PREVIEW draw begin: type=minecraft:allay rect=216,120 256x118
[18:57:44] [Render thread/INFO] (Minecraft) [STDOUT]: [AEC][PROBE] PREVIEW draw end
[18:57:44] [Render thread/INFO] (Minecraft) [STDOUT]: [AEC][PROBE] ---- frame 91 ----
[18:57:44] [Render thread/INFO] (Minecraft) [STDOUT]: [AEC][PROBE] Screen.render tab=MORPHS
[18:57:44] [Render thread/INFO] (Minecraft) [STDOUT]: [AEC][PROBE] Render: selectedType=minecraft:allay
[18:57:44] [Render thread/INFO] (Minecraft) [STDOUT]: [AEC][PROBE] PreviewRect: rect x=216 y=120 w=256 h=118
[18:57:44] [Render thread/INFO] (Minecraft) [STDOUT]: [SequencerPreview] Icon create: AREA_EFFECT_CLOUD
[18:57:44] [Render thread/INFO] (Minecraft) [STDOUT]: [SequencerPreview] drawEntityAny: start, type=minecraft:area_effect_cloud
[18:57:44] [Render thread/INFO] (Minecraft) [STDOUT]: [AEC][PROBE] ICON AEC: enter size=24
[18:57:44] [Render thread/INFO] (Minecraft) [STDOUT]: [AEC][PROBE] MAEC 2D: enter x=7 y=54 w=24 h=24
[18:57:44] [Render thread/INFO] (Minecraft) [STDOUT]: [AEC][PROBE] MAEC 2D: style: style name='Potion cloud' sprites=false baseDisk=true softPuffs=true grid=8 density=1,15 alpha=0,90 wobble=0,050 puffMul=1,00 tint=0xFF000000
[18:57:44] [Render thread/INFO] (Minecraft) [STDOUT]: [AEC][PROBE] MAEC frames: load
[18:57:44] [Render thread/INFO] (Minecraft) [STDOUT]: [SequencerPreview] drawEntityAny: start, type=minecraft:arrow
[18:57:44] [Render thread/INFO] (Minecraft) [STDOUT]: [SequencerPreview] drawEntityAny: det=-729.0
[18:57:44] [Render thread/INFO] (Minecraft) [STDOUT]: [SequencerPreview] drawEntityAny: start, type=minecraft:block_display
[18:57:44] [Render thread/INFO] (Minecraft) [STDOUT]: [SequencerPreview] drawEntityAny: det=-729.0
[18:57:44] [Render thread/INFO] (Minecraft) [STDOUT]: [SequencerPreview] drawEntityAny: start, type=minecraft:boat
[18:57:44] [Render thread/INFO] (Minecraft) [STDOUT]: [SequencerPreview] drawEntityAny: det=-729.0
[18:57:44] [Render thread/INFO] (Minecraft) [STDOUT]: [AEC][PROBE] getOrCreatePreviewAny: start
[18:57:44] [Render thread/INFO] (Minecraft) [STDOUT]: [AEC][PROBE] getOrCreatePreviewAny: world=true type=true
[18:57:44] [Render thread/INFO] (Minecraft) [STDOUT]: [SequencerPreview] getOrCreatePreviewAny: try type=minecraft:allay
[18:57:44] [Render thread/INFO] (Minecraft) [STDOUT]: [SequencerPreview] getOrCreatePreviewAny: reuse existing instance for minecraft:allay
[18:57:44] [Render thread/INFO] (Minecraft) [STDOUT]: [AEC][PROBE] PREVIEW draw begin: type=minecraft:allay rect=216,120 256x118
[18:57:44] [Render thread/INFO] (Minecraft) [STDOUT]: [AEC][PROBE] PREVIEW draw end
[18:57:44] [Render thread/INFO] (Minecraft) [STDOUT]: [AEC][PROBE] ---- frame 92 ----
[18:57:44] [Render thread/INFO] (Minecraft) [STDOUT]: [AEC][PROBE] Screen.render tab=MORPHS
[18:57:44] [Render thread/INFO] (Minecraft) [STDOUT]: [AEC][PROBE] Render: selectedType=minecraft:allay
[18:57:44] [Render thread/INFO] (Minecraft) [STDOUT]: [AEC][PROBE] PreviewRect: rect x=216 y=120 w=256 h=118
[18:57:44] [Render thread/INFO] (Minecraft) [STDOUT]: [SequencerPreview] Icon create: AREA_EFFECT_CLOUD
[18:57:44] [Render thread/INFO] (Minecraft) [STDOUT]: [SequencerPreview] drawEntityAny: start, type=minecraft:area_effect_cloud
[18:57:44] [Render thread/INFO] (Minecraft) [STDOUT]: [AEC][PROBE] ICON AEC: enter size=24
[18:57:44] [Render thread/INFO] (Minecraft) [STDOUT]: [AEC][PROBE] MAEC 2D: enter x=7 y=54 w=24 h=24
[18:57:44] [Render thread/INFO] (Minecraft) [STDOUT]: [AEC][PROBE] MAEC 2D: style: style name='Potion cloud' sprites=false baseDisk=true softPuffs=true grid=8 density=1,15 alpha=0,90 wobble=0,050 puffMul=1,00 tint=0xFF000000
[18:57:44] [Render thread/INFO] (Minecraft) [STDOUT]: [AEC][PROBE] MAEC frames: load
[18:57:44] [Render thread/INFO] (Minecraft) [STDOUT]: [SequencerPreview] drawEntityAny: start, type=minecraft:arrow
[18:57:44] [Render thread/INFO] (Minecraft) [STDOUT]: [SequencerPreview] drawEntityAny: det=-729.0
[18:57:44] [Render thread/INFO] (Minecraft) [STDOUT]: [SequencerPreview] drawEntityAny: start, type=minecraft:block_display
[18:57:44] [Render thread/INFO] (Minecraft) [STDOUT]: [SequencerPreview] drawEntityAny: det=-729.0
[18:57:44] [Render thread/INFO] (Minecraft) [STDOUT]: [SequencerPreview] drawEntityAny: start, type=minecraft:boat
[18:57:44] [Render thread/INFO] (Minecraft) [STDOUT]: [SequencerPreview] drawEntityAny: det=-729.0
[18:57:44] [Render thread/INFO] (Minecraft) [STDOUT]: [AEC][PROBE] getOrCreatePreviewAny: start
[18:57:44] [Render thread/INFO] (Minecraft) [STDOUT]: [AEC][PROBE] getOrCreatePreviewAny: world=true type=true
[18:57:44] [Render thread/INFO] (Minecraft) [STDOUT]: [SequencerPreview] getOrCreatePreviewAny: try type=minecraft:allay
[18:57:44] [Render thread/INFO] (Minecraft) [STDOUT]: [SequencerPreview] getOrCreatePreviewAny: reuse existing instance for minecraft:allay
[18:57:44] [Render thread/INFO] (Minecraft) [STDOUT]: [AEC][PROBE] PREVIEW draw begin: type=minecraft:allay rect=216,120 256x118
[18:57:44] [Render thread/INFO] (Minecraft) [STDOUT]: [AEC][PROBE] PREVIEW draw end
[18:57:44] [Render thread/INFO] (Minecraft) [STDOUT]: [AEC][PROBE] ---- frame 93 ----
[18:57:44] [Render thread/INFO] (Minecraft) [STDOUT]: [AEC][PROBE] Screen.render tab=MORPHS
[18:57:44] [Render thread/INFO] (Minecraft) [STDOUT]: [AEC][PROBE] Render: selectedType=minecraft:allay
[18:57:44] [Render thread/INFO] (Minecraft) [STDOUT]: [AEC][PROBE] PreviewRect: rect x=216 y=120 w=256 h=118
[18:57:44] [Render thread/INFO] (Minecraft) [STDOUT]: [SequencerPreview] Icon create: AREA_EFFECT_CLOUD
[18:57:44] [Render thread/INFO] (Minecraft) [STDOUT]: [SequencerPreview] drawEntityAny: start, type=minecraft:area_effect_cloud
[18:57:44] [Render thread/INFO] (Minecraft) [STDOUT]: [AEC][PROBE] ICON AEC: enter size=24
[18:57:44] [Render thread/INFO] (Minecraft) [STDOUT]: [AEC][PROBE] MAEC 2D: enter x=7 y=54 w=24 h=24
[18:57:44] [Render thread/INFO] (Minecraft) [STDOUT]: [AEC][PROBE] MAEC 2D: style: style name='Potion cloud' sprites=false baseDisk=true softPuffs=true grid=8 density=1,15 alpha=0,90 wobble=0,050 puffMul=1,00 tint=0xFF000000
[18:57:44] [Render thread/INFO] (Minecraft) [STDOUT]: [AEC][PROBE] MAEC frames: load
[18:57:44] [Render thread/INFO] (Minecraft) [STDOUT]: [SequencerPreview] drawEntityAny: start, type=minecraft:arrow
[18:57:44] [Render thread/INFO] (Minecraft) [STDOUT]: [SequencerPreview] drawEntityAny: det=-729.0
[18:57:44] [Render thread/INFO] (Minecraft) [STDOUT]: [SequencerPreview] drawEntityAny: start, type=minecraft:block_display
[18:57:44] [Render thread/INFO] (Minecraft) [STDOUT]: [SequencerPreview] drawEntityAny: det=-729.0
[18:57:44] [Render thread/INFO] (Minecraft) [STDOUT]: [SequencerPreview] drawEntityAny: start, type=minecraft:boat
[18:57:44] [Render thread/INFO] (Minecraft) [STDOUT]: [SequencerPreview] drawEntityAny: det=-729.0
[18:57:44] [Render thread/INFO] (Minecraft) [STDOUT]: [AEC][PROBE] getOrCreatePreviewAny: start
[18:57:44] [Render thread/INFO] (Minecraft) [STDOUT]: [AEC][PROBE] getOrCreatePreviewAny: world=true type=true
[18:57:44] [Render thread/INFO] (Minecraft) [STDOUT]: [SequencerPreview] getOrCreatePreviewAny: try type=minecraft:allay
[18:57:44] [Render thread/INFO] (Minecraft) [STDOUT]: [SequencerPreview] getOrCreatePreviewAny: reuse existing instance for minecraft:allay
[18:57:44] [Render thread/INFO] (Minecraft) [STDOUT]: [AEC][PROBE] PREVIEW draw begin: type=minecraft:allay rect=216,120 256x118
[18:57:44] [Render thread/INFO] (Minecraft) [STDOUT]: [AEC][PROBE] PREVIEW draw end
[18:57:44] [Render thread/INFO] (Minecraft) [STDOUT]: [AEC][PROBE] ---- frame 94 ----
[18:57:44] [Render thread/INFO] (Minecraft) [STDOUT]: [AEC][PROBE] Screen.render tab=MORPHS
[18:57:44] [Render thread/INFO] (Minecraft) [STDOUT]: [AEC][PROBE] Render: selectedType=minecraft:allay
[18:57:44] [Render thread/INFO] (Minecraft) [STDOUT]: [AEC][PROBE] PreviewRect: rect x=216 y=120 w=256 h=118
[18:57:44] [Render thread/INFO] (Minecraft) [STDOUT]: [SequencerPreview] Icon create: AREA_EFFECT_CLOUD
[18:57:44] [Render thread/INFO] (Minecraft) [STDOUT]: [SequencerPreview] drawEntityAny: start, type=minecraft:area_effect_cloud
[18:57:44] [Render thread/INFO] (Minecraft) [STDOUT]: [AEC][PROBE] ICON AEC: enter size=24
[18:57:44] [Render thread/INFO] (Minecraft) [STDOUT]: [AEC][PROBE] MAEC 2D: enter x=7 y=54 w=24 h=24
[18:57:44] [Render thread/INFO] (Minecraft) [STDOUT]: [AEC][PROBE] MAEC 2D: style: style name='Potion cloud' sprites=false baseDisk=true softPuffs=true grid=8 density=1,15 alpha=0,90 wobble=0,050 puffMul=1,00 tint=0xFF000000
[18:57:44] [Render thread/INFO] (Minecraft) [STDOUT]: [AEC][PROBE] MAEC frames: load
[18:57:44] [Render thread/INFO] (Minecraft) [STDOUT]: [SequencerPreview] drawEntityAny: start, type=minecraft:arrow
[18:57:44] [Render thread/INFO] (Minecraft) [STDOUT]: [SequencerPreview] drawEntityAny: det=-729.0
[18:57:44] [Render thread/INFO] (Minecraft) [STDOUT]: [SequencerPreview] drawEntityAny: start, type=minecraft:block_display
[18:57:44] [Render thread/INFO] (Minecraft) [STDOUT]: [SequencerPreview] drawEntityAny: det=-729.0
[18:57:44] [Render thread/INFO] (Minecraft) [STDOUT]: [SequencerPreview] drawEntityAny: start, type=minecraft:boat
[18:57:44] [Render thread/INFO] (Minecraft) [STDOUT]: [SequencerPreview] drawEntityAny: det=-729.0
[18:57:44] [Render thread/INFO] (Minecraft) [STDOUT]: [AEC][PROBE] getOrCreatePreviewAny: start
[18:57:44] [Render thread/INFO] (Minecraft) [STDOUT]: [AEC][PROBE] getOrCreatePreviewAny: world=true type=true
[18:57:44] [Render thread/INFO] (Minecraft) [STDOUT]: [SequencerPreview] getOrCreatePreviewAny: try type=minecraft:allay
[18:57:44] [Render thread/INFO] (Minecraft) [STDOUT]: [SequencerPreview] getOrCreatePreviewAny: reuse existing instance for minecraft:allay
[18:57:44] [Render thread/INFO] (Minecraft) [STDOUT]: [AEC][PROBE] PREVIEW draw begin: type=minecraft:allay rect=216,120 256x118
[18:57:44] [Render thread/INFO] (Minecraft) [STDOUT]: [AEC][PROBE] PREVIEW draw end
[18:57:44] [Render thread/INFO] (Minecraft) [STDOUT]: [AEC][PROBE] ---- frame 95 ----
[18:57:44] [Render thread/INFO] (Minecraft) [STDOUT]: [AEC][PROBE] Screen.render tab=MORPHS
[18:57:44] [Render thread/INFO] (Minecraft) [STDOUT]: [AEC][PROBE] Render: selectedType=minecraft:allay
[18:57:44] [Render thread/INFO] (Minecraft) [STDOUT]: [AEC][PROBE] PreviewRect: rect x=216 y=120 w=256 h=118
[18:57:44] [Render thread/INFO] (Minecraft) [STDOUT]: [SequencerPreview] Icon create: AREA_EFFECT_CLOUD
[18:57:44] [Render thread/INFO] (Minecraft) [STDOUT]: [SequencerPreview] drawEntityAny: start, type=minecraft:area_effect_cloud
[18:57:44] [Render thread/INFO] (Minecraft) [STDOUT]: [AEC][PROBE] ICON AEC: enter size=24
[18:57:44] [Render thread/INFO] (Minecraft) [STDOUT]: [AEC][PROBE] MAEC 2D: enter x=7 y=54 w=24 h=24
[18:57:44] [Render thread/INFO] (Minecraft) [STDOUT]: [AEC][PROBE] MAEC 2D: style: style name='Potion cloud' sprites=false baseDisk=true softPuffs=true grid=8 density=1,15 alpha=0,90 wobble=0,050 puffMul=1,00 tint=0xFF000000
[18:57:44] [Render thread/INFO] (Minecraft) [STDOUT]: [AEC][PROBE] MAEC frames: load
[18:57:44] [Render thread/INFO] (Minecraft) [STDOUT]: [SequencerPreview] drawEntityAny: start, type=minecraft:arrow
[18:57:44] [Render thread/INFO] (Minecraft) [STDOUT]: [SequencerPreview] drawEntityAny: det=-729.0
[18:57:44] [Render thread/INFO] (Minecraft) [STDOUT]: [SequencerPreview] drawEntityAny: start, type=minecraft:block_display
[18:57:44] [Render thread/INFO] (Minecraft) [STDOUT]: [SequencerPreview] drawEntityAny: det=-729.0
[18:57:44] [Render thread/INFO] (Minecraft) [STDOUT]: [SequencerPreview] drawEntityAny: start, type=minecraft:boat
[18:57:44] [Render thread/INFO] (Minecraft) [STDOUT]: [SequencerPreview] drawEntityAny: det=-729.0
[18:57:44] [Render thread/INFO] (Minecraft) [STDOUT]: [AEC][PROBE] getOrCreatePreviewAny: start
[18:57:44] [Render thread/INFO] (Minecraft) [STDOUT]: [AEC][PROBE] getOrCreatePreviewAny: world=true type=true
[18:57:44] [Render thread/INFO] (Minecraft) [STDOUT]: [SequencerPreview] getOrCreatePreviewAny: try type=minecraft:allay
[18:57:44] [Render thread/INFO] (Minecraft) [STDOUT]: [SequencerPreview] getOrCreatePreviewAny: reuse existing instance for minecraft:allay
[18:57:44] [Render thread/INFO] (Minecraft) [STDOUT]: [AEC][PROBE] PREVIEW draw begin: type=minecraft:allay rect=216,120 256x118
[18:57:44] [Render thread/INFO] (Minecraft) [STDOUT]: [AEC][PROBE] PREVIEW draw end
[18:57:44] [Render thread/INFO] (Minecraft) [STDOUT]: [AEC][PROBE] ---- frame 96 ----
[18:57:44] [Render thread/INFO] (Minecraft) [STDOUT]: [AEC][PROBE] Screen.render tab=MORPHS
[18:57:44] [Render thread/INFO] (Minecraft) [STDOUT]: [AEC][PROBE] Render: selectedType=minecraft:allay
[18:57:44] [Render thread/INFO] (Minecraft) [STDOUT]: [AEC][PROBE] PreviewRect: rect x=216 y=120 w=256 h=118
[18:57:44] [Render thread/INFO] (Minecraft) [STDOUT]: [SequencerPreview] Icon create: AREA_EFFECT_CLOUD
[18:57:44] [Render thread/INFO] (Minecraft) [STDOUT]: [SequencerPreview] drawEntityAny: start, type=minecraft:area_effect_cloud
[18:57:44] [Render thread/INFO] (Minecraft) [STDOUT]: [AEC][PROBE] ICON AEC: enter size=24
[18:57:44] [Render thread/INFO] (Minecraft) [STDOUT]: [AEC][PROBE] MAEC 2D: enter x=7 y=54 w=24 h=24
[18:57:44] [Render thread/INFO] (Minecraft) [STDOUT]: [AEC][PROBE] MAEC 2D: style: style name='Potion cloud' sprites=false baseDisk=true softPuffs=true grid=8 density=1,15 alpha=0,90 wobble=0,050 puffMul=1,00 tint=0xFF000000
[18:57:44] [Render thread/INFO] (Minecraft) [STDOUT]: [AEC][PROBE] MAEC frames: load
[18:57:44] [Render thread/INFO] (Minecraft) [STDOUT]: [SequencerPreview] drawEntityAny: start, type=minecraft:arrow
[18:57:44] [Render thread/INFO] (Minecraft) [STDOUT]: [SequencerPreview] drawEntityAny: det=-729.0
[18:57:44] [Render thread/INFO] (Minecraft) [STDOUT]: [SequencerPreview] drawEntityAny: start, type=minecraft:block_display
[18:57:44] [Render thread/INFO] (Minecraft) [STDOUT]: [SequencerPreview] drawEntityAny: det=-729.0
[18:57:44] [Render thread/INFO] (Minecraft) [STDOUT]: [SequencerPreview] drawEntityAny: start, type=minecraft:boat
[18:57:44] [Render thread/INFO] (Minecraft) [STDOUT]: [SequencerPreview] drawEntityAny: det=-729.0
[18:57:44] [Render thread/INFO] (Minecraft) [STDOUT]: [AEC][PROBE] getOrCreatePreviewAny: start
[18:57:44] [Render thread/INFO] (Minecraft) [STDOUT]: [AEC][PROBE] getOrCreatePreviewAny: world=true type=true
[18:57:44] [Render thread/INFO] (Minecraft) [STDOUT]: [SequencerPreview] getOrCreatePreviewAny: try type=minecraft:allay
[18:57:44] [Render thread/INFO] (Minecraft) [STDOUT]: [SequencerPreview] getOrCreatePreviewAny: reuse existing instance for minecraft:allay
[18:57:44] [Render thread/INFO] (Minecraft) [STDOUT]: [AEC][PROBE] PREVIEW draw begin: type=minecraft:allay rect=216,120 256x118
[18:57:44] [Render thread/INFO] (Minecraft) [STDOUT]: [AEC][PROBE] PREVIEW draw end
[18:57:44] [Render thread/INFO] (Minecraft) [STDOUT]: [AEC][PROBE] ---- frame 97 ----
[18:57:44] [Render thread/INFO] (Minecraft) [STDOUT]: [AEC][PROBE] Screen.render tab=MORPHS
[18:57:44] [Render thread/INFO] (Minecraft) [STDOUT]: [AEC][PROBE] Render: selectedType=minecraft:allay
[18:57:44] [Render thread/INFO] (Minecraft) [STDOUT]: [AEC][PROBE] PreviewRect: rect x=216 y=120 w=256 h=118
[18:57:44] [Render thread/INFO] (Minecraft) [STDOUT]: [SequencerPreview] Icon create: AREA_EFFECT_CLOUD
[18:57:44] [Render thread/INFO] (Minecraft) [STDOUT]: [SequencerPreview] drawEntityAny: start, type=minecraft:area_effect_cloud
[18:57:44] [Render thread/INFO] (Minecraft) [STDOUT]: [AEC][PROBE] ICON AEC: enter size=24
[18:57:44] [Render thread/INFO] (Minecraft) [STDOUT]: [AEC][PROBE] MAEC 2D: enter x=7 y=54 w=24 h=24
[18:57:44] [Render thread/INFO] (Minecraft) [STDOUT]: [AEC][PROBE] MAEC 2D: style: style name='Potion cloud' sprites=false baseDisk=true softPuffs=true grid=8 density=1,15 alpha=0,90 wobble=0,050 puffMul=1,00 tint=0xFF000000
[18:57:44] [Render thread/INFO] (Minecraft) [STDOUT]: [AEC][PROBE] MAEC frames: load
[18:57:44] [Render thread/INFO] (Minecraft) [STDOUT]: [SequencerPreview] drawEntityAny: start, type=minecraft:arrow
[18:57:44] [Render thread/INFO] (Minecraft) [STDOUT]: [SequencerPreview] drawEntityAny: det=-729.0
[18:57:44] [Render thread/INFO] (Minecraft) [STDOUT]: [SequencerPreview] drawEntityAny: start, type=minecraft:block_display
[18:57:44] [Render thread/INFO] (Minecraft) [STDOUT]: [SequencerPreview] drawEntityAny: det=-729.0
[18:57:44] [Render thread/INFO] (Minecraft) [STDOUT]: [SequencerPreview] drawEntityAny: start, type=minecraft:boat
[18:57:44] [Render thread/INFO] (Minecraft) [STDOUT]: [SequencerPreview] drawEntityAny: det=-729.0
[18:57:44] [Render thread/INFO] (Minecraft) [STDOUT]: [AEC][PROBE] getOrCreatePreviewAny: start
[18:57:44] [Render thread/INFO] (Minecraft) [STDOUT]: [AEC][PROBE] getOrCreatePreviewAny: world=true type=true
[18:57:44] [Render thread/INFO] (Minecraft) [STDOUT]: [SequencerPreview] getOrCreatePreviewAny: try type=minecraft:allay
[18:57:44] [Render thread/INFO] (Minecraft) [STDOUT]: [SequencerPreview] getOrCreatePreviewAny: reuse existing instance for minecraft:allay
[18:57:44] [Render thread/INFO] (Minecraft) [STDOUT]: [AEC][PROBE] PREVIEW draw begin: type=minecraft:allay rect=216,120 256x118
[18:57:44] [Render thread/INFO] (Minecraft) [STDOUT]: [AEC][PROBE] PREVIEW draw end
[18:57:44] [Render thread/INFO] (Minecraft) [STDOUT]: [AEC][PROBE] ---- frame 98 ----
[18:57:44] [Render thread/INFO] (Minecraft) [STDOUT]: [AEC][PROBE] Screen.render tab=MORPHS
[18:57:44] [Render thread/INFO] (Minecraft) [STDOUT]: [AEC][PROBE] Render: selectedType=minecraft:allay
[18:57:44] [Render thread/INFO] (Minecraft) [STDOUT]: [AEC][PROBE] PreviewRect: rect x=216 y=120 w=256 h=118
[18:57:44] [Render thread/INFO] (Minecraft) [STDOUT]: [SequencerPreview] Icon create: AREA_EFFECT_CLOUD
[18:57:44] [Render thread/INFO] (Minecraft) [STDOUT]: [SequencerPreview] drawEntityAny: start, type=minecraft:area_effect_cloud
[18:57:44] [Render thread/INFO] (Minecraft) [STDOUT]: [AEC][PROBE] ICON AEC: enter size=24
[18:57:44] [Render thread/INFO] (Minecraft) [STDOUT]: [AEC][PROBE] MAEC 2D: enter x=7 y=54 w=24 h=24
[18:57:44] [Render thread/INFO] (Minecraft) [STDOUT]: [AEC][PROBE] MAEC 2D: style: style name='Potion cloud' sprites=false baseDisk=true softPuffs=true grid=8 density=1,15 alpha=0,90 wobble=0,050 puffMul=1,00 tint=0xFF000000
[18:57:44] [Render thread/INFO] (Minecraft) [STDOUT]: [AEC][PROBE] MAEC frames: load
[18:57:44] [Render thread/INFO] (Minecraft) [STDOUT]: [SequencerPreview] drawEntityAny: start, type=minecraft:arrow
[18:57:44] [Render thread/INFO] (Minecraft) [STDOUT]: [SequencerPreview] drawEntityAny: det=-729.0
[18:57:44] [Render thread/INFO] (Minecraft) [STDOUT]: [SequencerPreview] drawEntityAny: start, type=minecraft:block_display
[18:57:44] [Render thread/INFO] (Minecraft) [STDOUT]: [SequencerPreview] drawEntityAny: det=-729.0
[18:57:44] [Render thread/INFO] (Minecraft) [STDOUT]: [SequencerPreview] drawEntityAny: start, type=minecraft:boat
[18:57:44] [Render thread/INFO] (Minecraft) [STDOUT]: [SequencerPreview] drawEntityAny: det=-729.0
[18:57:44] [Render thread/INFO] (Minecraft) [STDOUT]: [AEC][PROBE] getOrCreatePreviewAny: start
[18:57:44] [Render thread/INFO] (Minecraft) [STDOUT]: [AEC][PROBE] getOrCreatePreviewAny: world=true type=true
[18:57:44] [Render thread/INFO] (Minecraft) [STDOUT]: [SequencerPreview] getOrCreatePreviewAny: try type=minecraft:allay
[18:57:44] [Render thread/INFO] (Minecraft) [STDOUT]: [SequencerPreview] getOrCreatePreviewAny: reuse existing instance for minecraft:allay
[18:57:44] [Render thread/INFO] (Minecraft) [STDOUT]: [AEC][PROBE] PREVIEW draw begin: type=minecraft:allay rect=216,120 256x118
[18:57:44] [Render thread/INFO] (Minecraft) [STDOUT]: [AEC][PROBE] PREVIEW draw end
[18:57:44] [Render thread/INFO] (Minecraft) [STDOUT]: [AEC][PROBE] ---- frame 99 ----
[18:57:44] [Render thread/INFO] (Minecraft) [STDOUT]: [AEC][PROBE] Screen.render tab=MORPHS
[18:57:44] [Render thread/INFO] (Minecraft) [STDOUT]: [AEC][PROBE] Render: selectedType=minecraft:allay
[18:57:44] [Render thread/INFO] (Minecraft) [STDOUT]: [AEC][PROBE] PreviewRect: rect x=216 y=120 w=256 h=118
[18:57:44] [Render thread/INFO] (Minecraft) [STDOUT]: [SequencerPreview] Icon create: AREA_EFFECT_CLOUD
[18:57:44] [Render thread/INFO] (Minecraft) [STDOUT]: [SequencerPreview] drawEntityAny: start, type=minecraft:area_effect_cloud
[18:57:44] [Render thread/INFO] (Minecraft) [STDOUT]: [AEC][PROBE] ICON AEC: enter size=24
[18:57:44] [Render thread/INFO] (Minecraft) [STDOUT]: [AEC][PROBE] MAEC 2D: enter x=7 y=54 w=24 h=24
[18:57:44] [Render thread/INFO] (Minecraft) [STDOUT]: [AEC][PROBE] MAEC 2D: style: style name='Potion cloud' sprites=false baseDisk=true softPuffs=true grid=8 density=1,15 alpha=0,90 wobble=0,050 puffMul=1,00 tint=0xFF000000
[18:57:44] [Render thread/INFO] (Minecraft) [STDOUT]: [AEC][PROBE] MAEC frames: load
[18:57:44] [Render thread/INFO] (Minecraft) [STDOUT]: [SequencerPreview] drawEntityAny: start, type=minecraft:arrow
[18:57:44] [Render thread/INFO] (Minecraft) [STDOUT]: [SequencerPreview] drawEntityAny: det=-729.0
[18:57:44] [Render thread/INFO] (Minecraft) [STDOUT]: [SequencerPreview] drawEntityAny: start, type=minecraft:block_display
[18:57:44] [Render thread/INFO] (Minecraft) [STDOUT]: [SequencerPreview] drawEntityAny: det=-729.0
[18:57:44] [Render thread/INFO] (Minecraft) [STDOUT]: [SequencerPreview] drawEntityAny: start, type=minecraft:boat
[18:57:44] [Render thread/INFO] (Minecraft) [STDOUT]: [SequencerPreview] drawEntityAny: det=-729.0
[18:57:44] [Render thread/INFO] (Minecraft) [STDOUT]: [AEC][PROBE] getOrCreatePreviewAny: start
[18:57:44] [Render thread/INFO] (Minecraft) [STDOUT]: [AEC][PROBE] getOrCreatePreviewAny: world=true type=true
[18:57:44] [Render thread/INFO] (Minecraft) [STDOUT]: [SequencerPreview] getOrCreatePreviewAny: try type=minecraft:allay
[18:57:44] [Render thread/INFO] (Minecraft) [STDOUT]: [SequencerPreview] getOrCreatePreviewAny: reuse existing instance for minecraft:allay
[18:57:44] [Render thread/INFO] (Minecraft) [STDOUT]: [AEC][PROBE] PREVIEW draw begin: type=minecraft:allay rect=216,120 256x118
[18:57:44] [Render thread/INFO] (Minecraft) [STDOUT]: [AEC][PROBE] PREVIEW draw end
[18:57:44] [Render thread/INFO] (Minecraft) [STDOUT]: [AEC][PROBE] ---- frame 100 ----
[18:57:44] [Render thread/INFO] (Minecraft) [STDOUT]: [AEC][PROBE] Screen.render tab=MORPHS
[18:57:44] [Render thread/INFO] (Minecraft) [STDOUT]: [AEC][PROBE] Render: selectedType=minecraft:allay
[18:57:44] [Render thread/INFO] (Minecraft) [STDOUT]: [AEC][PROBE] PreviewRect: rect x=216 y=120 w=256 h=118
[18:57:44] [Render thread/INFO] (Minecraft) [STDOUT]: [SequencerPreview] Icon create: AREA_EFFECT_CLOUD
[18:57:44] [Render thread/INFO] (Minecraft) [STDOUT]: [SequencerPreview] drawEntityAny: start, type=minecraft:area_effect_cloud
[18:57:44] [Render thread/INFO] (Minecraft) [STDOUT]: [AEC][PROBE] ICON AEC: enter size=24
[18:57:44] [Render thread/INFO] (Minecraft) [STDOUT]: [AEC][PROBE] MAEC 2D: enter x=7 y=54 w=24 h=24
[18:57:44] [Render thread/INFO] (Minecraft) [STDOUT]: [AEC][PROBE] MAEC 2D: style: style name='Potion cloud' sprites=false baseDisk=true softPuffs=true grid=8 density=1,15 alpha=0,90 wobble=0,050 puffMul=1,00 tint=0xFF000000
[18:57:44] [Render thread/INFO] (Minecraft) [STDOUT]: [AEC][PROBE] MAEC frames: load
[18:57:44] [Render thread/INFO] (Minecraft) [STDOUT]: [SequencerPreview] drawEntityAny: start, type=minecraft:arrow
[18:57:44] [Render thread/INFO] (Minecraft) [STDOUT]: [SequencerPreview] drawEntityAny: det=-729.0
[18:57:44] [Render thread/INFO] (Minecraft) [STDOUT]: [SequencerPreview] drawEntityAny: start, type=minecraft:block_display
[18:57:44] [Render thread/INFO] (Minecraft) [STDOUT]: [SequencerPreview] drawEntityAny: det=-729.0
[18:57:44] [Render thread/INFO] (Minecraft) [STDOUT]: [SequencerPreview] drawEntityAny: start, type=minecraft:boat
[18:57:44] [Render thread/INFO] (Minecraft) [STDOUT]: [SequencerPreview] drawEntityAny: det=-729.0
[18:57:44] [Render thread/INFO] (Minecraft) [STDOUT]: [AEC][PROBE] getOrCreatePreviewAny: start
[18:57:44] [Render thread/INFO] (Minecraft) [STDOUT]: [AEC][PROBE] getOrCreatePreviewAny: world=true type=true
[18:57:44] [Render thread/INFO] (Minecraft) [STDOUT]: [SequencerPreview] getOrCreatePreviewAny: try type=minecraft:allay
[18:57:44] [Render thread/INFO] (Minecraft) [STDOUT]: [SequencerPreview] getOrCreatePreviewAny: reuse existing instance for minecraft:allay
[18:57:44] [Render thread/INFO] (Minecraft) [STDOUT]: [AEC][PROBE] PREVIEW draw begin: type=minecraft:allay rect=216,120 256x118
[18:57:44] [Render thread/INFO] (Minecraft) [STDOUT]: [AEC][PROBE] PREVIEW draw end
[18:57:44] [Render thread/INFO] (Minecraft) [STDOUT]: [AEC][PROBE] ---- frame 101 ----
[18:57:44] [Render thread/INFO] (Minecraft) [STDOUT]: [AEC][PROBE] Screen.render tab=MORPHS
[18:57:44] [Render thread/INFO] (Minecraft) [STDOUT]: [AEC][PROBE] Render: selectedType=minecraft:allay
[18:57:44] [Render thread/INFO] (Minecraft) [STDOUT]: [AEC][PROBE] PreviewRect: rect x=216 y=120 w=256 h=118
[18:57:44] [Render thread/INFO] (Minecraft) [STDOUT]: [SequencerPreview] Icon create: AREA_EFFECT_CLOUD
[18:57:44] [Render thread/INFO] (Minecraft) [STDOUT]: [SequencerPreview] drawEntityAny: start, type=minecraft:area_effect_cloud
[18:57:44] [Render thread/INFO] (Minecraft) [STDOUT]: [AEC][PROBE] ICON AEC: enter size=24
[18:57:44] [Render thread/INFO] (Minecraft) [STDOUT]: [AEC][PROBE] MAEC 2D: enter x=7 y=54 w=24 h=24
[18:57:44] [Render thread/INFO] (Minecraft) [STDOUT]: [AEC][PROBE] MAEC 2D: style: style name='Potion cloud' sprites=false baseDisk=true softPuffs=true grid=8 density=1,15 alpha=0,90 wobble=0,050 puffMul=1,00 tint=0xFF000000
[18:57:44] [Render thread/INFO] (Minecraft) [STDOUT]: [AEC][PROBE] MAEC frames: load
[18:57:44] [Render thread/INFO] (Minecraft) [STDOUT]: [SequencerPreview] drawEntityAny: start, type=minecraft:arrow
[18:57:44] [Render thread/INFO] (Minecraft) [STDOUT]: [SequencerPreview] drawEntityAny: det=-729.0
[18:57:44] [Render thread/INFO] (Minecraft) [STDOUT]: [SequencerPreview] drawEntityAny: start, type=minecraft:block_display
[18:57:44] [Render thread/INFO] (Minecraft) [STDOUT]: [SequencerPreview] drawEntityAny: det=-729.0
[18:57:44] [Render thread/INFO] (Minecraft) [STDOUT]: [SequencerPreview] drawEntityAny: start, type=minecraft:boat
[18:57:44] [Render thread/INFO] (Minecraft) [STDOUT]: [SequencerPreview] drawEntityAny: det=-729.0
[18:57:44] [Render thread/INFO] (Minecraft) [STDOUT]: [AEC][PROBE] getOrCreatePreviewAny: start
[18:57:44] [Render thread/INFO] (Minecraft) [STDOUT]: [AEC][PROBE] getOrCreatePreviewAny: world=true type=true
[18:57:44] [Render thread/INFO] (Minecraft) [STDOUT]: [SequencerPreview] getOrCreatePreviewAny: try type=minecraft:allay
[18:57:44] [Render thread/INFO] (Minecraft) [STDOUT]: [SequencerPreview] getOrCreatePreviewAny: reuse existing instance for minecraft:allay
[18:57:44] [Render thread/INFO] (Minecraft) [STDOUT]: [AEC][PROBE] PREVIEW draw begin: type=minecraft:allay rect=216,120 256x118
[18:57:44] [Render thread/INFO] (Minecraft) [STDOUT]: [AEC][PROBE] PREVIEW draw end
[18:57:44] [Render thread/INFO] (Minecraft) [STDOUT]: [AEC][PROBE] ---- frame 102 ----
[18:57:44] [Render thread/INFO] (Minecraft) [STDOUT]: [AEC][PROBE] Screen.render tab=MORPHS
[18:57:44] [Render thread/INFO] (Minecraft) [STDOUT]: [AEC][PROBE] Render: selectedType=minecraft:allay
[18:57:44] [Render thread/INFO] (Minecraft) [STDOUT]: [AEC][PROBE] PreviewRect: rect x=216 y=120 w=256 h=118
[18:57:44] [Render thread/INFO] (Minecraft) [STDOUT]: [SequencerPreview] Icon create: AREA_EFFECT_CLOUD
[18:57:44] [Render thread/INFO] (Minecraft) [STDOUT]: [SequencerPreview] drawEntityAny: start, type=minecraft:area_effect_cloud
[18:57:44] [Render thread/INFO] (Minecraft) [STDOUT]: [AEC][PROBE] ICON AEC: enter size=24
[18:57:44] [Render thread/INFO] (Minecraft) [STDOUT]: [AEC][PROBE] MAEC 2D: enter x=7 y=54 w=24 h=24
[18:57:44] [Render thread/INFO] (Minecraft) [STDOUT]: [AEC][PROBE] MAEC 2D: style: style name='Potion cloud' sprites=false baseDisk=true softPuffs=true grid=8 density=1,15 alpha=0,90 wobble=0,050 puffMul=1,00 tint=0xFF000000
[18:57:44] [Render thread/INFO] (Minecraft) [STDOUT]: [AEC][PROBE] MAEC frames: load
[18:57:44] [Render thread/INFO] (Minecraft) [STDOUT]: [SequencerPreview] drawEntityAny: start, type=minecraft:arrow
[18:57:44] [Render thread/INFO] (Minecraft) [STDOUT]: [SequencerPreview] drawEntityAny: det=-729.0
[18:57:44] [Render thread/INFO] (Minecraft) [STDOUT]: [SequencerPreview] drawEntityAny: start, type=minecraft:block_display
[18:57:44] [Render thread/INFO] (Minecraft) [STDOUT]: [SequencerPreview] drawEntityAny: det=-729.0
[18:57:44] [Render thread/INFO] (Minecraft) [STDOUT]: [SequencerPreview] drawEntityAny: start, type=minecraft:boat
[18:57:44] [Render thread/INFO] (Minecraft) [STDOUT]: [SequencerPreview] drawEntityAny: det=-729.0
[18:57:44] [Render thread/INFO] (Minecraft) [STDOUT]: [AEC][PROBE] getOrCreatePreviewAny: start
[18:57:44] [Render thread/INFO] (Minecraft) [STDOUT]: [AEC][PROBE] getOrCreatePreviewAny: world=true type=true
[18:57:44] [Render thread/INFO] (Minecraft) [STDOUT]: [SequencerPreview] getOrCreatePreviewAny: try type=minecraft:allay
[18:57:44] [Render thread/INFO] (Minecraft) [STDOUT]: [SequencerPreview] getOrCreatePreviewAny: reuse existing instance for minecraft:allay
[18:57:44] [Render thread/INFO] (Minecraft) [STDOUT]: [AEC][PROBE] PREVIEW draw begin: type=minecraft:allay rect=216,120 256x118
[18:57:44] [Render thread/INFO] (Minecraft) [STDOUT]: [AEC][PROBE] PREVIEW draw end
[18:57:44] [Render thread/INFO] (Minecraft) [STDOUT]: [AEC][PROBE] ---- frame 103 ----
[18:57:44] [Render thread/INFO] (Minecraft) [STDOUT]: [AEC][PROBE] RENDER screen: class=seq.sequencermod.client.ui.SequencerMainScreen tab=MORPHS
[18:57:44] [Render thread/INFO] (Minecraft) [STDOUT]: [AEC][PROBE] Screen.render tab=MORPHS
[18:57:44] [Render thread/INFO] (Minecraft) [STDOUT]: [AEC][PROBE] Render: selectedType=minecraft:allay
[18:57:44] [Render thread/INFO] (Minecraft) [STDOUT]: [AEC][PROBE] PreviewRect: rect x=216 y=120 w=256 h=118
[18:57:44] [Render thread/INFO] (Minecraft) [STDOUT]: [SequencerPreview] Icon create: AREA_EFFECT_CLOUD
[18:57:44] [Render thread/INFO] (Minecraft) [STDOUT]: [SequencerPreview] drawEntityAny: start, type=minecraft:area_effect_cloud
[18:57:44] [Render thread/INFO] (Minecraft) [STDOUT]: [AEC][PROBE] ICON AEC: enter size=24
[18:57:44] [Render thread/INFO] (Minecraft) [STDOUT]: [AEC][PROBE] MAEC 2D: enter x=7 y=54 w=24 h=24
[18:57:44] [Render thread/INFO] (Minecraft) [STDOUT]: [AEC][PROBE] MAEC 2D: style: style name='Potion cloud' sprites=false baseDisk=true softPuffs=true grid=8 density=1,15 alpha=0,90 wobble=0,050 puffMul=1,00 tint=0xFF000000
[18:57:44] [Render thread/INFO] (Minecraft) [STDOUT]: [AEC][PROBE] MAEC frames: load
[18:57:44] [Render thread/INFO] (Minecraft) [STDOUT]: [SequencerPreview] drawEntityAny: start, type=minecraft:arrow
[18:57:44] [Render thread/INFO] (Minecraft) [STDOUT]: [SequencerPreview] drawEntityAny: det=-729.0
[18:57:44] [Render thread/INFO] (Minecraft) [STDOUT]: [SequencerPreview] drawEntityAny: start, type=minecraft:block_display
[18:57:44] [Render thread/INFO] (Minecraft) [STDOUT]: [SequencerPreview] drawEntityAny: det=-729.0
[18:57:44] [Render thread/INFO] (Minecraft) [STDOUT]: [SequencerPreview] drawEntityAny: start, type=minecraft:boat
[18:57:44] [Render thread/INFO] (Minecraft) [STDOUT]: [SequencerPreview] drawEntityAny: det=-729.0
[18:57:44] [Render thread/INFO] (Minecraft) [STDOUT]: [AEC][PROBE] getOrCreatePreviewAny: start
[18:57:44] [Render thread/INFO] (Minecraft) [STDOUT]: [AEC][PROBE] getOrCreatePreviewAny: world=true type=true
[18:57:44] [Render thread/INFO] (Minecraft) [STDOUT]: [SequencerPreview] getOrCreatePreviewAny: try type=minecraft:allay
[18:57:44] [Render thread/INFO] (Minecraft) [STDOUT]: [SequencerPreview] getOrCreatePreviewAny: reuse existing instance for minecraft:allay
[18:57:44] [Render thread/INFO] (Minecraft) [STDOUT]: [AEC][PROBE] PREVIEW draw begin: type=minecraft:allay rect=216,120 256x118
[18:57:44] [Render thread/INFO] (Minecraft) [STDOUT]: [AEC][PROBE] PREVIEW draw end
[18:57:44] [Render thread/INFO] (Minecraft) [STDOUT]: [AEC][PROBE] CLICK screen: enter x=153,3 y=53,0 btn=0 tab=MORPHS
[18:57:44] [Render thread/INFO] (Minecraft) [STDOUT]: [AEC][PROBE] HIT child: seq.sequencermod.client.ui.SequencerMainScreen$MorphList
[18:57:44] [Render thread/INFO] (Minecraft) [STDOUT]: [AEC][PROBE] HIT child: seq.sequencermod.client.ui.SequencerMainScreen$MorphList (x2)
[18:57:44] [Render thread/INFO] (Minecraft) [STDOUT]: [AEC][PROBE] HIT morphList: over=true (seq.sequencermod.client.ui.SequencerMainScreen$MorphList)
[18:57:44] [Render thread/INFO] (Minecraft) [STDOUT]: [AEC][PROBE] CLICK screen: x=153,3 y=53,0 btn=0 tab=MORPHS
[18:57:44] [Render thread/INFO] (Minecraft) [STDOUT]: [AEC][PROBE] MorphList.mouseClicked: inside=true x=153,3 y=53,0 btn=0
[18:57:44] [Render thread/INFO] (Minecraft) [STDOUT]: [AEC][PROBE] MorphList.mouseClicked: over=minecraft:allay
[18:57:44] [Render thread/INFO] (Minecraft) [STDOUT]: [AEC][PROBE] MorphEntry.mouseClicked: minecraft:allay x=153,3 y=53,0 btn=0
[18:57:44] [Render thread/INFO] (Minecraft) [STDOUT]: [AEC][PROBE] Morph selected via setSelected: minecraft:allay
[18:57:44] [Render thread/INFO] (Minecraft) [STDOUT]: [AEC][PROBE] Morph clicked: minecraft:allay
[18:57:44] [Render thread/INFO] (Minecraft) [STDOUT]: [AEC][PROBE] Morph selected via setSelected: minecraft:allay
[18:57:44] [Render thread/INFO] (Minecraft) [STDOUT]: [AEC][PROBE] MorphList.mouseClicked: handled=true selected=minecraft:allay
[18:57:44] [Render thread/INFO] (Minecraft) [STDOUT]: [AEC][PROBE] CLICK screen: handled by super (children)
[18:57:44] [Render thread/INFO] (Minecraft) [STDOUT]: [AEC][PROBE] ---- frame 104 ----
[18:57:44] [Render thread/INFO] (Minecraft) [STDOUT]: [AEC][PROBE] GLFW LMB DOWN at x=153,0 y=53,0
[18:57:44] [Render thread/INFO] (Minecraft) [STDOUT]: [AEC][PROBE] Screen.render tab=MORPHS
[18:57:44] [Render thread/INFO] (Minecraft) [STDOUT]: [AEC][PROBE] Render: selectedType=minecraft:allay
[18:57:44] [Render thread/INFO] (Minecraft) [STDOUT]: [AEC][PROBE] PreviewRect: rect x=216 y=120 w=256 h=118
[18:57:44] [Render thread/INFO] (Minecraft) [STDOUT]: [SequencerPreview] Icon create: AREA_EFFECT_CLOUD
[18:57:44] [Render thread/INFO] (Minecraft) [STDOUT]: [SequencerPreview] drawEntityAny: start, type=minecraft:area_effect_cloud
[18:57:44] [Render thread/INFO] (Minecraft) [STDOUT]: [AEC][PROBE] ICON AEC: enter size=24
[18:57:44] [Render thread/INFO] (Minecraft) [STDOUT]: [AEC][PROBE] MAEC 2D: enter x=7 y=54 w=24 h=24
[18:57:44] [Render thread/INFO] (Minecraft) [STDOUT]: [AEC][PROBE] MAEC 2D: style: style name='Potion cloud' sprites=false baseDisk=true softPuffs=true grid=8 density=1,15 alpha=0,90 wobble=0,050 puffMul=1,00 tint=0xFF000000
[18:57:44] [Render thread/INFO] (Minecraft) [STDOUT]: [AEC][PROBE] MAEC frames: load
[18:57:44] [Render thread/INFO] (Minecraft) [STDOUT]: [SequencerPreview] drawEntityAny: start, type=minecraft:arrow
[18:57:44] [Render thread/INFO] (Minecraft) [STDOUT]: [SequencerPreview] drawEntityAny: det=-729.0
[18:57:44] [Render thread/INFO] (Minecraft) [STDOUT]: [SequencerPreview] drawEntityAny: start, type=minecraft:block_display
[18:57:44] [Render thread/INFO] (Minecraft) [STDOUT]: [SequencerPreview] drawEntityAny: det=-729.0
[18:57:44] [Render thread/INFO] (Minecraft) [STDOUT]: [SequencerPreview] drawEntityAny: start, type=minecraft:boat
[18:57:44] [Render thread/INFO] (Minecraft) [STDOUT]: [SequencerPreview] drawEntityAny: det=-729.0
[18:57:44] [Render thread/INFO] (Minecraft) [STDOUT]: [AEC][PROBE] getOrCreatePreviewAny: start
[18:57:44] [Render thread/INFO] (Minecraft) [STDOUT]: [AEC][PROBE] getOrCreatePreviewAny: world=true type=true
[18:57:44] [Render thread/INFO] (Minecraft) [STDOUT]: [SequencerPreview] getOrCreatePreviewAny: try type=minecraft:allay
[18:57:44] [Render thread/INFO] (Minecraft) [STDOUT]: [SequencerPreview] getOrCreatePreviewAny: reuse existing instance for minecraft:allay
[18:57:44] [Render thread/INFO] (Minecraft) [STDOUT]: [AEC][PROBE] PREVIEW draw begin: type=minecraft:allay rect=216,120 256x118
[18:57:44] [Render thread/INFO] (Minecraft) [STDOUT]: [AEC][PROBE] PREVIEW draw end
[18:57:44] [Render thread/INFO] (Minecraft) [STDOUT]: [AEC][PROBE] ---- frame 105 ----
[18:57:44] [Render thread/INFO] (Minecraft) [STDOUT]: [AEC][PROBE] Screen.render tab=MORPHS
[18:57:44] [Render thread/INFO] (Minecraft) [STDOUT]: [AEC][PROBE] Render: selectedType=minecraft:allay
[18:57:44] [Render thread/INFO] (Minecraft) [STDOUT]: [AEC][PROBE] PreviewRect: rect x=216 y=120 w=256 h=118
[18:57:44] [Render thread/INFO] (Minecraft) [STDOUT]: [SequencerPreview] Icon create: AREA_EFFECT_CLOUD
[18:57:44] [Render thread/INFO] (Minecraft) [STDOUT]: [SequencerPreview] drawEntityAny: start, type=minecraft:area_effect_cloud
[18:57:44] [Render thread/INFO] (Minecraft) [STDOUT]: [AEC][PROBE] ICON AEC: enter size=24
[18:57:44] [Render thread/INFO] (Minecraft) [STDOUT]: [AEC][PROBE] MAEC 2D: enter x=7 y=54 w=24 h=24
[18:57:44] [Render thread/INFO] (Minecraft) [STDOUT]: [AEC][PROBE] MAEC 2D: style: style name='Potion cloud' sprites=false baseDisk=true softPuffs=true grid=8 density=1,15 alpha=0,90 wobble=0,050 puffMul=1,00 tint=0xFF000000
[18:57:44] [Render thread/INFO] (Minecraft) [STDOUT]: [AEC][PROBE] MAEC frames: load
[18:57:44] [Render thread/INFO] (Minecraft) [STDOUT]: [SequencerPreview] drawEntityAny: start, type=minecraft:arrow
[18:57:44] [Render thread/INFO] (Minecraft) [STDOUT]: [SequencerPreview] drawEntityAny: det=-729.0
[18:57:44] [Render thread/INFO] (Minecraft) [STDOUT]: [SequencerPreview] drawEntityAny: start, type=minecraft:block_display
[18:57:44] [Render thread/INFO] (Minecraft) [STDOUT]: [SequencerPreview] drawEntityAny: det=-729.0
[18:57:44] [Render thread/INFO] (Minecraft) [STDOUT]: [SequencerPreview] drawEntityAny: start, type=minecraft:boat
[18:57:44] [Render thread/INFO] (Minecraft) [STDOUT]: [SequencerPreview] drawEntityAny: det=-729.0
[18:57:44] [Render thread/INFO] (Minecraft) [STDOUT]: [AEC][PROBE] getOrCreatePreviewAny: start
[18:57:44] [Render thread/INFO] (Minecraft) [STDOUT]: [AEC][PROBE] getOrCreatePreviewAny: world=true type=true
[18:57:44] [Render thread/INFO] (Minecraft) [STDOUT]: [SequencerPreview] getOrCreatePreviewAny: try type=minecraft:allay
[18:57:44] [Render thread/INFO] (Minecraft) [STDOUT]: [SequencerPreview] getOrCreatePreviewAny: reuse existing instance for minecraft:allay
[18:57:44] [Render thread/INFO] (Minecraft) [STDOUT]: [AEC][PROBE] PREVIEW draw begin: type=minecraft:allay rect=216,120 256x118
[18:57:44] [Render thread/INFO] (Minecraft) [STDOUT]: [AEC][PROBE] PREVIEW draw end
[18:57:44] [Render thread/INFO] (Minecraft) [STDOUT]: [AEC][PROBE] ---- frame 106 ----
[18:57:44] [Render thread/INFO] (Minecraft) [STDOUT]: [AEC][PROBE] Screen.render tab=MORPHS
[18:57:44] [Render thread/INFO] (Minecraft) [STDOUT]: [AEC][PROBE] Render: selectedType=minecraft:allay
[18:57:44] [Render thread/INFO] (Minecraft) [STDOUT]: [AEC][PROBE] PreviewRect: rect x=216 y=120 w=256 h=118
[18:57:44] [Render thread/INFO] (Minecraft) [STDOUT]: [SequencerPreview] Icon create: AREA_EFFECT_CLOUD
[18:57:44] [Render thread/INFO] (Minecraft) [STDOUT]: [SequencerPreview] drawEntityAny: start, type=minecraft:area_effect_cloud
[18:57:44] [Render thread/INFO] (Minecraft) [STDOUT]: [AEC][PROBE] ICON AEC: enter size=24
[18:57:44] [Render thread/INFO] (Minecraft) [STDOUT]: [AEC][PROBE] MAEC 2D: enter x=7 y=54 w=24 h=24
[18:57:44] [Render thread/INFO] (Minecraft) [STDOUT]: [AEC][PROBE] MAEC 2D: style: style name='Potion cloud' sprites=false baseDisk=true softPuffs=true grid=8 density=1,15 alpha=0,90 wobble=0,050 puffMul=1,00 tint=0xFF000000
[18:57:44] [Render thread/INFO] (Minecraft) [STDOUT]: [AEC][PROBE] MAEC frames: load
[18:57:44] [Render thread/INFO] (Minecraft) [STDOUT]: [SequencerPreview] drawEntityAny: start, type=minecraft:arrow
[18:57:44] [Render thread/INFO] (Minecraft) [STDOUT]: [SequencerPreview] drawEntityAny: det=-729.0
[18:57:44] [Render thread/INFO] (Minecraft) [STDOUT]: [SequencerPreview] drawEntityAny: start, type=minecraft:block_display
[18:57:44] [Render thread/INFO] (Minecraft) [STDOUT]: [SequencerPreview] drawEntityAny: det=-729.0
[18:57:44] [Render thread/INFO] (Minecraft) [STDOUT]: [SequencerPreview] drawEntityAny: start, type=minecraft:boat
[18:57:44] [Render thread/INFO] (Minecraft) [STDOUT]: [SequencerPreview] drawEntityAny: det=-729.0
[18:57:44] [Render thread/INFO] (Minecraft) [STDOUT]: [AEC][PROBE] getOrCreatePreviewAny: start
[18:57:44] [Render thread/INFO] (Minecraft) [STDOUT]: [AEC][PROBE] getOrCreatePreviewAny: world=true type=true
[18:57:44] [Render thread/INFO] (Minecraft) [STDOUT]: [SequencerPreview] getOrCreatePreviewAny: try type=minecraft:allay
[18:57:44] [Render thread/INFO] (Minecraft) [STDOUT]: [SequencerPreview] getOrCreatePreviewAny: reuse existing instance for minecraft:allay
[18:57:44] [Render thread/INFO] (Minecraft) [STDOUT]: [AEC][PROBE] PREVIEW draw begin: type=minecraft:allay rect=216,120 256x118
[18:57:44] [Render thread/INFO] (Minecraft) [STDOUT]: [AEC][PROBE] PREVIEW draw end
[18:57:44] [Render thread/INFO] (Minecraft) [STDOUT]: [AEC][PROBE] ---- frame 107 ----
[18:57:44] [Render thread/INFO] (Minecraft) [STDOUT]: [AEC][PROBE] Screen.render tab=MORPHS
[18:57:44] [Render thread/INFO] (Minecraft) [STDOUT]: [AEC][PROBE] Render: selectedType=minecraft:allay
[18:57:44] [Render thread/INFO] (Minecraft) [STDOUT]: [AEC][PROBE] PreviewRect: rect x=216 y=120 w=256 h=118
[18:57:44] [Render thread/INFO] (Minecraft) [STDOUT]: [SequencerPreview] Icon create: AREA_EFFECT_CLOUD
[18:57:44] [Render thread/INFO] (Minecraft) [STDOUT]: [SequencerPreview] drawEntityAny: start, type=minecraft:area_effect_cloud
[18:57:44] [Render thread/INFO] (Minecraft) [STDOUT]: [AEC][PROBE] ICON AEC: enter size=24
[18:57:44] [Render thread/INFO] (Minecraft) [STDOUT]: [AEC][PROBE] MAEC 2D: enter x=7 y=54 w=24 h=24
[18:57:44] [Render thread/INFO] (Minecraft) [STDOUT]: [AEC][PROBE] MAEC 2D: style: style name='Potion cloud' sprites=false baseDisk=true softPuffs=true grid=8 density=1,15 alpha=0,90 wobble=0,050 puffMul=1,00 tint=0xFF000000
[18:57:44] [Render thread/INFO] (Minecraft) [STDOUT]: [AEC][PROBE] MAEC frames: load
[18:57:44] [Render thread/INFO] (Minecraft) [STDOUT]: [SequencerPreview] drawEntityAny: start, type=minecraft:arrow
[18:57:44] [Render thread/INFO] (Minecraft) [STDOUT]: [SequencerPreview] drawEntityAny: det=-729.0
[18:57:44] [Render thread/INFO] (Minecraft) [STDOUT]: [SequencerPreview] drawEntityAny: start, type=minecraft:block_display
[18:57:44] [Render thread/INFO] (Minecraft) [STDOUT]: [SequencerPreview] drawEntityAny: det=-729.0
[18:57:44] [Render thread/INFO] (Minecraft) [STDOUT]: [SequencerPreview] drawEntityAny: start, type=minecraft:boat
[18:57:44] [Render thread/INFO] (Minecraft) [STDOUT]: [SequencerPreview] drawEntityAny: det=-729.0
[18:57:44] [Render thread/INFO] (Minecraft) [STDOUT]: [AEC][PROBE] getOrCreatePreviewAny: start
[18:57:44] [Render thread/INFO] (Minecraft) [STDOUT]: [AEC][PROBE] getOrCreatePreviewAny: world=true type=true
[18:57:44] [Render thread/INFO] (Minecraft) [STDOUT]: [SequencerPreview] getOrCreatePreviewAny: try type=minecraft:allay
[18:57:44] [Render thread/INFO] (Minecraft) [STDOUT]: [SequencerPreview] getOrCreatePreviewAny: reuse existing instance for minecraft:allay
[18:57:44] [Render thread/INFO] (Minecraft) [STDOUT]: [AEC][PROBE] PREVIEW draw begin: type=minecraft:allay rect=216,120 256x118
[18:57:44] [Render thread/INFO] (Minecraft) [STDOUT]: [AEC][PROBE] PREVIEW draw end
[18:57:44] [Render thread/INFO] (Minecraft) [STDOUT]: [AEC][PROBE] ---- frame 108 ----
[18:57:44] [Render thread/INFO] (Minecraft) [STDOUT]: [AEC][PROBE] Screen.render tab=MORPHS
[18:57:44] [Render thread/INFO] (Minecraft) [STDOUT]: [AEC][PROBE] Render: selectedType=minecraft:allay
[18:57:44] [Render thread/INFO] (Minecraft) [STDOUT]: [AEC][PROBE] PreviewRect: rect x=216 y=120 w=256 h=118
[18:57:44] [Render thread/INFO] (Minecraft) [STDOUT]: [SequencerPreview] Icon create: AREA_EFFECT_CLOUD
[18:57:44] [Render thread/INFO] (Minecraft) [STDOUT]: [SequencerPreview] drawEntityAny: start, type=minecraft:area_effect_cloud
[18:57:44] [Render thread/INFO] (Minecraft) [STDOUT]: [AEC][PROBE] ICON AEC: enter size=24
[18:57:44] [Render thread/INFO] (Minecraft) [STDOUT]: [AEC][PROBE] MAEC 2D: enter x=7 y=54 w=24 h=24
[18:57:44] [Render thread/INFO] (Minecraft) [STDOUT]: [AEC][PROBE] MAEC 2D: style: style name='Potion cloud' sprites=false baseDisk=true softPuffs=true grid=8 density=1,15 alpha=0,90 wobble=0,050 puffMul=1,00 tint=0xFF000000
[18:57:44] [Render thread/INFO] (Minecraft) [STDOUT]: [AEC][PROBE] MAEC frames: load
[18:57:44] [Render thread/INFO] (Minecraft) [STDOUT]: [SequencerPreview] drawEntityAny: start, type=minecraft:arrow
[18:57:44] [Render thread/INFO] (Minecraft) [STDOUT]: [SequencerPreview] drawEntityAny: det=-729.0
[18:57:44] [Render thread/INFO] (Minecraft) [STDOUT]: [SequencerPreview] drawEntityAny: start, type=minecraft:block_display
[18:57:44] [Render thread/INFO] (Minecraft) [STDOUT]: [SequencerPreview] drawEntityAny: det=-729.0
[18:57:44] [Render thread/INFO] (Minecraft) [STDOUT]: [SequencerPreview] drawEntityAny: start, type=minecraft:boat
[18:57:44] [Render thread/INFO] (Minecraft) [STDOUT]: [SequencerPreview] drawEntityAny: det=-729.0
[18:57:44] [Render thread/INFO] (Minecraft) [STDOUT]: [AEC][PROBE] getOrCreatePreviewAny: start
[18:57:44] [Render thread/INFO] (Minecraft) [STDOUT]: [AEC][PROBE] getOrCreatePreviewAny: world=true type=true
[18:57:44] [Render thread/INFO] (Minecraft) [STDOUT]: [SequencerPreview] getOrCreatePreviewAny: try type=minecraft:allay
[18:57:44] [Render thread/INFO] (Minecraft) [STDOUT]: [SequencerPreview] getOrCreatePreviewAny: reuse existing instance for minecraft:allay
[18:57:44] [Render thread/INFO] (Minecraft) [STDOUT]: [AEC][PROBE] PREVIEW draw begin: type=minecraft:allay rect=216,120 256x118
[18:57:44] [Render thread/INFO] (Minecraft) [STDOUT]: [AEC][PROBE] PREVIEW draw end
[18:57:44] [Render thread/INFO] (Minecraft) [STDOUT]: [AEC][PROBE] ---- frame 109 ----
[18:57:44] [Render thread/INFO] (Minecraft) [STDOUT]: [AEC][PROBE] GLFW LMB UP   at x=153,0 y=53,0
[18:57:44] [Render thread/INFO] (Minecraft) [STDOUT]: [AEC][PROBE] Screen.render tab=MORPHS
[18:57:44] [Render thread/INFO] (Minecraft) [STDOUT]: [AEC][PROBE] Render: selectedType=minecraft:allay
[18:57:44] [Render thread/INFO] (Minecraft) [STDOUT]: [AEC][PROBE] PreviewRect: rect x=216 y=120 w=256 h=118
[18:57:44] [Render thread/INFO] (Minecraft) [STDOUT]: [SequencerPreview] Icon create: AREA_EFFECT_CLOUD
[18:57:44] [Render thread/INFO] (Minecraft) [STDOUT]: [SequencerPreview] drawEntityAny: start, type=minecraft:area_effect_cloud
[18:57:44] [Render thread/INFO] (Minecraft) [STDOUT]: [AEC][PROBE] ICON AEC: enter size=24
[18:57:44] [Render thread/INFO] (Minecraft) [STDOUT]: [AEC][PROBE] MAEC 2D: enter x=7 y=54 w=24 h=24
[18:57:44] [Render thread/INFO] (Minecraft) [STDOUT]: [AEC][PROBE] MAEC 2D: style: style name='Potion cloud' sprites=false baseDisk=true softPuffs=true grid=8 density=1,15 alpha=0,90 wobble=0,050 puffMul=1,00 tint=0xFF000000
[18:57:44] [Render thread/INFO] (Minecraft) [STDOUT]: [AEC][PROBE] MAEC frames: load
[18:57:44] [Render thread/INFO] (Minecraft) [STDOUT]: [SequencerPreview] drawEntityAny: start, type=minecraft:arrow
[18:57:44] [Render thread/INFO] (Minecraft) [STDOUT]: [SequencerPreview] drawEntityAny: det=-729.0
[18:57:44] [Render thread/INFO] (Minecraft) [STDOUT]: [SequencerPreview] drawEntityAny: start, type=minecraft:block_display
[18:57:44] [Render thread/INFO] (Minecraft) [STDOUT]: [SequencerPreview] drawEntityAny: det=-729.0
[18:57:44] [Render thread/INFO] (Minecraft) [STDOUT]: [SequencerPreview] drawEntityAny: start, type=minecraft:boat
[18:57:44] [Render thread/INFO] (Minecraft) [STDOUT]: [SequencerPreview] drawEntityAny: det=-729.0
[18:57:44] [Render thread/INFO] (Minecraft) [STDOUT]: [AEC][PROBE] getOrCreatePreviewAny: start
[18:57:44] [Render thread/INFO] (Minecraft) [STDOUT]: [AEC][PROBE] getOrCreatePreviewAny: world=true type=true
[18:57:44] [Render thread/INFO] (Minecraft) [STDOUT]: [SequencerPreview] getOrCreatePreviewAny: try type=minecraft:allay
[18:57:44] [Render thread/INFO] (Minecraft) [STDOUT]: [SequencerPreview] getOrCreatePreviewAny: reuse existing instance for minecraft:allay
[18:57:44] [Render thread/INFO] (Minecraft) [STDOUT]: [AEC][PROBE] PREVIEW draw begin: type=minecraft:allay rect=216,120 256x118
[18:57:44] [Render thread/INFO] (Minecraft) [STDOUT]: [AEC][PROBE] PREVIEW draw end
[18:57:44] [Render thread/INFO] (Minecraft) [STDOUT]: [AEC][PROBE] ---- frame 110 ----
[18:57:44] [Render thread/INFO] (Minecraft) [STDOUT]: [AEC][PROBE] Screen.render tab=MORPHS
[18:57:44] [Render thread/INFO] (Minecraft) [STDOUT]: [AEC][PROBE] Render: selectedType=minecraft:allay
[18:57:44] [Render thread/INFO] (Minecraft) [STDOUT]: [AEC][PROBE] PreviewRect: rect x=216 y=120 w=256 h=118
[18:57:44] [Render thread/INFO] (Minecraft) [STDOUT]: [SequencerPreview] Icon create: AREA_EFFECT_CLOUD
[18:57:44] [Render thread/INFO] (Minecraft) [STDOUT]: [SequencerPreview] drawEntityAny: start, type=minecraft:area_effect_cloud
[18:57:44] [Render thread/INFO] (Minecraft) [STDOUT]: [AEC][PROBE] ICON AEC: enter size=24
[18:57:44] [Render thread/INFO] (Minecraft) [STDOUT]: [AEC][PROBE] MAEC 2D: enter x=7 y=54 w=24 h=24
[18:57:44] [Render thread/INFO] (Minecraft) [STDOUT]: [AEC][PROBE] MAEC 2D: style: style name='Potion cloud' sprites=false baseDisk=true softPuffs=true grid=8 density=1,15 alpha=0,90 wobble=0,050 puffMul=1,00 tint=0xFF000000
[18:57:44] [Render thread/INFO] (Minecraft) [STDOUT]: [AEC][PROBE] MAEC frames: load
[18:57:44] [Render thread/INFO] (Minecraft) [STDOUT]: [SequencerPreview] drawEntityAny: start, type=minecraft:arrow
[18:57:44] [Render thread/INFO] (Minecraft) [STDOUT]: [SequencerPreview] drawEntityAny: det=-729.0
[18:57:44] [Render thread/INFO] (Minecraft) [STDOUT]: [SequencerPreview] drawEntityAny: start, type=minecraft:block_display
[18:57:44] [Render thread/INFO] (Minecraft) [STDOUT]: [SequencerPreview] drawEntityAny: det=-729.0
[18:57:44] [Render thread/INFO] (Minecraft) [STDOUT]: [SequencerPreview] drawEntityAny: start, type=minecraft:boat
[18:57:44] [Render thread/INFO] (Minecraft) [STDOUT]: [SequencerPreview] drawEntityAny: det=-729.0
[18:57:44] [Render thread/INFO] (Minecraft) [STDOUT]: [AEC][PROBE] getOrCreatePreviewAny: start
[18:57:44] [Render thread/INFO] (Minecraft) [STDOUT]: [AEC][PROBE] getOrCreatePreviewAny: world=true type=true
[18:57:44] [Render thread/INFO] (Minecraft) [STDOUT]: [SequencerPreview] getOrCreatePreviewAny: try type=minecraft:allay
[18:57:44] [Render thread/INFO] (Minecraft) [STDOUT]: [SequencerPreview] getOrCreatePreviewAny: reuse existing instance for minecraft:allay
[18:57:44] [Render thread/INFO] (Minecraft) [STDOUT]: [AEC][PROBE] PREVIEW draw begin: type=minecraft:allay rect=216,120 256x118
[18:57:44] [Render thread/INFO] (Minecraft) [STDOUT]: [AEC][PROBE] PREVIEW draw end
[18:57:44] [Render thread/INFO] (Minecraft) [STDOUT]: [AEC][PROBE] ---- frame 111 ----
[18:57:44] [Render thread/INFO] (Minecraft) [STDOUT]: [AEC][PROBE] Screen.render tab=MORPHS
[18:57:44] [Render thread/INFO] (Minecraft) [STDOUT]: [AEC][PROBE] Render: selectedType=minecraft:allay
[18:57:44] [Render thread/INFO] (Minecraft) [STDOUT]: [AEC][PROBE] PreviewRect: rect x=216 y=120 w=256 h=118
[18:57:44] [Render thread/INFO] (Minecraft) [STDOUT]: [SequencerPreview] Icon create: AREA_EFFECT_CLOUD
[18:57:44] [Render thread/INFO] (Minecraft) [STDOUT]: [SequencerPreview] drawEntityAny: start, type=minecraft:area_effect_cloud
[18:57:44] [Render thread/INFO] (Minecraft) [STDOUT]: [AEC][PROBE] ICON AEC: enter size=24
[18:57:44] [Render thread/INFO] (Minecraft) [STDOUT]: [AEC][PROBE] MAEC 2D: enter x=7 y=54 w=24 h=24
[18:57:44] [Render thread/INFO] (Minecraft) [STDOUT]: [AEC][PROBE] MAEC 2D: style: style name='Potion cloud' sprites=false baseDisk=true softPuffs=true grid=8 density=1,15 alpha=0,90 wobble=0,050 puffMul=1,00 tint=0xFF000000
[18:57:44] [Render thread/INFO] (Minecraft) [STDOUT]: [AEC][PROBE] MAEC frames: load
[18:57:44] [Render thread/INFO] (Minecraft) [STDOUT]: [SequencerPreview] drawEntityAny: start, type=minecraft:arrow
[18:57:44] [Render thread/INFO] (Minecraft) [STDOUT]: [SequencerPreview] drawEntityAny: det=-729.0
[18:57:44] [Render thread/INFO] (Minecraft) [STDOUT]: [SequencerPreview] drawEntityAny: start, type=minecraft:block_display
[18:57:44] [Render thread/INFO] (Minecraft) [STDOUT]: [SequencerPreview] drawEntityAny: det=-729.0
[18:57:44] [Render thread/INFO] (Minecraft) [STDOUT]: [SequencerPreview] drawEntityAny: start, type=minecraft:boat
[18:57:44] [Render thread/INFO] (Minecraft) [STDOUT]: [SequencerPreview] drawEntityAny: det=-729.0
[18:57:44] [Render thread/INFO] (Minecraft) [STDOUT]: [AEC][PROBE] getOrCreatePreviewAny: start
[18:57:44] [Render thread/INFO] (Minecraft) [STDOUT]: [AEC][PROBE] getOrCreatePreviewAny: world=true type=true
[18:57:44] [Render thread/INFO] (Minecraft) [STDOUT]: [SequencerPreview] getOrCreatePreviewAny: try type=minecraft:allay
[18:57:44] [Render thread/INFO] (Minecraft) [STDOUT]: [SequencerPreview] getOrCreatePreviewAny: reuse existing instance for minecraft:allay
[18:57:44] [Render thread/INFO] (Minecraft) [STDOUT]: [AEC][PROBE] PREVIEW draw begin: type=minecraft:allay rect=216,120 256x118
[18:57:44] [Render thread/INFO] (Minecraft) [STDOUT]: [AEC][PROBE] PREVIEW draw end
[18:57:44] [Render thread/INFO] (Minecraft) [STDOUT]: [AEC][PROBE] ---- frame 112 ----
[18:57:44] [Render thread/INFO] (Minecraft) [STDOUT]: [AEC][PROBE] Screen.render tab=MORPHS
[18:57:44] [Render thread/INFO] (Minecraft) [STDOUT]: [AEC][PROBE] Render: selectedType=minecraft:allay
[18:57:44] [Render thread/INFO] (Minecraft) [STDOUT]: [AEC][PROBE] PreviewRect: rect x=216 y=120 w=256 h=118
[18:57:44] [Render thread/INFO] (Minecraft) [STDOUT]: [SequencerPreview] Icon create: AREA_EFFECT_CLOUD
[18:57:44] [Render thread/INFO] (Minecraft) [STDOUT]: [SequencerPreview] drawEntityAny: start, type=minecraft:area_effect_cloud
[18:57:44] [Render thread/INFO] (Minecraft) [STDOUT]: [AEC][PROBE] ICON AEC: enter size=24
[18:57:44] [Render thread/INFO] (Minecraft) [STDOUT]: [AEC][PROBE] MAEC 2D: enter x=7 y=54 w=24 h=24
[18:57:44] [Render thread/INFO] (Minecraft) [STDOUT]: [AEC][PROBE] MAEC 2D: style: style name='Potion cloud' sprites=false baseDisk=true softPuffs=true grid=8 density=1,15 alpha=0,90 wobble=0,050 puffMul=1,00 tint=0xFF000000
[18:57:44] [Render thread/INFO] (Minecraft) [STDOUT]: [AEC][PROBE] MAEC frames: load
[18:57:44] [Render thread/INFO] (Minecraft) [STDOUT]: [SequencerPreview] drawEntityAny: start, type=minecraft:arrow
[18:57:44] [Render thread/INFO] (Minecraft) [STDOUT]: [SequencerPreview] drawEntityAny: det=-729.0
[18:57:44] [Render thread/INFO] (Minecraft) [STDOUT]: [SequencerPreview] drawEntityAny: start, type=minecraft:block_display
[18:57:44] [Render thread/INFO] (Minecraft) [STDOUT]: [SequencerPreview] drawEntityAny: det=-729.0
[18:57:44] [Render thread/INFO] (Minecraft) [STDOUT]: [SequencerPreview] drawEntityAny: start, type=minecraft:boat
[18:57:44] [Render thread/INFO] (Minecraft) [STDOUT]: [SequencerPreview] drawEntityAny: det=-729.0
[18:57:44] [Render thread/INFO] (Minecraft) [STDOUT]: [AEC][PROBE] getOrCreatePreviewAny: start
[18:57:44] [Render thread/INFO] (Minecraft) [STDOUT]: [AEC][PROBE] getOrCreatePreviewAny: world=true type=true
[18:57:44] [Render thread/INFO] (Minecraft) [STDOUT]: [SequencerPreview] getOrCreatePreviewAny: try type=minecraft:allay
[18:57:44] [Render thread/INFO] (Minecraft) [STDOUT]: [SequencerPreview] getOrCreatePreviewAny: reuse existing instance for minecraft:allay
[18:57:44] [Render thread/INFO] (Minecraft) [STDOUT]: [AEC][PROBE] PREVIEW draw begin: type=minecraft:allay rect=216,120 256x118
[18:57:44] [Render thread/INFO] (Minecraft) [STDOUT]: [AEC][PROBE] PREVIEW draw end
[18:57:44] [Render thread/INFO] (Minecraft) [STDOUT]: [AEC][PROBE] ---- frame 113 ----
[18:57:44] [Render thread/INFO] (Minecraft) [STDOUT]: [AEC][PROBE] Screen.render tab=MORPHS
[18:57:44] [Render thread/INFO] (Minecraft) [STDOUT]: [AEC][PROBE] Render: selectedType=minecraft:allay
[18:57:44] [Render thread/INFO] (Minecraft) [STDOUT]: [AEC][PROBE] PreviewRect: rect x=216 y=120 w=256 h=118
[18:57:44] [Render thread/INFO] (Minecraft) [STDOUT]: [SequencerPreview] Icon create: AREA_EFFECT_CLOUD
[18:57:44] [Render thread/INFO] (Minecraft) [STDOUT]: [SequencerPreview] drawEntityAny: start, type=minecraft:area_effect_cloud
[18:57:44] [Render thread/INFO] (Minecraft) [STDOUT]: [AEC][PROBE] ICON AEC: enter size=24
[18:57:44] [Render thread/INFO] (Minecraft) [STDOUT]: [AEC][PROBE] MAEC 2D: enter x=7 y=54 w=24 h=24
[18:57:44] [Render thread/INFO] (Minecraft) [STDOUT]: [AEC][PROBE] MAEC 2D: style: style name='Potion cloud' sprites=false baseDisk=true softPuffs=true grid=8 density=1,15 alpha=0,90 wobble=0,050 puffMul=1,00 tint=0xFF000000
[18:57:44] [Render thread/INFO] (Minecraft) [STDOUT]: [AEC][PROBE] MAEC frames: load
[18:57:44] [Render thread/INFO] (Minecraft) [STDOUT]: [SequencerPreview] drawEntityAny: start, type=minecraft:arrow
[18:57:44] [Render thread/INFO] (Minecraft) [STDOUT]: [SequencerPreview] drawEntityAny: det=-729.0
[18:57:44] [Render thread/INFO] (Minecraft) [STDOUT]: [SequencerPreview] drawEntityAny: start, type=minecraft:block_display
[18:57:44] [Render thread/INFO] (Minecraft) [STDOUT]: [SequencerPreview] drawEntityAny: det=-729.0
[18:57:44] [Render thread/INFO] (Minecraft) [STDOUT]: [SequencerPreview] drawEntityAny: start, type=minecraft:boat
[18:57:44] [Render thread/INFO] (Minecraft) [STDOUT]: [SequencerPreview] drawEntityAny: det=-729.0
[18:57:44] [Render thread/INFO] (Minecraft) [STDOUT]: [AEC][PROBE] getOrCreatePreviewAny: start
[18:57:44] [Render thread/INFO] (Minecraft) [STDOUT]: [AEC][PROBE] getOrCreatePreviewAny: world=true type=true
[18:57:44] [Render thread/INFO] (Minecraft) [STDOUT]: [SequencerPreview] getOrCreatePreviewAny: try type=minecraft:allay
[18:57:44] [Render thread/INFO] (Minecraft) [STDOUT]: [SequencerPreview] getOrCreatePreviewAny: reuse existing instance for minecraft:allay
[18:57:44] [Render thread/INFO] (Minecraft) [STDOUT]: [AEC][PROBE] PREVIEW draw begin: type=minecraft:allay rect=216,120 256x118
[18:57:44] [Render thread/INFO] (Minecraft) [STDOUT]: [AEC][PROBE] PREVIEW draw end
[18:57:44] [Render thread/INFO] (Minecraft) [STDOUT]: [AEC][PROBE] ---- frame 114 ----
[18:57:44] [Render thread/INFO] (Minecraft) [STDOUT]: [AEC][PROBE] Screen.render tab=MORPHS
[18:57:44] [Render thread/INFO] (Minecraft) [STDOUT]: [AEC][PROBE] Render: selectedType=minecraft:allay
[18:57:44] [Render thread/INFO] (Minecraft) [STDOUT]: [AEC][PROBE] PreviewRect: rect x=216 y=120 w=256 h=118
[18:57:44] [Render thread/INFO] (Minecraft) [STDOUT]: [SequencerPreview] Icon create: AREA_EFFECT_CLOUD
[18:57:44] [Render thread/INFO] (Minecraft) [STDOUT]: [SequencerPreview] drawEntityAny: start, type=minecraft:area_effect_cloud
[18:57:44] [Render thread/INFO] (Minecraft) [STDOUT]: [AEC][PROBE] ICON AEC: enter size=24
[18:57:44] [Render thread/INFO] (Minecraft) [STDOUT]: [AEC][PROBE] MAEC 2D: enter x=7 y=54 w=24 h=24
[18:57:44] [Render thread/INFO] (Minecraft) [STDOUT]: [AEC][PROBE] MAEC 2D: style: style name='Potion cloud' sprites=false baseDisk=true softPuffs=true grid=8 density=1,15 alpha=0,90 wobble=0,050 puffMul=1,00 tint=0xFF000000
[18:57:44] [Render thread/INFO] (Minecraft) [STDOUT]: [AEC][PROBE] MAEC frames: load
[18:57:44] [Render thread/INFO] (Minecraft) [STDOUT]: [SequencerPreview] drawEntityAny: start, type=minecraft:arrow
[18:57:44] [Render thread/INFO] (Minecraft) [STDOUT]: [SequencerPreview] drawEntityAny: det=-729.0
[18:57:44] [Render thread/INFO] (Minecraft) [STDOUT]: [SequencerPreview] drawEntityAny: start, type=minecraft:block_display
[18:57:44] [Render thread/INFO] (Minecraft) [STDOUT]: [SequencerPreview] drawEntityAny: det=-729.0
[18:57:44] [Render thread/INFO] (Minecraft) [STDOUT]: [SequencerPreview] drawEntityAny: start, type=minecraft:boat
[18:57:44] [Render thread/INFO] (Minecraft) [STDOUT]: [SequencerPreview] drawEntityAny: det=-729.0
[18:57:44] [Render thread/INFO] (Minecraft) [STDOUT]: [AEC][PROBE] getOrCreatePreviewAny: start
[18:57:44] [Render thread/INFO] (Minecraft) [STDOUT]: [AEC][PROBE] getOrCreatePreviewAny: world=true type=true
[18:57:44] [Render thread/INFO] (Minecraft) [STDOUT]: [SequencerPreview] getOrCreatePreviewAny: try type=minecraft:allay
[18:57:44] [Render thread/INFO] (Minecraft) [STDOUT]: [SequencerPreview] getOrCreatePreviewAny: reuse existing instance for minecraft:allay
[18:57:44] [Render thread/INFO] (Minecraft) [STDOUT]: [AEC][PROBE] PREVIEW draw begin: type=minecraft:allay rect=216,120 256x118
[18:57:44] [Render thread/INFO] (Minecraft) [STDOUT]: [AEC][PROBE] PREVIEW draw end
[18:57:44] [Render thread/INFO] (Minecraft) [STDOUT]: [AEC][PROBE] ---- frame 115 ----
[18:57:44] [Render thread/INFO] (Minecraft) [STDOUT]: [AEC][PROBE] Screen.render tab=MORPHS
[18:57:44] [Render thread/INFO] (Minecraft) [STDOUT]: [AEC][PROBE] Render: selectedType=minecraft:allay
[18:57:44] [Render thread/INFO] (Minecraft) [STDOUT]: [AEC][PROBE] PreviewRect: rect x=216 y=120 w=256 h=118
[18:57:44] [Render thread/INFO] (Minecraft) [STDOUT]: [SequencerPreview] Icon create: AREA_EFFECT_CLOUD
[18:57:44] [Render thread/INFO] (Minecraft) [STDOUT]: [SequencerPreview] drawEntityAny: start, type=minecraft:area_effect_cloud
[18:57:44] [Render thread/INFO] (Minecraft) [STDOUT]: [AEC][PROBE] ICON AEC: enter size=24
[18:57:44] [Render thread/INFO] (Minecraft) [STDOUT]: [AEC][PROBE] MAEC 2D: enter x=7 y=54 w=24 h=24
[18:57:44] [Render thread/INFO] (Minecraft) [STDOUT]: [AEC][PROBE] MAEC 2D: style: style name='Potion cloud' sprites=false baseDisk=true softPuffs=true grid=8 density=1,15 alpha=0,90 wobble=0,050 puffMul=1,00 tint=0xFF000000
[18:57:44] [Render thread/INFO] (Minecraft) [STDOUT]: [AEC][PROBE] MAEC frames: load
[18:57:44] [Render thread/INFO] (Minecraft) [STDOUT]: [SequencerPreview] drawEntityAny: start, type=minecraft:arrow
[18:57:44] [Render thread/INFO] (Minecraft) [STDOUT]: [SequencerPreview] drawEntityAny: det=-729.0
[18:57:44] [Render thread/INFO] (Minecraft) [STDOUT]: [SequencerPreview] drawEntityAny: start, type=minecraft:block_display
[18:57:44] [Render thread/INFO] (Minecraft) [STDOUT]: [SequencerPreview] drawEntityAny: det=-729.0
[18:57:44] [Render thread/INFO] (Minecraft) [STDOUT]: [SequencerPreview] drawEntityAny: start, type=minecraft:boat
[18:57:44] [Render thread/INFO] (Minecraft) [STDOUT]: [SequencerPreview] drawEntityAny: det=-729.0
[18:57:44] [Render thread/INFO] (Minecraft) [STDOUT]: [AEC][PROBE] getOrCreatePreviewAny: start
[18:57:44] [Render thread/INFO] (Minecraft) [STDOUT]: [AEC][PROBE] getOrCreatePreviewAny: world=true type=true
[18:57:44] [Render thread/INFO] (Minecraft) [STDOUT]: [SequencerPreview] getOrCreatePreviewAny: try type=minecraft:allay
[18:57:44] [Render thread/INFO] (Minecraft) [STDOUT]: [SequencerPreview] getOrCreatePreviewAny: reuse existing instance for minecraft:allay
[18:57:44] [Render thread/INFO] (Minecraft) [STDOUT]: [AEC][PROBE] PREVIEW draw begin: type=minecraft:allay rect=216,120 256x118
[18:57:44] [Render thread/INFO] (Minecraft) [STDOUT]: [AEC][PROBE] PREVIEW draw end
[18:57:44] [Render thread/INFO] (Minecraft) [STDOUT]: [AEC][PROBE] ---- frame 116 ----
[18:57:44] [Render thread/INFO] (Minecraft) [STDOUT]: [AEC][PROBE] Screen.render tab=MORPHS
[18:57:44] [Render thread/INFO] (Minecraft) [STDOUT]: [AEC][PROBE] Render: selectedType=minecraft:allay
[18:57:44] [Render thread/INFO] (Minecraft) [STDOUT]: [AEC][PROBE] PreviewRect: rect x=216 y=120 w=256 h=118
[18:57:44] [Render thread/INFO] (Minecraft) [STDOUT]: [SequencerPreview] Icon create: AREA_EFFECT_CLOUD
[18:57:44] [Render thread/INFO] (Minecraft) [STDOUT]: [SequencerPreview] drawEntityAny: start, type=minecraft:area_effect_cloud
[18:57:44] [Render thread/INFO] (Minecraft) [STDOUT]: [AEC][PROBE] ICON AEC: enter size=24
[18:57:44] [Render thread/INFO] (Minecraft) [STDOUT]: [AEC][PROBE] MAEC 2D: enter x=7 y=54 w=24 h=24
[18:57:44] [Render thread/INFO] (Minecraft) [STDOUT]: [AEC][PROBE] MAEC 2D: style: style name='Potion cloud' sprites=false baseDisk=true softPuffs=true grid=8 density=1,15 alpha=0,90 wobble=0,050 puffMul=1,00 tint=0xFF000000
[18:57:44] [Render thread/INFO] (Minecraft) [STDOUT]: [AEC][PROBE] MAEC frames: load
[18:57:44] [Render thread/INFO] (Minecraft) [STDOUT]: [SequencerPreview] drawEntityAny: start, type=minecraft:arrow
[18:57:44] [Render thread/INFO] (Minecraft) [STDOUT]: [SequencerPreview] drawEntityAny: det=-729.0
[18:57:44] [Render thread/INFO] (Minecraft) [STDOUT]: [SequencerPreview] drawEntityAny: start, type=minecraft:block_display
[18:57:44] [Render thread/INFO] (Minecraft) [STDOUT]: [SequencerPreview] drawEntityAny: det=-729.0
[18:57:44] [Render thread/INFO] (Minecraft) [STDOUT]: [SequencerPreview] drawEntityAny: start, type=minecraft:boat
[18:57:44] [Render thread/INFO] (Minecraft) [STDOUT]: [SequencerPreview] drawEntityAny: det=-729.0
[18:57:44] [Render thread/INFO] (Minecraft) [STDOUT]: [AEC][PROBE] getOrCreatePreviewAny: start
[18:57:44] [Render thread/INFO] (Minecraft) [STDOUT]: [AEC][PROBE] getOrCreatePreviewAny: world=true type=true
[18:57:44] [Render thread/INFO] (Minecraft) [STDOUT]: [SequencerPreview] getOrCreatePreviewAny: try type=minecraft:allay
[18:57:44] [Render thread/INFO] (Minecraft) [STDOUT]: [SequencerPreview] getOrCreatePreviewAny: reuse existing instance for minecraft:allay
[18:57:44] [Render thread/INFO] (Minecraft) [STDOUT]: [AEC][PROBE] PREVIEW draw begin: type=minecraft:allay rect=216,120 256x118
[18:57:44] [Render thread/INFO] (Minecraft) [STDOUT]: [AEC][PROBE] PREVIEW draw end
[18:57:44] [Render thread/INFO] (Minecraft) [STDOUT]: [AEC][PROBE] ---- frame 117 ----
[18:57:44] [Render thread/INFO] (Minecraft) [STDOUT]: [AEC][PROBE] Screen.render tab=MORPHS
[18:57:44] [Render thread/INFO] (Minecraft) [STDOUT]: [AEC][PROBE] Render: selectedType=minecraft:allay
[18:57:44] [Render thread/INFO] (Minecraft) [STDOUT]: [AEC][PROBE] PreviewRect: rect x=216 y=120 w=256 h=118
[18:57:44] [Render thread/INFO] (Minecraft) [STDOUT]: [SequencerPreview] Icon create: AREA_EFFECT_CLOUD
[18:57:44] [Render thread/INFO] (Minecraft) [STDOUT]: [SequencerPreview] drawEntityAny: start, type=minecraft:area_effect_cloud
[18:57:44] [Render thread/INFO] (Minecraft) [STDOUT]: [AEC][PROBE] ICON AEC: enter size=24
[18:57:44] [Render thread/INFO] (Minecraft) [STDOUT]: [AEC][PROBE] MAEC 2D: enter x=7 y=54 w=24 h=24
[18:57:44] [Render thread/INFO] (Minecraft) [STDOUT]: [AEC][PROBE] MAEC 2D: style: style name='Potion cloud' sprites=false baseDisk=true softPuffs=true grid=8 density=1,15 alpha=0,90 wobble=0,050 puffMul=1,00 tint=0xFF000000
[18:57:44] [Render thread/INFO] (Minecraft) [STDOUT]: [AEC][PROBE] MAEC frames: load
[18:57:44] [Render thread/INFO] (Minecraft) [STDOUT]: [SequencerPreview] drawEntityAny: start, type=minecraft:arrow
[18:57:44] [Render thread/INFO] (Minecraft) [STDOUT]: [SequencerPreview] drawEntityAny: det=-729.0
[18:57:44] [Render thread/INFO] (Minecraft) [STDOUT]: [SequencerPreview] drawEntityAny: start, type=minecraft:block_display
[18:57:44] [Render thread/INFO] (Minecraft) [STDOUT]: [SequencerPreview] drawEntityAny: det=-729.0
[18:57:44] [Render thread/INFO] (Minecraft) [STDOUT]: [SequencerPreview] drawEntityAny: start, type=minecraft:boat
[18:57:44] [Render thread/INFO] (Minecraft) [STDOUT]: [SequencerPreview] drawEntityAny: det=-729.0
[18:57:44] [Render thread/INFO] (Minecraft) [STDOUT]: [AEC][PROBE] getOrCreatePreviewAny: start
[18:57:44] [Render thread/INFO] (Minecraft) [STDOUT]: [AEC][PROBE] getOrCreatePreviewAny: world=true type=true
[18:57:44] [Render thread/INFO] (Minecraft) [STDOUT]: [SequencerPreview] getOrCreatePreviewAny: try type=minecraft:allay
[18:57:44] [Render thread/INFO] (Minecraft) [STDOUT]: [SequencerPreview] getOrCreatePreviewAny: reuse existing instance for minecraft:allay
[18:57:44] [Render thread/INFO] (Minecraft) [STDOUT]: [AEC][PROBE] PREVIEW draw begin: type=minecraft:allay rect=216,120 256x118
[18:57:44] [Render thread/INFO] (Minecraft) [STDOUT]: [AEC][PROBE] PREVIEW draw end
[18:57:44] [Render thread/INFO] (Minecraft) [STDOUT]: [AEC][PROBE] ---- frame 118 ----
[18:57:44] [Render thread/INFO] (Minecraft) [STDOUT]: [AEC][PROBE] Screen.render tab=MORPHS
[18:57:44] [Render thread/INFO] (Minecraft) [STDOUT]: [AEC][PROBE] Render: selectedType=minecraft:allay
[18:57:44] [Render thread/INFO] (Minecraft) [STDOUT]: [AEC][PROBE] PreviewRect: rect x=216 y=120 w=256 h=118
[18:57:44] [Render thread/INFO] (Minecraft) [STDOUT]: [SequencerPreview] Icon create: AREA_EFFECT_CLOUD
[18:57:44] [Render thread/INFO] (Minecraft) [STDOUT]: [SequencerPreview] drawEntityAny: start, type=minecraft:area_effect_cloud
[18:57:44] [Render thread/INFO] (Minecraft) [STDOUT]: [AEC][PROBE] ICON AEC: enter size=24
[18:57:44] [Render thread/INFO] (Minecraft) [STDOUT]: [AEC][PROBE] MAEC 2D: enter x=7 y=54 w=24 h=24
[18:57:44] [Render thread/INFO] (Minecraft) [STDOUT]: [AEC][PROBE] MAEC 2D: style: style name='Potion cloud' sprites=false baseDisk=true softPuffs=true grid=8 density=1,15 alpha=0,90 wobble=0,050 puffMul=1,00 tint=0xFF000000
[18:57:44] [Render thread/INFO] (Minecraft) [STDOUT]: [AEC][PROBE] MAEC frames: load
[18:57:44] [Render thread/INFO] (Minecraft) [STDOUT]: [SequencerPreview] drawEntityAny: start, type=minecraft:arrow
[18:57:44] [Render thread/INFO] (Minecraft) [STDOUT]: [SequencerPreview] drawEntityAny: det=-729.0
[18:57:44] [Render thread/INFO] (Minecraft) [STDOUT]: [SequencerPreview] drawEntityAny: start, type=minecraft:block_display
[18:57:44] [Render thread/INFO] (Minecraft) [STDOUT]: [SequencerPreview] drawEntityAny: det=-729.0
[18:57:44] [Render thread/INFO] (Minecraft) [STDOUT]: [SequencerPreview] drawEntityAny: start, type=minecraft:boat
[18:57:44] [Render thread/INFO] (Minecraft) [STDOUT]: [SequencerPreview] drawEntityAny: det=-729.0
[18:57:44] [Render thread/INFO] (Minecraft) [STDOUT]: [AEC][PROBE] getOrCreatePreviewAny: start
[18:57:44] [Render thread/INFO] (Minecraft) [STDOUT]: [AEC][PROBE] getOrCreatePreviewAny: world=true type=true
[18:57:44] [Render thread/INFO] (Minecraft) [STDOUT]: [SequencerPreview] getOrCreatePreviewAny: try type=minecraft:allay
[18:57:44] [Render thread/INFO] (Minecraft) [STDOUT]: [SequencerPreview] getOrCreatePreviewAny: reuse existing instance for minecraft:allay
[18:57:44] [Render thread/INFO] (Minecraft) [STDOUT]: [AEC][PROBE] PREVIEW draw begin: type=minecraft:allay rect=216,120 256x118
[18:57:44] [Render thread/INFO] (Minecraft) [STDOUT]: [AEC][PROBE] PREVIEW draw end
[18:57:44] [Render thread/INFO] (Minecraft) [STDOUT]: [AEC][PROBE] ---- frame 119 ----
[18:57:44] [Render thread/INFO] (Minecraft) [STDOUT]: [AEC][PROBE] Screen.render tab=MORPHS
[18:57:44] [Render thread/INFO] (Minecraft) [STDOUT]: [AEC][PROBE] Render: selectedType=minecraft:allay
[18:57:44] [Render thread/INFO] (Minecraft) [STDOUT]: [AEC][PROBE] PreviewRect: rect x=216 y=120 w=256 h=118
[18:57:44] [Render thread/INFO] (Minecraft) [STDOUT]: [SequencerPreview] Icon create: AREA_EFFECT_CLOUD
[18:57:44] [Render thread/INFO] (Minecraft) [STDOUT]: [SequencerPreview] drawEntityAny: start, type=minecraft:area_effect_cloud
[18:57:44] [Render thread/INFO] (Minecraft) [STDOUT]: [AEC][PROBE] ICON AEC: enter size=24
[18:57:44] [Render thread/INFO] (Minecraft) [STDOUT]: [AEC][PROBE] MAEC 2D: enter x=7 y=54 w=24 h=24
[18:57:44] [Render thread/INFO] (Minecraft) [STDOUT]: [AEC][PROBE] MAEC 2D: style: style name='Potion cloud' sprites=false baseDisk=true softPuffs=true grid=8 density=1,15 alpha=0,90 wobble=0,050 puffMul=1,00 tint=0xFF000000
[18:57:44] [Render thread/INFO] (Minecraft) [STDOUT]: [AEC][PROBE] MAEC frames: load
[18:57:44] [Render thread/INFO] (Minecraft) [STDOUT]: [SequencerPreview] drawEntityAny: start, type=minecraft:arrow
[18:57:44] [Render thread/INFO] (Minecraft) [STDOUT]: [SequencerPreview] drawEntityAny: det=-729.0
[18:57:44] [Render thread/INFO] (Minecraft) [STDOUT]: [SequencerPreview] drawEntityAny: start, type=minecraft:block_display
[18:57:44] [Render thread/INFO] (Minecraft) [STDOUT]: [SequencerPreview] drawEntityAny: det=-729.0
[18:57:44] [Render thread/INFO] (Minecraft) [STDOUT]: [SequencerPreview] drawEntityAny: start, type=minecraft:boat
[18:57:44] [Render thread/INFO] (Minecraft) [STDOUT]: [SequencerPreview] drawEntityAny: det=-729.0
[18:57:44] [Render thread/INFO] (Minecraft) [STDOUT]: [AEC][PROBE] getOrCreatePreviewAny: start
[18:57:44] [Render thread/INFO] (Minecraft) [STDOUT]: [AEC][PROBE] getOrCreatePreviewAny: world=true type=true
[18:57:44] [Render thread/INFO] (Minecraft) [STDOUT]: [SequencerPreview] getOrCreatePreviewAny: try type=minecraft:allay
[18:57:44] [Render thread/INFO] (Minecraft) [STDOUT]: [SequencerPreview] getOrCreatePreviewAny: reuse existing instance for minecraft:allay
[18:57:44] [Render thread/INFO] (Minecraft) [STDOUT]: [AEC][PROBE] PREVIEW draw begin: type=minecraft:allay rect=216,120 256x118
[18:57:44] [Render thread/INFO] (Minecraft) [STDOUT]: [AEC][PROBE] PREVIEW draw end
[18:57:44] [Render thread/INFO] (Minecraft) [STDOUT]: [AEC][PROBE] ---- frame 120 ----
[18:57:44] [Render thread/INFO] (Minecraft) [STDOUT]: [AEC][PROBE] Screen.render tab=MORPHS
[18:57:44] [Render thread/INFO] (Minecraft) [STDOUT]: [AEC][PROBE] Render: selectedType=minecraft:allay
[18:57:44] [Render thread/INFO] (Minecraft) [STDOUT]: [AEC][PROBE] PreviewRect: rect x=216 y=120 w=256 h=118
[18:57:44] [Render thread/INFO] (Minecraft) [STDOUT]: [SequencerPreview] Icon create: AREA_EFFECT_CLOUD
[18:57:44] [Render thread/INFO] (Minecraft) [STDOUT]: [SequencerPreview] drawEntityAny: start, type=minecraft:area_effect_cloud
[18:57:44] [Render thread/INFO] (Minecraft) [STDOUT]: [AEC][PROBE] ICON AEC: enter size=24
[18:57:44] [Render thread/INFO] (Minecraft) [STDOUT]: [AEC][PROBE] MAEC 2D: enter x=7 y=54 w=24 h=24
[18:57:44] [Render thread/INFO] (Minecraft) [STDOUT]: [AEC][PROBE] MAEC 2D: style: style name='Potion cloud' sprites=false baseDisk=true softPuffs=true grid=8 density=1,15 alpha=0,90 wobble=0,050 puffMul=1,00 tint=0xFF000000
[18:57:44] [Render thread/INFO] (Minecraft) [STDOUT]: [AEC][PROBE] MAEC frames: load
[18:57:44] [Render thread/INFO] (Minecraft) [STDOUT]: [SequencerPreview] drawEntityAny: start, type=minecraft:arrow
[18:57:44] [Render thread/INFO] (Minecraft) [STDOUT]: [SequencerPreview] drawEntityAny: det=-729.0
[18:57:44] [Render thread/INFO] (Minecraft) [STDOUT]: [SequencerPreview] drawEntityAny: start, type=minecraft:block_display
[18:57:44] [Render thread/INFO] (Minecraft) [STDOUT]: [SequencerPreview] drawEntityAny: det=-729.0
[18:57:44] [Render thread/INFO] (Minecraft) [STDOUT]: [SequencerPreview] drawEntityAny: start, type=minecraft:boat
[18:57:44] [Render thread/INFO] (Minecraft) [STDOUT]: [SequencerPreview] drawEntityAny: det=-729.0
[18:57:44] [Render thread/INFO] (Minecraft) [STDOUT]: [AEC][PROBE] getOrCreatePreviewAny: start
[18:57:44] [Render thread/INFO] (Minecraft) [STDOUT]: [AEC][PROBE] getOrCreatePreviewAny: world=true type=true
[18:57:44] [Render thread/INFO] (Minecraft) [STDOUT]: [SequencerPreview] getOrCreatePreviewAny: try type=minecraft:allay
[18:57:44] [Render thread/INFO] (Minecraft) [STDOUT]: [SequencerPreview] getOrCreatePreviewAny: reuse existing instance for minecraft:allay
[18:57:44] [Render thread/INFO] (Minecraft) [STDOUT]: [AEC][PROBE] PREVIEW draw begin: type=minecraft:allay rect=216,120 256x118
[18:57:44] [Render thread/INFO] (Minecraft) [STDOUT]: [AEC][PROBE] PREVIEW draw end
[18:57:44] [Render thread/INFO] (Minecraft) [STDOUT]: [AEC][PROBE] ---- frame 121 ----
[18:57:44] [Render thread/INFO] (Minecraft) [STDOUT]: [AEC][PROBE] Screen.render tab=MORPHS
[18:57:44] [Render thread/INFO] (Minecraft) [STDOUT]: [AEC][PROBE] Render: selectedType=minecraft:allay
[18:57:44] [Render thread/INFO] (Minecraft) [STDOUT]: [AEC][PROBE] PreviewRect: rect x=216 y=120 w=256 h=118
[18:57:44] [Render thread/INFO] (Minecraft) [STDOUT]: [SequencerPreview] Icon create: AREA_EFFECT_CLOUD
[18:57:44] [Render thread/INFO] (Minecraft) [STDOUT]: [SequencerPreview] drawEntityAny: start, type=minecraft:area_effect_cloud
[18:57:44] [Render thread/INFO] (Minecraft) [STDOUT]: [AEC][PROBE] ICON AEC: enter size=24
[18:57:44] [Render thread/INFO] (Minecraft) [STDOUT]: [AEC][PROBE] MAEC 2D: enter x=7 y=54 w=24 h=24
[18:57:44] [Render thread/INFO] (Minecraft) [STDOUT]: [AEC][PROBE] MAEC 2D: style: style name='Potion cloud' sprites=false baseDisk=true softPuffs=true grid=8 density=1,15 alpha=0,90 wobble=0,050 puffMul=1,00 tint=0xFF000000
[18:57:44] [Render thread/INFO] (Minecraft) [STDOUT]: [AEC][PROBE] MAEC frames: load
[18:57:44] [Render thread/INFO] (Minecraft) [STDOUT]: [SequencerPreview] drawEntityAny: start, type=minecraft:arrow
[18:57:44] [Render thread/INFO] (Minecraft) [STDOUT]: [SequencerPreview] drawEntityAny: det=-729.0
[18:57:44] [Render thread/INFO] (Minecraft) [STDOUT]: [SequencerPreview] drawEntityAny: start, type=minecraft:block_display
[18:57:44] [Render thread/INFO] (Minecraft) [STDOUT]: [SequencerPreview] drawEntityAny: det=-729.0
[18:57:44] [Render thread/INFO] (Minecraft) [STDOUT]: [SequencerPreview] drawEntityAny: start, type=minecraft:boat
[18:57:44] [Render thread/INFO] (Minecraft) [STDOUT]: [SequencerPreview] drawEntityAny: det=-729.0
[18:57:44] [Render thread/INFO] (Minecraft) [STDOUT]: [AEC][PROBE] getOrCreatePreviewAny: start
[18:57:44] [Render thread/INFO] (Minecraft) [STDOUT]: [AEC][PROBE] getOrCreatePreviewAny: world=true type=true
[18:57:44] [Render thread/INFO] (Minecraft) [STDOUT]: [SequencerPreview] getOrCreatePreviewAny: try type=minecraft:allay
[18:57:44] [Render thread/INFO] (Minecraft) [STDOUT]: [SequencerPreview] getOrCreatePreviewAny: reuse existing instance for minecraft:allay
[18:57:44] [Render thread/INFO] (Minecraft) [STDOUT]: [AEC][PROBE] PREVIEW draw begin: type=minecraft:allay rect=216,120 256x118
[18:57:44] [Render thread/INFO] (Minecraft) [STDOUT]: [AEC][PROBE] PREVIEW draw end
[18:57:45] [Render thread/INFO] (Minecraft) [STDOUT]: [AEC][PROBE] ---- frame 122 ----
[18:57:45] [Render thread/INFO] (Minecraft) [STDOUT]: [AEC][PROBE] Screen.render tab=MORPHS
[18:57:45] [Render thread/INFO] (Minecraft) [STDOUT]: [AEC][PROBE] Render: selectedType=minecraft:allay
[18:57:45] [Render thread/INFO] (Minecraft) [STDOUT]: [AEC][PROBE] PreviewRect: rect x=216 y=120 w=256 h=118
[18:57:45] [Render thread/INFO] (Minecraft) [STDOUT]: [SequencerPreview] Icon create: AREA_EFFECT_CLOUD
[18:57:45] [Render thread/INFO] (Minecraft) [STDOUT]: [SequencerPreview] drawEntityAny: start, type=minecraft:area_effect_cloud
[18:57:45] [Render thread/INFO] (Minecraft) [STDOUT]: [AEC][PROBE] ICON AEC: enter size=24
[18:57:45] [Render thread/INFO] (Minecraft) [STDOUT]: [AEC][PROBE] MAEC 2D: enter x=7 y=54 w=24 h=24
[18:57:45] [Render thread/INFO] (Minecraft) [STDOUT]: [AEC][PROBE] MAEC 2D: style: style name='Potion cloud' sprites=false baseDisk=true softPuffs=true grid=8 density=1,15 alpha=0,90 wobble=0,050 puffMul=1,00 tint=0xFF000000
[18:57:45] [Render thread/INFO] (Minecraft) [STDOUT]: [AEC][PROBE] MAEC frames: load
[18:57:45] [Render thread/INFO] (Minecraft) [STDOUT]: [SequencerPreview] drawEntityAny: start, type=minecraft:arrow
[18:57:45] [Render thread/INFO] (Minecraft) [STDOUT]: [SequencerPreview] drawEntityAny: det=-729.0
[18:57:45] [Render thread/INFO] (Minecraft) [STDOUT]: [SequencerPreview] drawEntityAny: start, type=minecraft:block_display
[18:57:45] [Render thread/INFO] (Minecraft) [STDOUT]: [SequencerPreview] drawEntityAny: det=-729.0
[18:57:45] [Render thread/INFO] (Minecraft) [STDOUT]: [SequencerPreview] drawEntityAny: start, type=minecraft:boat
[18:57:45] [Render thread/INFO] (Minecraft) [STDOUT]: [SequencerPreview] drawEntityAny: det=-729.0
[18:57:45] [Render thread/INFO] (Minecraft) [STDOUT]: [AEC][PROBE] getOrCreatePreviewAny: start
[18:57:45] [Render thread/INFO] (Minecraft) [STDOUT]: [AEC][PROBE] getOrCreatePreviewAny: world=true type=true
[18:57:45] [Render thread/INFO] (Minecraft) [STDOUT]: [SequencerPreview] getOrCreatePreviewAny: try type=minecraft:allay
[18:57:45] [Render thread/INFO] (Minecraft) [STDOUT]: [SequencerPreview] getOrCreatePreviewAny: reuse existing instance for minecraft:allay
[18:57:45] [Render thread/INFO] (Minecraft) [STDOUT]: [AEC][PROBE] PREVIEW draw begin: type=minecraft:allay rect=216,120 256x118
[18:57:45] [Render thread/INFO] (Minecraft) [STDOUT]: [AEC][PROBE] PREVIEW draw end
[18:57:45] [Render thread/INFO] (Minecraft) [STDOUT]: [AEC][PROBE] ---- frame 123 ----
[18:57:45] [Render thread/INFO] (Minecraft) [STDOUT]: [AEC][PROBE] Screen.render tab=MORPHS
[18:57:45] [Render thread/INFO] (Minecraft) [STDOUT]: [AEC][PROBE] Render: selectedType=minecraft:allay
[18:57:45] [Render thread/INFO] (Minecraft) [STDOUT]: [AEC][PROBE] PreviewRect: rect x=216 y=120 w=256 h=118
[18:57:45] [Render thread/INFO] (Minecraft) [STDOUT]: [SequencerPreview] Icon create: AREA_EFFECT_CLOUD
[18:57:45] [Render thread/INFO] (Minecraft) [STDOUT]: [SequencerPreview] drawEntityAny: start, type=minecraft:area_effect_cloud
[18:57:45] [Render thread/INFO] (Minecraft) [STDOUT]: [AEC][PROBE] ICON AEC: enter size=24
[18:57:45] [Render thread/INFO] (Minecraft) [STDOUT]: [AEC][PROBE] MAEC 2D: enter x=7 y=54 w=24 h=24
[18:57:45] [Render thread/INFO] (Minecraft) [STDOUT]: [AEC][PROBE] MAEC 2D: style: style name='Potion cloud' sprites=false baseDisk=true softPuffs=true grid=8 density=1,15 alpha=0,90 wobble=0,050 puffMul=1,00 tint=0xFF000000
[18:57:45] [Render thread/INFO] (Minecraft) [STDOUT]: [AEC][PROBE] MAEC frames: load
[18:57:45] [Render thread/INFO] (Minecraft) [STDOUT]: [SequencerPreview] drawEntityAny: start, type=minecraft:arrow
[18:57:45] [Render thread/INFO] (Minecraft) [STDOUT]: [SequencerPreview] drawEntityAny: det=-729.0
[18:57:45] [Render thread/INFO] (Minecraft) [STDOUT]: [SequencerPreview] drawEntityAny: start, type=minecraft:block_display
[18:57:45] [Render thread/INFO] (Minecraft) [STDOUT]: [SequencerPreview] drawEntityAny: det=-729.0
[18:57:45] [Render thread/INFO] (Minecraft) [STDOUT]: [SequencerPreview] drawEntityAny: start, type=minecraft:boat
[18:57:45] [Render thread/INFO] (Minecraft) [STDOUT]: [SequencerPreview] drawEntityAny: det=-729.0
[18:57:45] [Render thread/INFO] (Minecraft) [STDOUT]: [AEC][PROBE] getOrCreatePreviewAny: start
[18:57:45] [Render thread/INFO] (Minecraft) [STDOUT]: [AEC][PROBE] getOrCreatePreviewAny: world=true type=true
[18:57:45] [Render thread/INFO] (Minecraft) [STDOUT]: [SequencerPreview] getOrCreatePreviewAny: try type=minecraft:allay
[18:57:45] [Render thread/INFO] (Minecraft) [STDOUT]: [SequencerPreview] getOrCreatePreviewAny: reuse existing instance for minecraft:allay
[18:57:45] [Render thread/INFO] (Minecraft) [STDOUT]: [AEC][PROBE] PREVIEW draw begin: type=minecraft:allay rect=216,120 256x118
[18:57:45] [Render thread/INFO] (Minecraft) [STDOUT]: [AEC][PROBE] PREVIEW draw end
[18:57:45] [Render thread/INFO] (Minecraft) [STDOUT]: [AEC][PROBE] ---- frame 124 ----
[18:57:45] [Render thread/INFO] (Minecraft) [STDOUT]: [AEC][PROBE] Screen.render tab=MORPHS
[18:57:45] [Render thread/INFO] (Minecraft) [STDOUT]: [AEC][PROBE] Render: selectedType=minecraft:allay
[18:57:45] [Render thread/INFO] (Minecraft) [STDOUT]: [AEC][PROBE] PreviewRect: rect x=216 y=120 w=256 h=118
[18:57:45] [Render thread/INFO] (Minecraft) [STDOUT]: [SequencerPreview] Icon create: AREA_EFFECT_CLOUD
[18:57:45] [Render thread/INFO] (Minecraft) [STDOUT]: [SequencerPreview] drawEntityAny: start, type=minecraft:area_effect_cloud
[18:57:45] [Render thread/INFO] (Minecraft) [STDOUT]: [AEC][PROBE] ICON AEC: enter size=24
[18:57:45] [Render thread/INFO] (Minecraft) [STDOUT]: [AEC][PROBE] MAEC 2D: enter x=7 y=54 w=24 h=24
[18:57:45] [Render thread/INFO] (Minecraft) [STDOUT]: [AEC][PROBE] MAEC 2D: style: style name='Potion cloud' sprites=false baseDisk=true softPuffs=true grid=8 density=1,15 alpha=0,90 wobble=0,050 puffMul=1,00 tint=0xFF000000
[18:57:45] [Render thread/INFO] (Minecraft) [STDOUT]: [AEC][PROBE] MAEC frames: load
[18:57:45] [Render thread/INFO] (Minecraft) [STDOUT]: [SequencerPreview] drawEntityAny: start, type=minecraft:arrow
[18:57:45] [Render thread/INFO] (Minecraft) [STDOUT]: [SequencerPreview] drawEntityAny: det=-729.0
[18:57:45] [Render thread/INFO] (Minecraft) [STDOUT]: [SequencerPreview] drawEntityAny: start, type=minecraft:block_display
[18:57:45] [Render thread/INFO] (Minecraft) [STDOUT]: [SequencerPreview] drawEntityAny: det=-729.0
[18:57:45] [Render thread/INFO] (Minecraft) [STDOUT]: [SequencerPreview] drawEntityAny: start, type=minecraft:boat
[18:57:45] [Render thread/INFO] (Minecraft) [STDOUT]: [SequencerPreview] drawEntityAny: det=-729.0
[18:57:45] [Render thread/INFO] (Minecraft) [STDOUT]: [AEC][PROBE] getOrCreatePreviewAny: start
[18:57:45] [Render thread/INFO] (Minecraft) [STDOUT]: [AEC][PROBE] getOrCreatePreviewAny: world=true type=true
[18:57:45] [Render thread/INFO] (Minecraft) [STDOUT]: [SequencerPreview] getOrCreatePreviewAny: try type=minecraft:allay
[18:57:45] [Render thread/INFO] (Minecraft) [STDOUT]: [SequencerPreview] getOrCreatePreviewAny: reuse existing instance for minecraft:allay
[18:57:45] [Render thread/INFO] (Minecraft) [STDOUT]: [AEC][PROBE] PREVIEW draw begin: type=minecraft:allay rect=216,120 256x118
[18:57:45] [Render thread/INFO] (Minecraft) [STDOUT]: [AEC][PROBE] PREVIEW draw end
[18:57:45] [Render thread/INFO] (Minecraft) [STDOUT]: [AEC][PROBE] ---- frame 125 ----
[18:57:45] [Render thread/INFO] (Minecraft) [STDOUT]: [AEC][PROBE] Screen.render tab=MORPHS
[18:57:45] [Render thread/INFO] (Minecraft) [STDOUT]: [AEC][PROBE] Render: selectedType=minecraft:allay
[18:57:45] [Render thread/INFO] (Minecraft) [STDOUT]: [AEC][PROBE] PreviewRect: rect x=216 y=120 w=256 h=118
[18:57:45] [Render thread/INFO] (Minecraft) [STDOUT]: [SequencerPreview] Icon create: AREA_EFFECT_CLOUD
[18:57:45] [Render thread/INFO] (Minecraft) [STDOUT]: [SequencerPreview] drawEntityAny: start, type=minecraft:area_effect_cloud
[18:57:45] [Render thread/INFO] (Minecraft) [STDOUT]: [AEC][PROBE] ICON AEC: enter size=24
[18:57:45] [Render thread/INFO] (Minecraft) [STDOUT]: [AEC][PROBE] MAEC 2D: enter x=7 y=54 w=24 h=24
[18:57:45] [Render thread/INFO] (Minecraft) [STDOUT]: [AEC][PROBE] MAEC 2D: style: style name='Potion cloud' sprites=false baseDisk=true softPuffs=true grid=8 density=1,15 alpha=0,90 wobble=0,050 puffMul=1,00 tint=0xFF000000
[18:57:45] [Render thread/INFO] (Minecraft) [STDOUT]: [AEC][PROBE] MAEC frames: load
[18:57:45] [Render thread/INFO] (Minecraft) [STDOUT]: [SequencerPreview] drawEntityAny: start, type=minecraft:arrow
[18:57:45] [Render thread/INFO] (Minecraft) [STDOUT]: [SequencerPreview] drawEntityAny: det=-729.0
[18:57:45] [Render thread/INFO] (Minecraft) [STDOUT]: [SequencerPreview] drawEntityAny: start, type=minecraft:block_display
[18:57:45] [Render thread/INFO] (Minecraft) [STDOUT]: [SequencerPreview] drawEntityAny: det=-729.0
[18:57:45] [Render thread/INFO] (Minecraft) [STDOUT]: [SequencerPreview] drawEntityAny: start, type=minecraft:boat
[18:57:45] [Render thread/INFO] (Minecraft) [STDOUT]: [SequencerPreview] drawEntityAny: det=-729.0
[18:57:45] [Render thread/INFO] (Minecraft) [STDOUT]: [AEC][PROBE] getOrCreatePreviewAny: start
[18:57:45] [Render thread/INFO] (Minecraft) [STDOUT]: [AEC][PROBE] getOrCreatePreviewAny: world=true type=true
[18:57:45] [Render thread/INFO] (Minecraft) [STDOUT]: [SequencerPreview] getOrCreatePreviewAny: try type=minecraft:allay
[18:57:45] [Render thread/INFO] (Minecraft) [STDOUT]: [SequencerPreview] getOrCreatePreviewAny: reuse existing instance for minecraft:allay
[18:57:45] [Render thread/INFO] (Minecraft) [STDOUT]: [AEC][PROBE] PREVIEW draw begin: type=minecraft:allay rect=216,120 256x118
[18:57:45] [Render thread/INFO] (Minecraft) [STDOUT]: [AEC][PROBE] PREVIEW draw end
[18:57:45] [Render thread/INFO] (Minecraft) [STDOUT]: [AEC][PROBE] ---- frame 126 ----
[18:57:45] [Render thread/INFO] (Minecraft) [STDOUT]: [AEC][PROBE] Screen.render tab=MORPHS
[18:57:45] [Render thread/INFO] (Minecraft) [STDOUT]: [AEC][PROBE] Render: selectedType=minecraft:allay
[18:57:45] [Render thread/INFO] (Minecraft) [STDOUT]: [AEC][PROBE] PreviewRect: rect x=216 y=120 w=256 h=118
[18:57:45] [Render thread/INFO] (Minecraft) [STDOUT]: [SequencerPreview] Icon create: AREA_EFFECT_CLOUD
[18:57:45] [Render thread/INFO] (Minecraft) [STDOUT]: [SequencerPreview] drawEntityAny: start, type=minecraft:area_effect_cloud
[18:57:45] [Render thread/INFO] (Minecraft) [STDOUT]: [AEC][PROBE] ICON AEC: enter size=24
[18:57:45] [Render thread/INFO] (Minecraft) [STDOUT]: [AEC][PROBE] MAEC 2D: enter x=7 y=54 w=24 h=24
[18:57:45] [Render thread/INFO] (Minecraft) [STDOUT]: [AEC][PROBE] MAEC 2D: style: style name='Potion cloud' sprites=false baseDisk=true softPuffs=true grid=8 density=1,15 alpha=0,90 wobble=0,050 puffMul=1,00 tint=0xFF000000
[18:57:45] [Render thread/INFO] (Minecraft) [STDOUT]: [AEC][PROBE] MAEC frames: load
[18:57:45] [Render thread/INFO] (Minecraft) [STDOUT]: [SequencerPreview] drawEntityAny: start, type=minecraft:arrow
[18:57:45] [Render thread/INFO] (Minecraft) [STDOUT]: [SequencerPreview] drawEntityAny: det=-729.0
[18:57:45] [Render thread/INFO] (Minecraft) [STDOUT]: [SequencerPreview] drawEntityAny: start, type=minecraft:block_display
[18:57:45] [Render thread/INFO] (Minecraft) [STDOUT]: [SequencerPreview] drawEntityAny: det=-729.0
[18:57:45] [Render thread/INFO] (Minecraft) [STDOUT]: [SequencerPreview] drawEntityAny: start, type=minecraft:boat
[18:57:45] [Render thread/INFO] (Minecraft) [STDOUT]: [SequencerPreview] drawEntityAny: det=-729.0
[18:57:45] [Render thread/INFO] (Minecraft) [STDOUT]: [AEC][PROBE] getOrCreatePreviewAny: start
[18:57:45] [Render thread/INFO] (Minecraft) [STDOUT]: [AEC][PROBE] getOrCreatePreviewAny: world=true type=true
[18:57:45] [Render thread/INFO] (Minecraft) [STDOUT]: [SequencerPreview] getOrCreatePreviewAny: try type=minecraft:allay
[18:57:45] [Render thread/INFO] (Minecraft) [STDOUT]: [SequencerPreview] getOrCreatePreviewAny: reuse existing instance for minecraft:allay
[18:57:45] [Render thread/INFO] (Minecraft) [STDOUT]: [AEC][PROBE] PREVIEW draw begin: type=minecraft:allay rect=216,120 256x118
[18:57:45] [Render thread/INFO] (Minecraft) [STDOUT]: [AEC][PROBE] PREVIEW draw end
[18:57:45] [Render thread/INFO] (Minecraft) [STDOUT]: [AEC][PROBE] ---- frame 127 ----
[18:57:45] [Render thread/INFO] (Minecraft) [STDOUT]: [AEC][PROBE] Screen.render tab=MORPHS
[18:57:45] [Render thread/INFO] (Minecraft) [STDOUT]: [AEC][PROBE] Render: selectedType=minecraft:allay
[18:57:45] [Render thread/INFO] (Minecraft) [STDOUT]: [AEC][PROBE] PreviewRect: rect x=216 y=120 w=256 h=118
[18:57:45] [Render thread/INFO] (Minecraft) [STDOUT]: [SequencerPreview] Icon create: AREA_EFFECT_CLOUD
[18:57:45] [Render thread/INFO] (Minecraft) [STDOUT]: [SequencerPreview] drawEntityAny: start, type=minecraft:area_effect_cloud
[18:57:45] [Render thread/INFO] (Minecraft) [STDOUT]: [AEC][PROBE] ICON AEC: enter size=24
[18:57:45] [Render thread/INFO] (Minecraft) [STDOUT]: [AEC][PROBE] MAEC 2D: enter x=7 y=54 w=24 h=24
[18:57:45] [Render thread/INFO] (Minecraft) [STDOUT]: [AEC][PROBE] MAEC 2D: style: style name='Potion cloud' sprites=false baseDisk=true softPuffs=true grid=8 density=1,15 alpha=0,90 wobble=0,050 puffMul=1,00 tint=0xFF000000
[18:57:45] [Render thread/INFO] (Minecraft) [STDOUT]: [AEC][PROBE] MAEC frames: load
[18:57:45] [Render thread/INFO] (Minecraft) [STDOUT]: [SequencerPreview] drawEntityAny: start, type=minecraft:arrow
[18:57:45] [Render thread/INFO] (Minecraft) [STDOUT]: [SequencerPreview] drawEntityAny: det=-729.0
[18:57:45] [Render thread/INFO] (Minecraft) [STDOUT]: [SequencerPreview] drawEntityAny: start, type=minecraft:block_display
[18:57:45] [Render thread/INFO] (Minecraft) [STDOUT]: [SequencerPreview] drawEntityAny: det=-729.0
[18:57:45] [Render thread/INFO] (Minecraft) [STDOUT]: [SequencerPreview] drawEntityAny: start, type=minecraft:boat
[18:57:45] [Render thread/INFO] (Minecraft) [STDOUT]: [SequencerPreview] drawEntityAny: det=-729.0
[18:57:45] [Render thread/INFO] (Minecraft) [STDOUT]: [AEC][PROBE] getOrCreatePreviewAny: start
[18:57:45] [Render thread/INFO] (Minecraft) [STDOUT]: [AEC][PROBE] getOrCreatePreviewAny: world=true type=true
[18:57:45] [Render thread/INFO] (Minecraft) [STDOUT]: [SequencerPreview] getOrCreatePreviewAny: try type=minecraft:allay
[18:57:45] [Render thread/INFO] (Minecraft) [STDOUT]: [SequencerPreview] getOrCreatePreviewAny: reuse existing instance for minecraft:allay
[18:57:45] [Render thread/INFO] (Minecraft) [STDOUT]: [AEC][PROBE] PREVIEW draw begin: type=minecraft:allay rect=216,120 256x118
[18:57:45] [Render thread/INFO] (Minecraft) [STDOUT]: [AEC][PROBE] PREVIEW draw end
[18:57:45] [Render thread/INFO] (Minecraft) [STDOUT]: [AEC][PROBE] ---- frame 128 ----
[18:57:45] [Render thread/INFO] (Minecraft) [STDOUT]: [AEC][PROBE] Screen.render tab=MORPHS
[18:57:45] [Render thread/INFO] (Minecraft) [STDOUT]: [AEC][PROBE] Render: selectedType=minecraft:allay
[18:57:45] [Render thread/INFO] (Minecraft) [STDOUT]: [AEC][PROBE] PreviewRect: rect x=216 y=120 w=256 h=118
[18:57:45] [Render thread/INFO] (Minecraft) [STDOUT]: [SequencerPreview] Icon create: AREA_EFFECT_CLOUD
[18:57:45] [Render thread/INFO] (Minecraft) [STDOUT]: [SequencerPreview] drawEntityAny: start, type=minecraft:area_effect_cloud
[18:57:45] [Render thread/INFO] (Minecraft) [STDOUT]: [AEC][PROBE] ICON AEC: enter size=24
[18:57:45] [Render thread/INFO] (Minecraft) [STDOUT]: [AEC][PROBE] MAEC 2D: enter x=7 y=54 w=24 h=24
[18:57:45] [Render thread/INFO] (Minecraft) [STDOUT]: [AEC][PROBE] MAEC 2D: style: style name='Potion cloud' sprites=false baseDisk=true softPuffs=true grid=8 density=1,15 alpha=0,90 wobble=0,050 puffMul=1,00 tint=0xFF000000
[18:57:45] [Render thread/INFO] (Minecraft) [STDOUT]: [AEC][PROBE] MAEC frames: load
[18:57:45] [Render thread/INFO] (Minecraft) [STDOUT]: [SequencerPreview] drawEntityAny: start, type=minecraft:arrow
[18:57:45] [Render thread/INFO] (Minecraft) [STDOUT]: [SequencerPreview] drawEntityAny: det=-729.0
[18:57:45] [Render thread/INFO] (Minecraft) [STDOUT]: [SequencerPreview] drawEntityAny: start, type=minecraft:block_display
[18:57:45] [Render thread/INFO] (Minecraft) [STDOUT]: [SequencerPreview] drawEntityAny: det=-729.0
[18:57:45] [Render thread/INFO] (Minecraft) [STDOUT]: [SequencerPreview] drawEntityAny: start, type=minecraft:boat
[18:57:45] [Render thread/INFO] (Minecraft) [STDOUT]: [SequencerPreview] drawEntityAny: det=-729.0
[18:57:45] [Render thread/INFO] (Minecraft) [STDOUT]: [AEC][PROBE] getOrCreatePreviewAny: start
[18:57:45] [Render thread/INFO] (Minecraft) [STDOUT]: [AEC][PROBE] getOrCreatePreviewAny: world=true type=true
[18:57:45] [Render thread/INFO] (Minecraft) [STDOUT]: [SequencerPreview] getOrCreatePreviewAny: try type=minecraft:allay
[18:57:45] [Render thread/INFO] (Minecraft) [STDOUT]: [SequencerPreview] getOrCreatePreviewAny: reuse existing instance for minecraft:allay
[18:57:45] [Render thread/INFO] (Minecraft) [STDOUT]: [AEC][PROBE] PREVIEW draw begin: type=minecraft:allay rect=216,120 256x118
[18:57:45] [Render thread/INFO] (Minecraft) [STDOUT]: [AEC][PROBE] PREVIEW draw end
[18:57:45] [Render thread/INFO] (Minecraft) [STDOUT]: [AEC][PROBE] ---- frame 129 ----
[18:57:45] [Render thread/INFO] (Minecraft) [STDOUT]: [AEC][PROBE] Screen.render tab=MORPHS
[18:57:45] [Render thread/INFO] (Minecraft) [STDOUT]: [AEC][PROBE] Render: selectedType=minecraft:allay
[18:57:45] [Render thread/INFO] (Minecraft) [STDOUT]: [AEC][PROBE] PreviewRect: rect x=216 y=120 w=256 h=118
[18:57:45] [Render thread/INFO] (Minecraft) [STDOUT]: [SequencerPreview] Icon create: AREA_EFFECT_CLOUD
[18:57:45] [Render thread/INFO] (Minecraft) [STDOUT]: [SequencerPreview] drawEntityAny: start, type=minecraft:area_effect_cloud
[18:57:45] [Render thread/INFO] (Minecraft) [STDOUT]: [AEC][PROBE] ICON AEC: enter size=24
[18:57:45] [Render thread/INFO] (Minecraft) [STDOUT]: [AEC][PROBE] MAEC 2D: enter x=7 y=54 w=24 h=24
[18:57:45] [Render thread/INFO] (Minecraft) [STDOUT]: [AEC][PROBE] MAEC 2D: style: style name='Potion cloud' sprites=false baseDisk=true softPuffs=true grid=8 density=1,15 alpha=0,90 wobble=0,050 puffMul=1,00 tint=0xFF000000
[18:57:45] [Render thread/INFO] (Minecraft) [STDOUT]: [AEC][PROBE] MAEC frames: load
[18:57:45] [Render thread/INFO] (Minecraft) [STDOUT]: [SequencerPreview] drawEntityAny: start, type=minecraft:arrow
[18:57:45] [Render thread/INFO] (Minecraft) [STDOUT]: [SequencerPreview] drawEntityAny: det=-729.0
[18:57:45] [Render thread/INFO] (Minecraft) [STDOUT]: [SequencerPreview] drawEntityAny: start, type=minecraft:block_display
[18:57:45] [Render thread/INFO] (Minecraft) [STDOUT]: [SequencerPreview] drawEntityAny: det=-729.0
[18:57:45] [Render thread/INFO] (Minecraft) [STDOUT]: [SequencerPreview] drawEntityAny: start, type=minecraft:boat
[18:57:45] [Render thread/INFO] (Minecraft) [STDOUT]: [SequencerPreview] drawEntityAny: det=-729.0
[18:57:45] [Render thread/INFO] (Minecraft) [STDOUT]: [AEC][PROBE] getOrCreatePreviewAny: start
[18:57:45] [Render thread/INFO] (Minecraft) [STDOUT]: [AEC][PROBE] getOrCreatePreviewAny: world=true type=true
[18:57:45] [Render thread/INFO] (Minecraft) [STDOUT]: [SequencerPreview] getOrCreatePreviewAny: try type=minecraft:allay
[18:57:45] [Render thread/INFO] (Minecraft) [STDOUT]: [SequencerPreview] getOrCreatePreviewAny: reuse existing instance for minecraft:allay
[18:57:45] [Render thread/INFO] (Minecraft) [STDOUT]: [AEC][PROBE] PREVIEW draw begin: type=minecraft:allay rect=216,120 256x118
[18:57:45] [Render thread/INFO] (Minecraft) [STDOUT]: [AEC][PROBE] PREVIEW draw end
[18:57:45] [Render thread/INFO] (Minecraft) [STDOUT]: [AEC][PROBE] ---- frame 130 ----
[18:57:45] [Render thread/INFO] (Minecraft) [STDOUT]: [AEC][PROBE] Screen.render tab=MORPHS
[18:57:45] [Render thread/INFO] (Minecraft) [STDOUT]: [AEC][PROBE] Render: selectedType=minecraft:allay
[18:57:45] [Render thread/INFO] (Minecraft) [STDOUT]: [AEC][PROBE] PreviewRect: rect x=216 y=120 w=256 h=118
[18:57:45] [Render thread/INFO] (Minecraft) [STDOUT]: [SequencerPreview] Icon create: AREA_EFFECT_CLOUD
[18:57:45] [Render thread/INFO] (Minecraft) [STDOUT]: [SequencerPreview] drawEntityAny: start, type=minecraft:area_effect_cloud
[18:57:45] [Render thread/INFO] (Minecraft) [STDOUT]: [AEC][PROBE] ICON AEC: enter size=24
[18:57:45] [Render thread/INFO] (Minecraft) [STDOUT]: [AEC][PROBE] MAEC 2D: enter x=7 y=54 w=24 h=24
[18:57:45] [Render thread/INFO] (Minecraft) [STDOUT]: [AEC][PROBE] MAEC 2D: style: style name='Potion cloud' sprites=false baseDisk=true softPuffs=true grid=8 density=1,15 alpha=0,90 wobble=0,050 puffMul=1,00 tint=0xFF000000
[18:57:45] [Render thread/INFO] (Minecraft) [STDOUT]: [AEC][PROBE] MAEC frames: load
[18:57:45] [Render thread/INFO] (Minecraft) [STDOUT]: [SequencerPreview] drawEntityAny: start, type=minecraft:arrow
[18:57:45] [Render thread/INFO] (Minecraft) [STDOUT]: [SequencerPreview] drawEntityAny: det=-729.0
[18:57:45] [Render thread/INFO] (Minecraft) [STDOUT]: [SequencerPreview] drawEntityAny: start, type=minecraft:block_display
[18:57:45] [Render thread/INFO] (Minecraft) [STDOUT]: [SequencerPreview] drawEntityAny: det=-729.0
[18:57:45] [Render thread/INFO] (Minecraft) [STDOUT]: [SequencerPreview] drawEntityAny: start, type=minecraft:boat
[18:57:45] [Render thread/INFO] (Minecraft) [STDOUT]: [SequencerPreview] drawEntityAny: det=-729.0
[18:57:45] [Render thread/INFO] (Minecraft) [STDOUT]: [AEC][PROBE] getOrCreatePreviewAny: start
[18:57:45] [Render thread/INFO] (Minecraft) [STDOUT]: [AEC][PROBE] getOrCreatePreviewAny: world=true type=true
[18:57:45] [Render thread/INFO] (Minecraft) [STDOUT]: [SequencerPreview] getOrCreatePreviewAny: try type=minecraft:allay
[18:57:45] [Render thread/INFO] (Minecraft) [STDOUT]: [SequencerPreview] getOrCreatePreviewAny: reuse existing instance for minecraft:allay
[18:57:45] [Render thread/INFO] (Minecraft) [STDOUT]: [AEC][PROBE] PREVIEW draw begin: type=minecraft:allay rect=216,120 256x118
[18:57:45] [Render thread/INFO] (Minecraft) [STDOUT]: [AEC][PROBE] PREVIEW draw end
[18:57:45] [Render thread/INFO] (Minecraft) [STDOUT]: [AEC][PROBE] ---- frame 131 ----
[18:57:45] [Render thread/INFO] (Minecraft) [STDOUT]: [AEC][PROBE] Screen.render tab=MORPHS
[18:57:45] [Render thread/INFO] (Minecraft) [STDOUT]: [AEC][PROBE] Render: selectedType=minecraft:allay
[18:57:45] [Render thread/INFO] (Minecraft) [STDOUT]: [AEC][PROBE] PreviewRect: rect x=216 y=120 w=256 h=118
[18:57:45] [Render thread/INFO] (Minecraft) [STDOUT]: [SequencerPreview] Icon create: AREA_EFFECT_CLOUD
[18:57:45] [Render thread/INFO] (Minecraft) [STDOUT]: [SequencerPreview] drawEntityAny: start, type=minecraft:area_effect_cloud
[18:57:45] [Render thread/INFO] (Minecraft) [STDOUT]: [AEC][PROBE] ICON AEC: enter size=24
[18:57:45] [Render thread/INFO] (Minecraft) [STDOUT]: [AEC][PROBE] MAEC 2D: enter x=7 y=54 w=24 h=24
[18:57:45] [Render thread/INFO] (Minecraft) [STDOUT]: [AEC][PROBE] MAEC 2D: style: style name='Potion cloud' sprites=false baseDisk=true softPuffs=true grid=8 density=1,15 alpha=0,90 wobble=0,050 puffMul=1,00 tint=0xFF000000
[18:57:45] [Render thread/INFO] (Minecraft) [STDOUT]: [AEC][PROBE] MAEC frames: load
[18:57:45] [Render thread/INFO] (Minecraft) [STDOUT]: [SequencerPreview] drawEntityAny: start, type=minecraft:arrow
[18:57:45] [Render thread/INFO] (Minecraft) [STDOUT]: [SequencerPreview] drawEntityAny: det=-729.0
[18:57:45] [Render thread/INFO] (Minecraft) [STDOUT]: [SequencerPreview] drawEntityAny: start, type=minecraft:block_display
[18:57:45] [Render thread/INFO] (Minecraft) [STDOUT]: [SequencerPreview] drawEntityAny: det=-729.0
[18:57:45] [Render thread/INFO] (Minecraft) [STDOUT]: [SequencerPreview] drawEntityAny: start, type=minecraft:boat
[18:57:45] [Render thread/INFO] (Minecraft) [STDOUT]: [SequencerPreview] drawEntityAny: det=-729.0
[18:57:45] [Render thread/INFO] (Minecraft) [STDOUT]: [AEC][PROBE] getOrCreatePreviewAny: start
[18:57:45] [Render thread/INFO] (Minecraft) [STDOUT]: [AEC][PROBE] getOrCreatePreviewAny: world=true type=true
[18:57:45] [Render thread/INFO] (Minecraft) [STDOUT]: [SequencerPreview] getOrCreatePreviewAny: try type=minecraft:allay
[18:57:45] [Render thread/INFO] (Minecraft) [STDOUT]: [SequencerPreview] getOrCreatePreviewAny: reuse existing instance for minecraft:allay
[18:57:45] [Render thread/INFO] (Minecraft) [STDOUT]: [AEC][PROBE] PREVIEW draw begin: type=minecraft:allay rect=216,120 256x118
[18:57:45] [Render thread/INFO] (Minecraft) [STDOUT]: [AEC][PROBE] PREVIEW draw end
[18:57:45] [Render thread/INFO] (Minecraft) [STDOUT]: [AEC][PROBE] ---- frame 132 ----
[18:57:45] [Render thread/INFO] (Minecraft) [STDOUT]: [AEC][PROBE] Screen.render tab=MORPHS
[18:57:45] [Render thread/INFO] (Minecraft) [STDOUT]: [AEC][PROBE] Render: selectedType=minecraft:allay
[18:57:45] [Render thread/INFO] (Minecraft) [STDOUT]: [AEC][PROBE] PreviewRect: rect x=216 y=120 w=256 h=118
[18:57:45] [Render thread/INFO] (Minecraft) [STDOUT]: [SequencerPreview] Icon create: AREA_EFFECT_CLOUD
[18:57:45] [Render thread/INFO] (Minecraft) [STDOUT]: [SequencerPreview] drawEntityAny: start, type=minecraft:area_effect_cloud
[18:57:45] [Render thread/INFO] (Minecraft) [STDOUT]: [AEC][PROBE] ICON AEC: enter size=24
[18:57:45] [Render thread/INFO] (Minecraft) [STDOUT]: [AEC][PROBE] MAEC 2D: enter x=7 y=54 w=24 h=24
[18:57:45] [Render thread/INFO] (Minecraft) [STDOUT]: [AEC][PROBE] MAEC 2D: style: style name='Potion cloud' sprites=false baseDisk=true softPuffs=true grid=8 density=1,15 alpha=0,90 wobble=0,050 puffMul=1,00 tint=0xFF000000
[18:57:45] [Render thread/INFO] (Minecraft) [STDOUT]: [AEC][PROBE] MAEC frames: load
[18:57:45] [Render thread/INFO] (Minecraft) [STDOUT]: [SequencerPreview] drawEntityAny: start, type=minecraft:arrow
[18:57:45] [Render thread/INFO] (Minecraft) [STDOUT]: [SequencerPreview] drawEntityAny: det=-729.0
[18:57:45] [Render thread/INFO] (Minecraft) [STDOUT]: [SequencerPreview] drawEntityAny: start, type=minecraft:block_display
[18:57:45] [Render thread/INFO] (Minecraft) [STDOUT]: [SequencerPreview] drawEntityAny: det=-729.0
[18:57:45] [Render thread/INFO] (Minecraft) [STDOUT]: [SequencerPreview] drawEntityAny: start, type=minecraft:boat
[18:57:45] [Render thread/INFO] (Minecraft) [STDOUT]: [SequencerPreview] drawEntityAny: det=-729.0
[18:57:45] [Render thread/INFO] (Minecraft) [STDOUT]: [AEC][PROBE] getOrCreatePreviewAny: start
[18:57:45] [Render thread/INFO] (Minecraft) [STDOUT]: [AEC][PROBE] getOrCreatePreviewAny: world=true type=true
[18:57:45] [Render thread/INFO] (Minecraft) [STDOUT]: [SequencerPreview] getOrCreatePreviewAny: try type=minecraft:allay
[18:57:45] [Render thread/INFO] (Minecraft) [STDOUT]: [SequencerPreview] getOrCreatePreviewAny: reuse existing instance for minecraft:allay
[18:57:45] [Render thread/INFO] (Minecraft) [STDOUT]: [AEC][PROBE] PREVIEW draw begin: type=minecraft:allay rect=216,120 256x118
[18:57:45] [Render thread/INFO] (Minecraft) [STDOUT]: [AEC][PROBE] PREVIEW draw end
[18:57:45] [Render thread/INFO] (Minecraft) [STDOUT]: [AEC][PROBE] ---- frame 133 ----
[18:57:45] [Render thread/INFO] (Minecraft) [STDOUT]: [AEC][PROBE] Screen.render tab=MORPHS
[18:57:45] [Render thread/INFO] (Minecraft) [STDOUT]: [AEC][PROBE] Render: selectedType=minecraft:allay
[18:57:45] [Render thread/INFO] (Minecraft) [STDOUT]: [AEC][PROBE] PreviewRect: rect x=216 y=120 w=256 h=118
[18:57:45] [Render thread/INFO] (Minecraft) [STDOUT]: [SequencerPreview] Icon create: AREA_EFFECT_CLOUD
[18:57:45] [Render thread/INFO] (Minecraft) [STDOUT]: [SequencerPreview] drawEntityAny: start, type=minecraft:area_effect_cloud
[18:57:45] [Render thread/INFO] (Minecraft) [STDOUT]: [AEC][PROBE] ICON AEC: enter size=24
[18:57:45] [Render thread/INFO] (Minecraft) [STDOUT]: [AEC][PROBE] MAEC 2D: enter x=7 y=54 w=24 h=24
[18:57:45] [Render thread/INFO] (Minecraft) [STDOUT]: [AEC][PROBE] MAEC 2D: style: style name='Potion cloud' sprites=false baseDisk=true softPuffs=true grid=8 density=1,15 alpha=0,90 wobble=0,050 puffMul=1,00 tint=0xFF000000
[18:57:45] [Render thread/INFO] (Minecraft) [STDOUT]: [AEC][PROBE] MAEC frames: load
[18:57:45] [Render thread/INFO] (Minecraft) [STDOUT]: [SequencerPreview] drawEntityAny: start, type=minecraft:arrow
[18:57:45] [Render thread/INFO] (Minecraft) [STDOUT]: [SequencerPreview] drawEntityAny: det=-729.0
[18:57:45] [Render thread/INFO] (Minecraft) [STDOUT]: [SequencerPreview] drawEntityAny: start, type=minecraft:block_display
[18:57:45] [Render thread/INFO] (Minecraft) [STDOUT]: [SequencerPreview] drawEntityAny: det=-729.0
[18:57:45] [Render thread/INFO] (Minecraft) [STDOUT]: [SequencerPreview] drawEntityAny: start, type=minecraft:boat
[18:57:45] [Render thread/INFO] (Minecraft) [STDOUT]: [SequencerPreview] drawEntityAny: det=-729.0
[18:57:45] [Render thread/INFO] (Minecraft) [STDOUT]: [AEC][PROBE] getOrCreatePreviewAny: start
[18:57:45] [Render thread/INFO] (Minecraft) [STDOUT]: [AEC][PROBE] getOrCreatePreviewAny: world=true type=true
[18:57:45] [Render thread/INFO] (Minecraft) [STDOUT]: [SequencerPreview] getOrCreatePreviewAny: try type=minecraft:allay
[18:57:45] [Render thread/INFO] (Minecraft) [STDOUT]: [SequencerPreview] getOrCreatePreviewAny: reuse existing instance for minecraft:allay
[18:57:45] [Render thread/INFO] (Minecraft) [STDOUT]: [AEC][PROBE] PREVIEW draw begin: type=minecraft:allay rect=216,120 256x118
[18:57:45] [Render thread/INFO] (Minecraft) [STDOUT]: [AEC][PROBE] PREVIEW draw end
[18:57:45] [Render thread/INFO] (Minecraft) [STDOUT]: [AEC][PROBE] ---- frame 134 ----
[18:57:45] [Render thread/INFO] (Minecraft) [STDOUT]: [AEC][PROBE] Screen.render tab=MORPHS
[18:57:45] [Render thread/INFO] (Minecraft) [STDOUT]: [AEC][PROBE] Render: selectedType=minecraft:allay
[18:57:45] [Render thread/INFO] (Minecraft) [STDOUT]: [AEC][PROBE] PreviewRect: rect x=216 y=120 w=256 h=118
[18:57:45] [Render thread/INFO] (Minecraft) [STDOUT]: [SequencerPreview] Icon create: AREA_EFFECT_CLOUD
[18:57:45] [Render thread/INFO] (Minecraft) [STDOUT]: [SequencerPreview] drawEntityAny: start, type=minecraft:area_effect_cloud
[18:57:45] [Render thread/INFO] (Minecraft) [STDOUT]: [AEC][PROBE] ICON AEC: enter size=24
[18:57:45] [Render thread/INFO] (Minecraft) [STDOUT]: [AEC][PROBE] MAEC 2D: enter x=7 y=54 w=24 h=24
[18:57:45] [Render thread/INFO] (Minecraft) [STDOUT]: [AEC][PROBE] MAEC 2D: style: style name='Potion cloud' sprites=false baseDisk=true softPuffs=true grid=8 density=1,15 alpha=0,90 wobble=0,050 puffMul=1,00 tint=0xFF000000
[18:57:45] [Render thread/INFO] (Minecraft) [STDOUT]: [AEC][PROBE] MAEC frames: load
[18:57:45] [Render thread/INFO] (Minecraft) [STDOUT]: [SequencerPreview] drawEntityAny: start, type=minecraft:arrow
[18:57:45] [Render thread/INFO] (Minecraft) [STDOUT]: [SequencerPreview] drawEntityAny: det=-729.0
[18:57:45] [Render thread/INFO] (Minecraft) [STDOUT]: [SequencerPreview] drawEntityAny: start, type=minecraft:block_display
[18:57:45] [Render thread/INFO] (Minecraft) [STDOUT]: [SequencerPreview] drawEntityAny: det=-729.0
[18:57:45] [Render thread/INFO] (Minecraft) [STDOUT]: [SequencerPreview] drawEntityAny: start, type=minecraft:boat
[18:57:45] [Render thread/INFO] (Minecraft) [STDOUT]: [SequencerPreview] drawEntityAny: det=-729.0
[18:57:45] [Render thread/INFO] (Minecraft) [STDOUT]: [AEC][PROBE] getOrCreatePreviewAny: start
[18:57:45] [Render thread/INFO] (Minecraft) [STDOUT]: [AEC][PROBE] getOrCreatePreviewAny: world=true type=true
[18:57:45] [Render thread/INFO] (Minecraft) [STDOUT]: [SequencerPreview] getOrCreatePreviewAny: try type=minecraft:allay
[18:57:45] [Render thread/INFO] (Minecraft) [STDOUT]: [SequencerPreview] getOrCreatePreviewAny: reuse existing instance for minecraft:allay
[18:57:45] [Render thread/INFO] (Minecraft) [STDOUT]: [AEC][PROBE] PREVIEW draw begin: type=minecraft:allay rect=216,120 256x118
[18:57:45] [Render thread/INFO] (Minecraft) [STDOUT]: [AEC][PROBE] PREVIEW draw end
[18:57:45] [Render thread/INFO] (Minecraft) [STDOUT]: [AEC][PROBE] ---- frame 135 ----
[18:57:45] [Render thread/INFO] (Minecraft) [STDOUT]: [AEC][PROBE] Screen.render tab=MORPHS
[18:57:45] [Render thread/INFO] (Minecraft) [STDOUT]: [AEC][PROBE] Render: selectedType=minecraft:allay
[18:57:45] [Render thread/INFO] (Minecraft) [STDOUT]: [AEC][PROBE] PreviewRect: rect x=216 y=120 w=256 h=118
[18:57:45] [Render thread/INFO] (Minecraft) [STDOUT]: [SequencerPreview] Icon create: AREA_EFFECT_CLOUD
[18:57:45] [Render thread/INFO] (Minecraft) [STDOUT]: [SequencerPreview] drawEntityAny: start, type=minecraft:area_effect_cloud
[18:57:45] [Render thread/INFO] (Minecraft) [STDOUT]: [AEC][PROBE] ICON AEC: enter size=24
[18:57:45] [Render thread/INFO] (Minecraft) [STDOUT]: [AEC][PROBE] MAEC 2D: enter x=7 y=54 w=24 h=24
[18:57:45] [Render thread/INFO] (Minecraft) [STDOUT]: [AEC][PROBE] MAEC 2D: style: style name='Potion cloud' sprites=false baseDisk=true softPuffs=true grid=8 density=1,15 alpha=0,90 wobble=0,050 puffMul=1,00 tint=0xFF000000
[18:57:45] [Render thread/INFO] (Minecraft) [STDOUT]: [AEC][PROBE] MAEC frames: load
[18:57:45] [Render thread/INFO] (Minecraft) [STDOUT]: [SequencerPreview] drawEntityAny: start, type=minecraft:arrow
[18:57:45] [Render thread/INFO] (Minecraft) [STDOUT]: [SequencerPreview] drawEntityAny: det=-729.0
[18:57:45] [Render thread/INFO] (Minecraft) [STDOUT]: [SequencerPreview] drawEntityAny: start, type=minecraft:block_display
[18:57:45] [Render thread/INFO] (Minecraft) [STDOUT]: [SequencerPreview] drawEntityAny: det=-729.0
[18:57:45] [Render thread/INFO] (Minecraft) [STDOUT]: [SequencerPreview] drawEntityAny: start, type=minecraft:boat
[18:57:45] [Render thread/INFO] (Minecraft) [STDOUT]: [SequencerPreview] drawEntityAny: det=-729.0
[18:57:45] [Render thread/INFO] (Minecraft) [STDOUT]: [AEC][PROBE] getOrCreatePreviewAny: start
[18:57:45] [Render thread/INFO] (Minecraft) [STDOUT]: [AEC][PROBE] getOrCreatePreviewAny: world=true type=true
[18:57:45] [Render thread/INFO] (Minecraft) [STDOUT]: [SequencerPreview] getOrCreatePreviewAny: try type=minecraft:allay
[18:57:45] [Render thread/INFO] (Minecraft) [STDOUT]: [SequencerPreview] getOrCreatePreviewAny: reuse existing instance for minecraft:allay
[18:57:45] [Render thread/INFO] (Minecraft) [STDOUT]: [AEC][PROBE] PREVIEW draw begin: type=minecraft:allay rect=216,120 256x118
[18:57:45] [Render thread/INFO] (Minecraft) [STDOUT]: [AEC][PROBE] PREVIEW draw end
[18:57:45] [Render thread/INFO] (Minecraft) [STDOUT]: [AEC][PROBE] CLICK screen: enter x=236,8 y=55,0 btn=0 tab=MORPHS
[18:57:45] [Render thread/INFO] (Minecraft) [STDOUT]: [AEC][PROBE] HIT child: net.minecraft.client.gui.widget.ButtonWidget
[18:57:45] [Render thread/INFO] (Minecraft) [STDOUT]: [AEC][PROBE] HIT button bounds: x=216 y=44 w=160 h=20
[18:57:45] [Render thread/INFO] (Minecraft) [STDOUT]: [AEC][PROBE] HIT morphList: over=false (seq.sequencermod.client.ui.SequencerMainScreen$MorphList)
[18:57:45] [Render thread/INFO] (Minecraft) [STDOUT]: [AEC][PROBE] CLICK screen: x=236,8 y=55,0 btn=0 tab=MORPHS
[18:57:45] [Render thread/INFO] (Minecraft) [STDOUT]: [AEC][PROBE] MorphList.mouseClicked: inside=false x=236,8 y=55,0 btn=0
[18:57:45] [Render thread/INFO] (Minecraft) [STDOUT]: [AEC][PROBE] MorphList.mouseClicked: over=null
[18:57:45] [Render thread/INFO] (Minecraft) [STDOUT]: [AEC][PROBE] MorphList.mouseClicked: handled=false selected=minecraft:allay
[18:57:45] [Render thread/INFO] (Minecraft) [STDOUT]: [AEC][PROBE] CLICK screen: x=236,8 y=55,0 btn=0 tab=MORPHS
[18:57:45] [Render thread/INFO] (Minecraft) [STDOUT]: [AEC][PROBE] MorphList.mouseClicked: inside=false x=236,8 y=55,0 btn=0
[18:57:45] [Render thread/INFO] (Minecraft) [STDOUT]: [AEC][PROBE] MorphList.mouseClicked: over=null
[18:57:45] [Render thread/INFO] (Minecraft) [STDOUT]: [AEC][PROBE] MorphList.mouseClicked: handled=false selected=minecraft:allay
[18:57:45] [Render thread/INFO] (Minecraft) [STDOUT]: [AEC][PROBE] CLICK screen: handled by super (children)
[18:57:45] [Render thread/INFO] (Minecraft) [STDOUT]: [AEC][PROBE] ---- frame 136 ----
[18:57:45] [Render thread/INFO] (Minecraft) [STDOUT]: [AEC][PROBE] GLFW LMB DOWN at x=236,0 y=55,0
[18:57:45] [Render thread/INFO] (Minecraft) [STDOUT]: [AEC][PROBE] Screen.render tab=MORPHS
[18:57:45] [Render thread/INFO] (Minecraft) [STDOUT]: [AEC][PROBE] Render: selectedType=minecraft:allay
[18:57:45] [Render thread/INFO] (Minecraft) [STDOUT]: [AEC][PROBE] PreviewRect: rect x=216 y=120 w=256 h=118
[18:57:45] [Render thread/INFO] (Minecraft) [STDOUT]: [SequencerPreview] Icon create: AREA_EFFECT_CLOUD
[18:57:45] [Render thread/INFO] (Minecraft) [STDOUT]: [SequencerPreview] drawEntityAny: start, type=minecraft:area_effect_cloud
[18:57:45] [Render thread/INFO] (Minecraft) [STDOUT]: [AEC][PROBE] ICON AEC: enter size=24
[18:57:45] [Render thread/INFO] (Minecraft) [STDOUT]: [AEC][PROBE] MAEC 2D: enter x=7 y=54 w=24 h=24
[18:57:45] [Render thread/INFO] (Minecraft) [STDOUT]: [AEC][PROBE] MAEC 2D: style: style name='Potion cloud' sprites=false baseDisk=true softPuffs=true grid=8 density=1,15 alpha=0,90 wobble=0,050 puffMul=1,00 tint=0xFF000000
[18:57:45] [Render thread/INFO] (Minecraft) [STDOUT]: [AEC][PROBE] MAEC frames: load
[18:57:45] [Render thread/INFO] (Minecraft) [STDOUT]: [SequencerPreview] drawEntityAny: start, type=minecraft:arrow
[18:57:45] [Render thread/INFO] (Minecraft) [STDOUT]: [SequencerPreview] drawEntityAny: det=-729.0
[18:57:45] [Render thread/INFO] (Minecraft) [STDOUT]: [SequencerPreview] drawEntityAny: start, type=minecraft:block_display
[18:57:45] [Render thread/INFO] (Minecraft) [STDOUT]: [SequencerPreview] drawEntityAny: det=-729.0
[18:57:45] [Render thread/INFO] (Minecraft) [STDOUT]: [SequencerPreview] drawEntityAny: start, type=minecraft:boat
[18:57:45] [Render thread/INFO] (Minecraft) [STDOUT]: [SequencerPreview] drawEntityAny: det=-729.0
[18:57:45] [Render thread/INFO] (Minecraft) [STDOUT]: [AEC][PROBE] getOrCreatePreviewAny: start
[18:57:45] [Render thread/INFO] (Minecraft) [STDOUT]: [AEC][PROBE] getOrCreatePreviewAny: world=true type=true
[18:57:45] [Render thread/INFO] (Minecraft) [STDOUT]: [SequencerPreview] getOrCreatePreviewAny: try type=minecraft:allay
[18:57:45] [Render thread/INFO] (Minecraft) [STDOUT]: [SequencerPreview] getOrCreatePreviewAny: reuse existing instance for minecraft:allay
[18:57:45] [Render thread/INFO] (Minecraft) [STDOUT]: [AEC][PROBE] PREVIEW draw begin: type=minecraft:allay rect=216,120 256x118
[18:57:45] [Render thread/INFO] (Minecraft) [STDOUT]: [AEC][PROBE] PREVIEW draw end
[18:57:45] [Render thread/INFO] (Minecraft) [STDOUT]: [AEC][PROBE] ---- frame 137 ----
[18:57:45] [Render thread/INFO] (Minecraft) [STDOUT]: [AEC][PROBE] Screen.render tab=MORPHS
[18:57:45] [Render thread/INFO] (Minecraft) [STDOUT]: [AEC][PROBE] Render: selectedType=minecraft:allay
[18:57:45] [Render thread/INFO] (Minecraft) [STDOUT]: [AEC][PROBE] PreviewRect: rect x=216 y=120 w=256 h=118
[18:57:45] [Render thread/INFO] (Minecraft) [STDOUT]: [SequencerPreview] Icon create: AREA_EFFECT_CLOUD
[18:57:45] [Render thread/INFO] (Minecraft) [STDOUT]: [SequencerPreview] drawEntityAny: start, type=minecraft:area_effect_cloud
[18:57:45] [Render thread/INFO] (Minecraft) [STDOUT]: [AEC][PROBE] ICON AEC: enter size=24
[18:57:45] [Render thread/INFO] (Minecraft) [STDOUT]: [AEC][PROBE] MAEC 2D: enter x=7 y=54 w=24 h=24
[18:57:45] [Render thread/INFO] (Minecraft) [STDOUT]: [AEC][PROBE] MAEC 2D: style: style name='Potion cloud' sprites=false baseDisk=true softPuffs=true grid=8 density=1,15 alpha=0,90 wobble=0,050 puffMul=1,00 tint=0xFF000000
[18:57:45] [Render thread/INFO] (Minecraft) [STDOUT]: [AEC][PROBE] MAEC frames: load
[18:57:45] [Render thread/INFO] (Minecraft) [STDOUT]: [SequencerPreview] drawEntityAny: start, type=minecraft:arrow
[18:57:45] [Render thread/INFO] (Minecraft) [STDOUT]: [SequencerPreview] drawEntityAny: det=-729.0
[18:57:45] [Render thread/INFO] (Minecraft) [STDOUT]: [SequencerPreview] drawEntityAny: start, type=minecraft:block_display
[18:57:45] [Render thread/INFO] (Minecraft) [STDOUT]: [SequencerPreview] drawEntityAny: det=-729.0
[18:57:45] [Render thread/INFO] (Minecraft) [STDOUT]: [SequencerPreview] drawEntityAny: start, type=minecraft:boat
[18:57:45] [Render thread/INFO] (Minecraft) [STDOUT]: [SequencerPreview] drawEntityAny: det=-729.0
[18:57:45] [Render thread/INFO] (Minecraft) [STDOUT]: [AEC][PROBE] getOrCreatePreviewAny: start
[18:57:45] [Render thread/INFO] (Minecraft) [STDOUT]: [AEC][PROBE] getOrCreatePreviewAny: world=true type=true
[18:57:45] [Render thread/INFO] (Minecraft) [STDOUT]: [SequencerPreview] getOrCreatePreviewAny: try type=minecraft:allay
[18:57:45] [Render thread/INFO] (Minecraft) [STDOUT]: [SequencerPreview] getOrCreatePreviewAny: reuse existing instance for minecraft:allay
[18:57:45] [Render thread/INFO] (Minecraft) [STDOUT]: [AEC][PROBE] PREVIEW draw begin: type=minecraft:allay rect=216,120 256x118
[18:57:45] [Render thread/INFO] (Minecraft) [STDOUT]: [AEC][PROBE] PREVIEW draw end
[18:57:45] [Render thread/INFO] (Minecraft) [STDOUT]: [AEC][PROBE] ---- frame 138 ----
[18:57:45] [Render thread/INFO] (Minecraft) [STDOUT]: [AEC][PROBE] Screen.render tab=MORPHS
[18:57:45] [Render thread/INFO] (Minecraft) [STDOUT]: [AEC][PROBE] Render: selectedType=minecraft:allay
[18:57:45] [Render thread/INFO] (Minecraft) [STDOUT]: [AEC][PROBE] PreviewRect: rect x=216 y=120 w=256 h=118
[18:57:45] [Render thread/INFO] (Minecraft) [STDOUT]: [SequencerPreview] Icon create: AREA_EFFECT_CLOUD
[18:57:45] [Render thread/INFO] (Minecraft) [STDOUT]: [SequencerPreview] drawEntityAny: start, type=minecraft:area_effect_cloud
[18:57:45] [Render thread/INFO] (Minecraft) [STDOUT]: [AEC][PROBE] ICON AEC: enter size=24
[18:57:45] [Render thread/INFO] (Minecraft) [STDOUT]: [AEC][PROBE] MAEC 2D: enter x=7 y=54 w=24 h=24
[18:57:45] [Render thread/INFO] (Minecraft) [STDOUT]: [AEC][PROBE] MAEC 2D: style: style name='Potion cloud' sprites=false baseDisk=true softPuffs=true grid=8 density=1,15 alpha=0,90 wobble=0,050 puffMul=1,00 tint=0xFF000000
[18:57:45] [Render thread/INFO] (Minecraft) [STDOUT]: [AEC][PROBE] MAEC frames: load
[18:57:45] [Render thread/INFO] (Minecraft) [STDOUT]: [SequencerPreview] drawEntityAny: start, type=minecraft:arrow
[18:57:45] [Render thread/INFO] (Minecraft) [STDOUT]: [SequencerPreview] drawEntityAny: det=-729.0
[18:57:45] [Render thread/INFO] (Minecraft) [STDOUT]: [SequencerPreview] drawEntityAny: start, type=minecraft:block_display
[18:57:45] [Render thread/INFO] (Minecraft) [STDOUT]: [SequencerPreview] drawEntityAny: det=-729.0
[18:57:45] [Render thread/INFO] (Minecraft) [STDOUT]: [SequencerPreview] drawEntityAny: start, type=minecraft:boat
[18:57:45] [Render thread/INFO] (Minecraft) [STDOUT]: [SequencerPreview] drawEntityAny: det=-729.0
[18:57:45] [Render thread/INFO] (Minecraft) [STDOUT]: [AEC][PROBE] getOrCreatePreviewAny: start
[18:57:45] [Render thread/INFO] (Minecraft) [STDOUT]: [AEC][PROBE] getOrCreatePreviewAny: world=true type=true
[18:57:45] [Render thread/INFO] (Minecraft) [STDOUT]: [SequencerPreview] getOrCreatePreviewAny: try type=minecraft:allay
[18:57:45] [Render thread/INFO] (Minecraft) [STDOUT]: [SequencerPreview] getOrCreatePreviewAny: reuse existing instance for minecraft:allay
[18:57:45] [Render thread/INFO] (Minecraft) [STDOUT]: [AEC][PROBE] PREVIEW draw begin: type=minecraft:allay rect=216,120 256x118
[18:57:45] [Render thread/INFO] (Minecraft) [STDOUT]: [AEC][PROBE] PREVIEW draw end
[18:57:45] [Render thread/INFO] (Minecraft) [STDOUT]: [AEC][PROBE] ---- frame 139 ----
[18:57:45] [Render thread/INFO] (Minecraft) [STDOUT]: [AEC][PROBE] Screen.render tab=MORPHS
[18:57:45] [Render thread/INFO] (Minecraft) [STDOUT]: [AEC][PROBE] Render: selectedType=minecraft:allay
[18:57:45] [Render thread/INFO] (Minecraft) [STDOUT]: [AEC][PROBE] PreviewRect: rect x=216 y=120 w=256 h=118
[18:57:45] [Render thread/INFO] (Minecraft) [STDOUT]: [SequencerPreview] Icon create: AREA_EFFECT_CLOUD
[18:57:45] [Render thread/INFO] (Minecraft) [STDOUT]: [SequencerPreview] drawEntityAny: start, type=minecraft:area_effect_cloud
[18:57:45] [Render thread/INFO] (Minecraft) [STDOUT]: [AEC][PROBE] ICON AEC: enter size=24
[18:57:45] [Render thread/INFO] (Minecraft) [STDOUT]: [AEC][PROBE] MAEC 2D: enter x=7 y=54 w=24 h=24
[18:57:45] [Render thread/INFO] (Minecraft) [STDOUT]: [AEC][PROBE] MAEC 2D: style: style name='Potion cloud' sprites=false baseDisk=true softPuffs=true grid=8 density=1,15 alpha=0,90 wobble=0,050 puffMul=1,00 tint=0xFF000000
[18:57:45] [Render thread/INFO] (Minecraft) [STDOUT]: [AEC][PROBE] MAEC frames: load
[18:57:45] [Render thread/INFO] (Minecraft) [STDOUT]: [SequencerPreview] drawEntityAny: start, type=minecraft:arrow
[18:57:45] [Render thread/INFO] (Minecraft) [STDOUT]: [SequencerPreview] drawEntityAny: det=-729.0
[18:57:45] [Render thread/INFO] (Minecraft) [STDOUT]: [SequencerPreview] drawEntityAny: start, type=minecraft:block_display
[18:57:45] [Render thread/INFO] (Minecraft) [STDOUT]: [SequencerPreview] drawEntityAny: det=-729.0
[18:57:45] [Render thread/INFO] (Minecraft) [STDOUT]: [SequencerPreview] drawEntityAny: start, type=minecraft:boat
[18:57:45] [Render thread/INFO] (Minecraft) [STDOUT]: [SequencerPreview] drawEntityAny: det=-729.0
[18:57:45] [Render thread/INFO] (Minecraft) [STDOUT]: [AEC][PROBE] getOrCreatePreviewAny: start
[18:57:45] [Render thread/INFO] (Minecraft) [STDOUT]: [AEC][PROBE] getOrCreatePreviewAny: world=true type=true
[18:57:45] [Render thread/INFO] (Minecraft) [STDOUT]: [SequencerPreview] getOrCreatePreviewAny: try type=minecraft:allay
[18:57:45] [Render thread/INFO] (Minecraft) [STDOUT]: [SequencerPreview] getOrCreatePreviewAny: reuse existing instance for minecraft:allay
[18:57:45] [Render thread/INFO] (Minecraft) [STDOUT]: [AEC][PROBE] PREVIEW draw begin: type=minecraft:allay rect=216,120 256x118
[18:57:45] [Render thread/INFO] (Minecraft) [STDOUT]: [AEC][PROBE] PREVIEW draw end
[18:57:45] [Render thread/INFO] (Minecraft) [STDOUT]: [AEC][PROBE] ---- frame 140 ----
[18:57:45] [Render thread/INFO] (Minecraft) [STDOUT]: [AEC][PROBE] Screen.render tab=MORPHS
[18:57:45] [Render thread/INFO] (Minecraft) [STDOUT]: [AEC][PROBE] Render: selectedType=minecraft:allay
[18:57:45] [Render thread/INFO] (Minecraft) [STDOUT]: [AEC][PROBE] PreviewRect: rect x=216 y=120 w=256 h=118
[18:57:45] [Render thread/INFO] (Minecraft) [STDOUT]: [SequencerPreview] Icon create: AREA_EFFECT_CLOUD
[18:57:45] [Render thread/INFO] (Minecraft) [STDOUT]: [SequencerPreview] drawEntityAny: start, type=minecraft:area_effect_cloud
[18:57:45] [Render thread/INFO] (Minecraft) [STDOUT]: [AEC][PROBE] ICON AEC: enter size=24
[18:57:45] [Render thread/INFO] (Minecraft) [STDOUT]: [AEC][PROBE] MAEC 2D: enter x=7 y=54 w=24 h=24
[18:57:45] [Render thread/INFO] (Minecraft) [STDOUT]: [AEC][PROBE] MAEC 2D: style: style name='Potion cloud' sprites=false baseDisk=true softPuffs=true grid=8 density=1,15 alpha=0,90 wobble=0,050 puffMul=1,00 tint=0xFF000000
[18:57:45] [Render thread/INFO] (Minecraft) [STDOUT]: [AEC][PROBE] MAEC frames: load
[18:57:45] [Render thread/INFO] (Minecraft) [STDOUT]: [SequencerPreview] drawEntityAny: start, type=minecraft:arrow
[18:57:45] [Render thread/INFO] (Minecraft) [STDOUT]: [SequencerPreview] drawEntityAny: det=-729.0
[18:57:45] [Render thread/INFO] (Minecraft) [STDOUT]: [SequencerPreview] drawEntityAny: start, type=minecraft:block_display
[18:57:45] [Render thread/INFO] (Minecraft) [STDOUT]: [SequencerPreview] drawEntityAny: det=-729.0
[18:57:45] [Render thread/INFO] (Minecraft) [STDOUT]: [SequencerPreview] drawEntityAny: start, type=minecraft:boat
[18:57:45] [Render thread/INFO] (Minecraft) [STDOUT]: [SequencerPreview] drawEntityAny: det=-729.0
[18:57:45] [Render thread/INFO] (Minecraft) [STDOUT]: [AEC][PROBE] getOrCreatePreviewAny: start
[18:57:45] [Render thread/INFO] (Minecraft) [STDOUT]: [AEC][PROBE] getOrCreatePreviewAny: world=true type=true
[18:57:45] [Render thread/INFO] (Minecraft) [STDOUT]: [SequencerPreview] getOrCreatePreviewAny: try type=minecraft:allay
[18:57:45] [Render thread/INFO] (Minecraft) [STDOUT]: [SequencerPreview] getOrCreatePreviewAny: reuse existing instance for minecraft:allay
[18:57:45] [Render thread/INFO] (Minecraft) [STDOUT]: [AEC][PROBE] PREVIEW draw begin: type=minecraft:allay rect=216,120 256x118
[18:57:45] [Render thread/INFO] (Minecraft) [STDOUT]: [AEC][PROBE] PREVIEW draw end
[18:57:45] [Render thread/INFO] (Minecraft) [STDOUT]: [AEC][PROBE] ---- frame 141 ----
[18:57:45] [Render thread/INFO] (Minecraft) [STDOUT]: [AEC][PROBE] GLFW LMB UP   at x=236,0 y=55,0
[18:57:45] [Render thread/INFO] (Minecraft) [STDOUT]: [AEC][PROBE] Screen.render tab=MORPHS
[18:57:45] [Render thread/INFO] (Minecraft) [STDOUT]: [AEC][PROBE] Render: selectedType=minecraft:allay
[18:57:45] [Render thread/INFO] (Minecraft) [STDOUT]: [AEC][PROBE] PreviewRect: rect x=216 y=120 w=256 h=118
[18:57:45] [Render thread/INFO] (Minecraft) [STDOUT]: [SequencerPreview] Icon create: AREA_EFFECT_CLOUD
[18:57:45] [Render thread/INFO] (Minecraft) [STDOUT]: [SequencerPreview] drawEntityAny: start, type=minecraft:area_effect_cloud
[18:57:45] [Render thread/INFO] (Minecraft) [STDOUT]: [AEC][PROBE] ICON AEC: enter size=24
[18:57:45] [Render thread/INFO] (Minecraft) [STDOUT]: [AEC][PROBE] MAEC 2D: enter x=7 y=54 w=24 h=24
[18:57:45] [Render thread/INFO] (Minecraft) [STDOUT]: [AEC][PROBE] MAEC 2D: style: style name='Potion cloud' sprites=false baseDisk=true softPuffs=true grid=8 density=1,15 alpha=0,90 wobble=0,050 puffMul=1,00 tint=0xFF000000
[18:57:45] [Render thread/INFO] (Minecraft) [STDOUT]: [AEC][PROBE] MAEC frames: load
[18:57:45] [Render thread/INFO] (Minecraft) [STDOUT]: [SequencerPreview] drawEntityAny: start, type=minecraft:arrow
[18:57:45] [Render thread/INFO] (Minecraft) [STDOUT]: [SequencerPreview] drawEntityAny: det=-729.0
[18:57:45] [Render thread/INFO] (Minecraft) [STDOUT]: [SequencerPreview] drawEntityAny: start, type=minecraft:block_display
[18:57:45] [Render thread/INFO] (Minecraft) [STDOUT]: [SequencerPreview] drawEntityAny: det=-729.0
[18:57:45] [Render thread/INFO] (Minecraft) [STDOUT]: [SequencerPreview] drawEntityAny: start, type=minecraft:boat
[18:57:45] [Render thread/INFO] (Minecraft) [STDOUT]: [SequencerPreview] drawEntityAny: det=-729.0
[18:57:45] [Render thread/INFO] (Minecraft) [STDOUT]: [AEC][PROBE] getOrCreatePreviewAny: start
[18:57:45] [Render thread/INFO] (Minecraft) [STDOUT]: [AEC][PROBE] getOrCreatePreviewAny: world=true type=true
[18:57:45] [Render thread/INFO] (Minecraft) [STDOUT]: [SequencerPreview] getOrCreatePreviewAny: try type=minecraft:allay
[18:57:45] [Render thread/INFO] (Minecraft) [STDOUT]: [SequencerPreview] getOrCreatePreviewAny: reuse existing instance for minecraft:allay
[18:57:45] [Render thread/INFO] (Minecraft) [STDOUT]: [AEC][PROBE] PREVIEW draw begin: type=minecraft:allay rect=216,120 256x118
[18:57:45] [Render thread/INFO] (Minecraft) [STDOUT]: [AEC][PROBE] PREVIEW draw end
[18:57:45] [Render thread/INFO] (Minecraft) [STDOUT]: [AEC][PROBE] ---- frame 142 ----
[18:57:45] [Render thread/INFO] (Minecraft) [STDOUT]: [AEC][PROBE] Screen.render tab=MORPHS
[18:57:45] [Render thread/INFO] (Minecraft) [STDOUT]: [AEC][PROBE] Render: selectedType=minecraft:allay
[18:57:45] [Render thread/INFO] (Minecraft) [STDOUT]: [AEC][PROBE] PreviewRect: rect x=216 y=120 w=256 h=118
[18:57:45] [Render thread/INFO] (Minecraft) [STDOUT]: [SequencerPreview] Icon create: AREA_EFFECT_CLOUD
[18:57:45] [Render thread/INFO] (Minecraft) [STDOUT]: [SequencerPreview] drawEntityAny: start, type=minecraft:area_effect_cloud
[18:57:45] [Render thread/INFO] (Minecraft) [STDOUT]: [AEC][PROBE] ICON AEC: enter size=24
[18:57:45] [Render thread/INFO] (Minecraft) [STDOUT]: [AEC][PROBE] MAEC 2D: enter x=7 y=54 w=24 h=24
[18:57:45] [Render thread/INFO] (Minecraft) [STDOUT]: [AEC][PROBE] MAEC 2D: style: style name='Potion cloud' sprites=false baseDisk=true softPuffs=true grid=8 density=1,15 alpha=0,90 wobble=0,050 puffMul=1,00 tint=0xFF000000
[18:57:45] [Render thread/INFO] (Minecraft) [STDOUT]: [AEC][PROBE] MAEC frames: load
[18:57:45] [Render thread/INFO] (Minecraft) [STDOUT]: [SequencerPreview] drawEntityAny: start, type=minecraft:arrow
[18:57:45] [Render thread/INFO] (Minecraft) [STDOUT]: [SequencerPreview] drawEntityAny: det=-729.0
[18:57:45] [Render thread/INFO] (Minecraft) [STDOUT]: [SequencerPreview] drawEntityAny: start, type=minecraft:block_display
[18:57:45] [Render thread/INFO] (Minecraft) [STDOUT]: [SequencerPreview] drawEntityAny: det=-729.0
[18:57:45] [Render thread/INFO] (Minecraft) [STDOUT]: [SequencerPreview] drawEntityAny: start, type=minecraft:boat
[18:57:45] [Render thread/INFO] (Minecraft) [STDOUT]: [SequencerPreview] drawEntityAny: det=-729.0
[18:57:45] [Render thread/INFO] (Minecraft) [STDOUT]: [AEC][PROBE] getOrCreatePreviewAny: start
[18:57:45] [Render thread/INFO] (Minecraft) [STDOUT]: [AEC][PROBE] getOrCreatePreviewAny: world=true type=true
[18:57:45] [Render thread/INFO] (Minecraft) [STDOUT]: [SequencerPreview] getOrCreatePreviewAny: try type=minecraft:allay
[18:57:45] [Render thread/INFO] (Minecraft) [STDOUT]: [SequencerPreview] getOrCreatePreviewAny: reuse existing instance for minecraft:allay
[18:57:45] [Render thread/INFO] (Minecraft) [STDOUT]: [AEC][PROBE] PREVIEW draw begin: type=minecraft:allay rect=216,120 256x118
[18:57:45] [Render thread/INFO] (Minecraft) [STDOUT]: [AEC][PROBE] PREVIEW draw end
[18:57:45] [Render thread/INFO] (Minecraft) [STDOUT]: [AEC][PROBE] ---- frame 143 ----
[18:57:45] [Render thread/INFO] (Minecraft) [STDOUT]: [AEC][PROBE] Screen.render tab=MORPHS
[18:57:45] [Render thread/INFO] (Minecraft) [STDOUT]: [AEC][PROBE] Render: selectedType=minecraft:allay
[18:57:45] [Render thread/INFO] (Minecraft) [STDOUT]: [AEC][PROBE] PreviewRect: rect x=216 y=120 w=256 h=118
[18:57:45] [Render thread/INFO] (Minecraft) [STDOUT]: [SequencerPreview] Icon create: AREA_EFFECT_CLOUD
[18:57:45] [Render thread/INFO] (Minecraft) [STDOUT]: [SequencerPreview] drawEntityAny: start, type=minecraft:area_effect_cloud
[18:57:45] [Render thread/INFO] (Minecraft) [STDOUT]: [AEC][PROBE] ICON AEC: enter size=24
[18:57:45] [Render thread/INFO] (Minecraft) [STDOUT]: [AEC][PROBE] MAEC 2D: enter x=7 y=54 w=24 h=24
[18:57:45] [Render thread/INFO] (Minecraft) [STDOUT]: [AEC][PROBE] MAEC 2D: style: style name='Potion cloud' sprites=false baseDisk=true softPuffs=true grid=8 density=1,15 alpha=0,90 wobble=0,050 puffMul=1,00 tint=0xFF000000
[18:57:45] [Render thread/INFO] (Minecraft) [STDOUT]: [AEC][PROBE] MAEC frames: load
[18:57:45] [Render thread/INFO] (Minecraft) [STDOUT]: [SequencerPreview] drawEntityAny: start, type=minecraft:arrow
[18:57:45] [Render thread/INFO] (Minecraft) [STDOUT]: [SequencerPreview] drawEntityAny: det=-729.0
[18:57:45] [Render thread/INFO] (Minecraft) [STDOUT]: [SequencerPreview] drawEntityAny: start, type=minecraft:block_display
[18:57:45] [Render thread/INFO] (Minecraft) [STDOUT]: [SequencerPreview] drawEntityAny: det=-729.0
[18:57:45] [Render thread/INFO] (Minecraft) [STDOUT]: [SequencerPreview] drawEntityAny: start, type=minecraft:boat
[18:57:45] [Render thread/INFO] (Minecraft) [STDOUT]: [SequencerPreview] drawEntityAny: det=-729.0
[18:57:45] [Render thread/INFO] (Minecraft) [STDOUT]: [AEC][PROBE] getOrCreatePreviewAny: start
[18:57:45] [Render thread/INFO] (Minecraft) [STDOUT]: [AEC][PROBE] getOrCreatePreviewAny: world=true type=true
[18:57:45] [Render thread/INFO] (Minecraft) [STDOUT]: [SequencerPreview] getOrCreatePreviewAny: try type=minecraft:allay
[18:57:45] [Render thread/INFO] (Minecraft) [STDOUT]: [SequencerPreview] getOrCreatePreviewAny: reuse existing instance for minecraft:allay
[18:57:45] [Render thread/INFO] (Minecraft) [STDOUT]: [AEC][PROBE] PREVIEW draw begin: type=minecraft:allay rect=216,120 256x118
[18:57:45] [Render thread/INFO] (Minecraft) [STDOUT]: [AEC][PROBE] PREVIEW draw end
[18:57:45] [Render thread/INFO] (Minecraft) [STDOUT]: [AEC][PROBE] ---- frame 144 ----
[18:57:45] [Render thread/INFO] (Minecraft) [STDOUT]: [AEC][PROBE] Screen.render tab=MORPHS
[18:57:45] [Render thread/INFO] (Minecraft) [STDOUT]: [AEC][PROBE] Render: selectedType=minecraft:allay
[18:57:45] [Render thread/INFO] (Minecraft) [STDOUT]: [AEC][PROBE] PreviewRect: rect x=216 y=120 w=256 h=118
[18:57:45] [Render thread/INFO] (Minecraft) [STDOUT]: [SequencerPreview] Icon create: AREA_EFFECT_CLOUD
[18:57:45] [Render thread/INFO] (Minecraft) [STDOUT]: [SequencerPreview] drawEntityAny: start, type=minecraft:area_effect_cloud
[18:57:45] [Render thread/INFO] (Minecraft) [STDOUT]: [AEC][PROBE] ICON AEC: enter size=24
[18:57:45] [Render thread/INFO] (Minecraft) [STDOUT]: [AEC][PROBE] MAEC 2D: enter x=7 y=54 w=24 h=24
[18:57:45] [Render thread/INFO] (Minecraft) [STDOUT]: [AEC][PROBE] MAEC 2D: style: style name='Potion cloud' sprites=false baseDisk=true softPuffs=true grid=8 density=1,15 alpha=0,90 wobble=0,050 puffMul=1,00 tint=0xFF000000
[18:57:45] [Render thread/INFO] (Minecraft) [STDOUT]: [AEC][PROBE] MAEC frames: load
[18:57:45] [Render thread/INFO] (Minecraft) [STDOUT]: [SequencerPreview] drawEntityAny: start, type=minecraft:arrow
[18:57:45] [Render thread/INFO] (Minecraft) [STDOUT]: [SequencerPreview] drawEntityAny: det=-729.0
[18:57:45] [Render thread/INFO] (Minecraft) [STDOUT]: [SequencerPreview] drawEntityAny: start, type=minecraft:block_display
[18:57:45] [Render thread/INFO] (Minecraft) [STDOUT]: [SequencerPreview] drawEntityAny: det=-729.0
[18:57:45] [Render thread/INFO] (Minecraft) [STDOUT]: [SequencerPreview] drawEntityAny: start, type=minecraft:boat
[18:57:45] [Render thread/INFO] (Minecraft) [STDOUT]: [SequencerPreview] drawEntityAny: det=-729.0
[18:57:45] [Render thread/INFO] (Minecraft) [STDOUT]: [AEC][PROBE] getOrCreatePreviewAny: start
[18:57:45] [Render thread/INFO] (Minecraft) [STDOUT]: [AEC][PROBE] getOrCreatePreviewAny: world=true type=true
[18:57:45] [Render thread/INFO] (Minecraft) [STDOUT]: [SequencerPreview] getOrCreatePreviewAny: try type=minecraft:allay
[18:57:45] [Render thread/INFO] (Minecraft) [STDOUT]: [SequencerPreview] getOrCreatePreviewAny: reuse existing instance for minecraft:allay
[18:57:45] [Render thread/INFO] (Minecraft) [STDOUT]: [AEC][PROBE] PREVIEW draw begin: type=minecraft:allay rect=216,120 256x118
[18:57:45] [Render thread/INFO] (Minecraft) [STDOUT]: [AEC][PROBE] PREVIEW draw end
[18:57:45] [Render thread/INFO] (Minecraft) [STDOUT]: [AEC][PROBE] ---- frame 145 ----
[18:57:45] [Render thread/INFO] (Minecraft) [STDOUT]: [AEC][PROBE] Screen.render tab=MORPHS
[18:57:45] [Render thread/INFO] (Minecraft) [STDOUT]: [AEC][PROBE] Render: selectedType=minecraft:allay
[18:57:45] [Render thread/INFO] (Minecraft) [STDOUT]: [AEC][PROBE] PreviewRect: rect x=216 y=120 w=256 h=118
[18:57:45] [Render thread/INFO] (Minecraft) [STDOUT]: [SequencerPreview] Icon create: AREA_EFFECT_CLOUD
[18:57:45] [Render thread/INFO] (Minecraft) [STDOUT]: [SequencerPreview] drawEntityAny: start, type=minecraft:area_effect_cloud
[18:57:45] [Render thread/INFO] (Minecraft) [STDOUT]: [AEC][PROBE] ICON AEC: enter size=24
[18:57:45] [Render thread/INFO] (Minecraft) [STDOUT]: [AEC][PROBE] MAEC 2D: enter x=7 y=54 w=24 h=24
[18:57:45] [Render thread/INFO] (Minecraft) [STDOUT]: [AEC][PROBE] MAEC 2D: style: style name='Potion cloud' sprites=false baseDisk=true softPuffs=true grid=8 density=1,15 alpha=0,90 wobble=0,050 puffMul=1,00 tint=0xFF000000
[18:57:45] [Render thread/INFO] (Minecraft) [STDOUT]: [AEC][PROBE] MAEC frames: load
[18:57:45] [Render thread/INFO] (Minecraft) [STDOUT]: [SequencerPreview] drawEntityAny: start, type=minecraft:arrow
[18:57:45] [Render thread/INFO] (Minecraft) [STDOUT]: [SequencerPreview] drawEntityAny: det=-729.0
[18:57:45] [Render thread/INFO] (Minecraft) [STDOUT]: [SequencerPreview] drawEntityAny: start, type=minecraft:block_display
[18:57:45] [Render thread/INFO] (Minecraft) [STDOUT]: [SequencerPreview] drawEntityAny: det=-729.0
[18:57:45] [Render thread/INFO] (Minecraft) [STDOUT]: [SequencerPreview] drawEntityAny: start, type=minecraft:boat
[18:57:45] [Render thread/INFO] (Minecraft) [STDOUT]: [SequencerPreview] drawEntityAny: det=-729.0
[18:57:45] [Render thread/INFO] (Minecraft) [STDOUT]: [AEC][PROBE] getOrCreatePreviewAny: start
[18:57:45] [Render thread/INFO] (Minecraft) [STDOUT]: [AEC][PROBE] getOrCreatePreviewAny: world=true type=true
[18:57:45] [Render thread/INFO] (Minecraft) [STDOUT]: [SequencerPreview] getOrCreatePreviewAny: try type=minecraft:allay
[18:57:45] [Render thread/INFO] (Minecraft) [STDOUT]: [SequencerPreview] getOrCreatePreviewAny: reuse existing instance for minecraft:allay
[18:57:45] [Render thread/INFO] (Minecraft) [STDOUT]: [AEC][PROBE] PREVIEW draw begin: type=minecraft:allay rect=216,120 256x118
[18:57:45] [Render thread/INFO] (Minecraft) [STDOUT]: [AEC][PROBE] PREVIEW draw end
[18:57:45] [Render thread/INFO] (Minecraft) [STDOUT]: [AEC][PROBE] ---- frame 146 ----
[18:57:45] [Render thread/INFO] (Minecraft) [STDOUT]: [AEC][PROBE] Screen.render tab=MORPHS
[18:57:45] [Render thread/INFO] (Minecraft) [STDOUT]: [AEC][PROBE] Render: selectedType=minecraft:allay
[18:57:45] [Render thread/INFO] (Minecraft) [STDOUT]: [AEC][PROBE] PreviewRect: rect x=216 y=120 w=256 h=118
[18:57:45] [Render thread/INFO] (Minecraft) [STDOUT]: [SequencerPreview] Icon create: AREA_EFFECT_CLOUD
[18:57:45] [Render thread/INFO] (Minecraft) [STDOUT]: [SequencerPreview] drawEntityAny: start, type=minecraft:area_effect_cloud
[18:57:45] [Render thread/INFO] (Minecraft) [STDOUT]: [AEC][PROBE] ICON AEC: enter size=24
[18:57:45] [Render thread/INFO] (Minecraft) [STDOUT]: [AEC][PROBE] MAEC 2D: enter x=7 y=54 w=24 h=24
[18:57:45] [Render thread/INFO] (Minecraft) [STDOUT]: [AEC][PROBE] MAEC 2D: style: style name='Potion cloud' sprites=false baseDisk=true softPuffs=true grid=8 density=1,15 alpha=0,90 wobble=0,050 puffMul=1,00 tint=0xFF000000
[18:57:45] [Render thread/INFO] (Minecraft) [STDOUT]: [AEC][PROBE] MAEC frames: load
[18:57:45] [Render thread/INFO] (Minecraft) [STDOUT]: [SequencerPreview] drawEntityAny: start, type=minecraft:arrow
[18:57:45] [Render thread/INFO] (Minecraft) [STDOUT]: [SequencerPreview] drawEntityAny: det=-729.0
[18:57:45] [Render thread/INFO] (Minecraft) [STDOUT]: [SequencerPreview] drawEntityAny: start, type=minecraft:block_display
[18:57:45] [Render thread/INFO] (Minecraft) [STDOUT]: [SequencerPreview] drawEntityAny: det=-729.0
[18:57:45] [Render thread/INFO] (Minecraft) [STDOUT]: [SequencerPreview] drawEntityAny: start, type=minecraft:boat
[18:57:45] [Render thread/INFO] (Minecraft) [STDOUT]: [SequencerPreview] drawEntityAny: det=-729.0
[18:57:45] [Render thread/INFO] (Minecraft) [STDOUT]: [AEC][PROBE] getOrCreatePreviewAny: start
[18:57:45] [Render thread/INFO] (Minecraft) [STDOUT]: [AEC][PROBE] getOrCreatePreviewAny: world=true type=true
[18:57:45] [Render thread/INFO] (Minecraft) [STDOUT]: [SequencerPreview] getOrCreatePreviewAny: try type=minecraft:allay
[18:57:45] [Render thread/INFO] (Minecraft) [STDOUT]: [SequencerPreview] getOrCreatePreviewAny: reuse existing instance for minecraft:allay
[18:57:45] [Render thread/INFO] (Minecraft) [STDOUT]: [AEC][PROBE] PREVIEW draw begin: type=minecraft:allay rect=216,120 256x118
[18:57:45] [Render thread/INFO] (Minecraft) [STDOUT]: [AEC][PROBE] PREVIEW draw end
[18:57:45] [Render thread/INFO] (Minecraft) [STDOUT]: [AEC][PROBE] ---- frame 147 ----
[18:57:45] [Render thread/INFO] (Minecraft) [STDOUT]: [AEC][PROBE] Screen.render tab=MORPHS
[18:57:45] [Render thread/INFO] (Minecraft) [STDOUT]: [AEC][PROBE] Render: selectedType=minecraft:allay
[18:57:45] [Render thread/INFO] (Minecraft) [STDOUT]: [AEC][PROBE] PreviewRect: rect x=216 y=120 w=256 h=118
[18:57:45] [Render thread/INFO] (Minecraft) [STDOUT]: [SequencerPreview] Icon create: AREA_EFFECT_CLOUD
[18:57:45] [Render thread/INFO] (Minecraft) [STDOUT]: [SequencerPreview] drawEntityAny: start, type=minecraft:area_effect_cloud
[18:57:45] [Render thread/INFO] (Minecraft) [STDOUT]: [AEC][PROBE] ICON AEC: enter size=24
[18:57:45] [Render thread/INFO] (Minecraft) [STDOUT]: [AEC][PROBE] MAEC 2D: enter x=7 y=54 w=24 h=24
[18:57:45] [Render thread/INFO] (Minecraft) [STDOUT]: [AEC][PROBE] MAEC 2D: style: style name='Potion cloud' sprites=false baseDisk=true softPuffs=true grid=8 density=1,15 alpha=0,90 wobble=0,050 puffMul=1,00 tint=0xFF000000
[18:57:45] [Render thread/INFO] (Minecraft) [STDOUT]: [AEC][PROBE] MAEC frames: load
[18:57:45] [Render thread/INFO] (Minecraft) [STDOUT]: [SequencerPreview] drawEntityAny: start, type=minecraft:arrow
[18:57:45] [Render thread/INFO] (Minecraft) [STDOUT]: [SequencerPreview] drawEntityAny: det=-729.0
[18:57:45] [Render thread/INFO] (Minecraft) [STDOUT]: [SequencerPreview] drawEntityAny: start, type=minecraft:block_display
[18:57:45] [Render thread/INFO] (Minecraft) [STDOUT]: [SequencerPreview] drawEntityAny: det=-729.0
[18:57:45] [Render thread/INFO] (Minecraft) [STDOUT]: [SequencerPreview] drawEntityAny: start, type=minecraft:boat
[18:57:45] [Render thread/INFO] (Minecraft) [STDOUT]: [SequencerPreview] drawEntityAny: det=-729.0
[18:57:45] [Render thread/INFO] (Minecraft) [STDOUT]: [AEC][PROBE] getOrCreatePreviewAny: start
[18:57:45] [Render thread/INFO] (Minecraft) [STDOUT]: [AEC][PROBE] getOrCreatePreviewAny: world=true type=true
[18:57:45] [Render thread/INFO] (Minecraft) [STDOUT]: [SequencerPreview] getOrCreatePreviewAny: try type=minecraft:allay
[18:57:45] [Render thread/INFO] (Minecraft) [STDOUT]: [SequencerPreview] getOrCreatePreviewAny: reuse existing instance for minecraft:allay
[18:57:45] [Render thread/INFO] (Minecraft) [STDOUT]: [AEC][PROBE] PREVIEW draw begin: type=minecraft:allay rect=216,120 256x118
[18:57:45] [Render thread/INFO] (Minecraft) [STDOUT]: [AEC][PROBE] PREVIEW draw end
[18:57:45] [Render thread/INFO] (Minecraft) [STDOUT]: [AEC][PROBE] ---- frame 148 ----
[18:57:45] [Render thread/INFO] (Minecraft) [STDOUT]: [AEC][PROBE] Screen.render tab=MORPHS
[18:57:45] [Render thread/INFO] (Minecraft) [STDOUT]: [AEC][PROBE] Render: selectedType=minecraft:allay
[18:57:45] [Render thread/INFO] (Minecraft) [STDOUT]: [AEC][PROBE] PreviewRect: rect x=216 y=120 w=256 h=118
[18:57:45] [Render thread/INFO] (Minecraft) [STDOUT]: [SequencerPreview] Icon create: AREA_EFFECT_CLOUD
[18:57:45] [Render thread/INFO] (Minecraft) [STDOUT]: [SequencerPreview] drawEntityAny: start, type=minecraft:area_effect_cloud
[18:57:45] [Render thread/INFO] (Minecraft) [STDOUT]: [AEC][PROBE] ICON AEC: enter size=24
[18:57:45] [Render thread/INFO] (Minecraft) [STDOUT]: [AEC][PROBE] MAEC 2D: enter x=7 y=54 w=24 h=24
[18:57:45] [Render thread/INFO] (Minecraft) [STDOUT]: [AEC][PROBE] MAEC 2D: style: style name='Potion cloud' sprites=false baseDisk=true softPuffs=true grid=8 density=1,15 alpha=0,90 wobble=0,050 puffMul=1,00 tint=0xFF000000
[18:57:45] [Render thread/INFO] (Minecraft) [STDOUT]: [AEC][PROBE] MAEC frames: load
[18:57:45] [Render thread/INFO] (Minecraft) [STDOUT]: [SequencerPreview] drawEntityAny: start, type=minecraft:arrow
[18:57:45] [Render thread/INFO] (Minecraft) [STDOUT]: [SequencerPreview] drawEntityAny: det=-729.0
[18:57:45] [Render thread/INFO] (Minecraft) [STDOUT]: [SequencerPreview] drawEntityAny: start, type=minecraft:block_display
[18:57:45] [Render thread/INFO] (Minecraft) [STDOUT]: [SequencerPreview] drawEntityAny: det=-729.0
[18:57:45] [Render thread/INFO] (Minecraft) [STDOUT]: [SequencerPreview] drawEntityAny: start, type=minecraft:boat
[18:57:45] [Render thread/INFO] (Minecraft) [STDOUT]: [SequencerPreview] drawEntityAny: det=-729.0
[18:57:45] [Render thread/INFO] (Minecraft) [STDOUT]: [AEC][PROBE] getOrCreatePreviewAny: start
[18:57:45] [Render thread/INFO] (Minecraft) [STDOUT]: [AEC][PROBE] getOrCreatePreviewAny: world=true type=true
[18:57:45] [Render thread/INFO] (Minecraft) [STDOUT]: [SequencerPreview] getOrCreatePreviewAny: try type=minecraft:allay
[18:57:45] [Render thread/INFO] (Minecraft) [STDOUT]: [SequencerPreview] getOrCreatePreviewAny: reuse existing instance for minecraft:allay
[18:57:45] [Render thread/INFO] (Minecraft) [STDOUT]: [AEC][PROBE] PREVIEW draw begin: type=minecraft:allay rect=216,120 256x118
[18:57:45] [Render thread/INFO] (Minecraft) [STDOUT]: [AEC][PROBE] PREVIEW draw end
[18:57:45] [Render thread/INFO] (Minecraft) [STDOUT]: [AEC][PROBE] MOVE screen: x=236,0 y=54,5
[18:57:45] [Render thread/INFO] (Minecraft) [STDOUT]: [AEC][PROBE] ---- frame 149 ----
[18:57:45] [Render thread/INFO] (Minecraft) [STDOUT]: [AEC][PROBE] Screen.render tab=MORPHS
[18:57:45] [Render thread/INFO] (Minecraft) [STDOUT]: [AEC][PROBE] Render: selectedType=minecraft:allay
[18:57:45] [Render thread/INFO] (Minecraft) [STDOUT]: [AEC][PROBE] PreviewRect: rect x=216 y=120 w=256 h=118
[18:57:45] [Render thread/INFO] (Minecraft) [STDOUT]: [SequencerPreview] Icon create: AREA_EFFECT_CLOUD
[18:57:45] [Render thread/INFO] (Minecraft) [STDOUT]: [SequencerPreview] drawEntityAny: start, type=minecraft:area_effect_cloud
[18:57:45] [Render thread/INFO] (Minecraft) [STDOUT]: [AEC][PROBE] ICON AEC: enter size=24
[18:57:45] [Render thread/INFO] (Minecraft) [STDOUT]: [AEC][PROBE] MAEC 2D: enter x=7 y=54 w=24 h=24
[18:57:45] [Render thread/INFO] (Minecraft) [STDOUT]: [AEC][PROBE] MAEC 2D: style: style name='Potion cloud' sprites=false baseDisk=true softPuffs=true grid=8 density=1,15 alpha=0,90 wobble=0,050 puffMul=1,00 tint=0xFF000000
[18:57:45] [Render thread/INFO] (Minecraft) [STDOUT]: [AEC][PROBE] MAEC frames: load
[18:57:45] [Render thread/INFO] (Minecraft) [STDOUT]: [SequencerPreview] drawEntityAny: start, type=minecraft:arrow
[18:57:45] [Render thread/INFO] (Minecraft) [STDOUT]: [SequencerPreview] drawEntityAny: det=-729.0
[18:57:45] [Render thread/INFO] (Minecraft) [STDOUT]: [SequencerPreview] drawEntityAny: start, type=minecraft:block_display
[18:57:45] [Render thread/INFO] (Minecraft) [STDOUT]: [SequencerPreview] drawEntityAny: det=-729.0
[18:57:45] [Render thread/INFO] (Minecraft) [STDOUT]: [SequencerPreview] drawEntityAny: start, type=minecraft:boat
[18:57:45] [Render thread/INFO] (Minecraft) [STDOUT]: [SequencerPreview] drawEntityAny: det=-729.0
[18:57:45] [Render thread/INFO] (Minecraft) [STDOUT]: [AEC][PROBE] getOrCreatePreviewAny: start
[18:57:45] [Render thread/INFO] (Minecraft) [STDOUT]: [AEC][PROBE] getOrCreatePreviewAny: world=true type=true
[18:57:45] [Render thread/INFO] (Minecraft) [STDOUT]: [SequencerPreview] getOrCreatePreviewAny: try type=minecraft:allay
[18:57:45] [Render thread/INFO] (Minecraft) [STDOUT]: [SequencerPreview] getOrCreatePreviewAny: reuse existing instance for minecraft:allay
[18:57:45] [Render thread/INFO] (Minecraft) [STDOUT]: [AEC][PROBE] PREVIEW draw begin: type=minecraft:allay rect=216,120 256x118
[18:57:45] [Render thread/INFO] (Minecraft) [STDOUT]: [AEC][PROBE] PREVIEW draw end
[18:57:45] [Render thread/INFO] (Minecraft) [STDOUT]: [AEC][PROBE] ---- frame 150 ----
[18:57:45] [Render thread/INFO] (Minecraft) [STDOUT]: [AEC][PROBE] Screen.render tab=MORPHS
[18:57:45] [Render thread/INFO] (Minecraft) [STDOUT]: [AEC][PROBE] Render: selectedType=minecraft:allay
[18:57:45] [Render thread/INFO] (Minecraft) [STDOUT]: [AEC][PROBE] PreviewRect: rect x=216 y=120 w=256 h=118
[18:57:45] [Render thread/INFO] (Minecraft) [STDOUT]: [SequencerPreview] Icon create: AREA_EFFECT_CLOUD
[18:57:45] [Render thread/INFO] (Minecraft) [STDOUT]: [SequencerPreview] drawEntityAny: start, type=minecraft:area_effect_cloud
[18:57:45] [Render thread/INFO] (Minecraft) [STDOUT]: [AEC][PROBE] ICON AEC: enter size=24
[18:57:45] [Render thread/INFO] (Minecraft) [STDOUT]: [AEC][PROBE] MAEC 2D: enter x=7 y=54 w=24 h=24
[18:57:45] [Render thread/INFO] (Minecraft) [STDOUT]: [AEC][PROBE] MAEC 2D: style: style name='Potion cloud' sprites=false baseDisk=true softPuffs=true grid=8 density=1,15 alpha=0,90 wobble=0,050 puffMul=1,00 tint=0xFF000000
[18:57:45] [Render thread/INFO] (Minecraft) [STDOUT]: [AEC][PROBE] MAEC frames: load
[18:57:45] [Render thread/INFO] (Minecraft) [STDOUT]: [SequencerPreview] drawEntityAny: start, type=minecraft:arrow
[18:57:45] [Render thread/INFO] (Minecraft) [STDOUT]: [SequencerPreview] drawEntityAny: det=-729.0
[18:57:45] [Render thread/INFO] (Minecraft) [STDOUT]: [SequencerPreview] drawEntityAny: start, type=minecraft:block_display
[18:57:45] [Render thread/INFO] (Minecraft) [STDOUT]: [SequencerPreview] drawEntityAny: det=-729.0
[18:57:45] [Render thread/INFO] (Minecraft) [STDOUT]: [SequencerPreview] drawEntityAny: start, type=minecraft:boat
[18:57:45] [Render thread/INFO] (Minecraft) [STDOUT]: [SequencerPreview] drawEntityAny: det=-729.0
[18:57:45] [Render thread/INFO] (Minecraft) [STDOUT]: [AEC][PROBE] getOrCreatePreviewAny: start
[18:57:45] [Render thread/INFO] (Minecraft) [STDOUT]: [AEC][PROBE] getOrCreatePreviewAny: world=true type=true
[18:57:45] [Render thread/INFO] (Minecraft) [STDOUT]: [SequencerPreview] getOrCreatePreviewAny: try type=minecraft:allay
[18:57:45] [Render thread/INFO] (Minecraft) [STDOUT]: [SequencerPreview] getOrCreatePreviewAny: reuse existing instance for minecraft:allay
[18:57:45] [Render thread/INFO] (Minecraft) [STDOUT]: [AEC][PROBE] PREVIEW draw begin: type=minecraft:allay rect=216,120 256x118
[18:57:45] [Render thread/INFO] (Minecraft) [STDOUT]: [AEC][PROBE] PREVIEW draw end
[18:57:45] [Render thread/INFO] (Minecraft) [STDOUT]: [AEC][PROBE] ---- frame 151 ----
[18:57:45] [Render thread/INFO] (Minecraft) [STDOUT]: [AEC][PROBE] Screen.render tab=MORPHS
[18:57:45] [Render thread/INFO] (Minecraft) [STDOUT]: [AEC][PROBE] Render: selectedType=minecraft:allay
[18:57:45] [Render thread/INFO] (Minecraft) [STDOUT]: [AEC][PROBE] PreviewRect: rect x=216 y=120 w=256 h=118
[18:57:45] [Render thread/INFO] (Minecraft) [STDOUT]: [SequencerPreview] Icon create: AREA_EFFECT_CLOUD
[18:57:45] [Render thread/INFO] (Minecraft) [STDOUT]: [SequencerPreview] drawEntityAny: start, type=minecraft:area_effect_cloud
[18:57:45] [Render thread/INFO] (Minecraft) [STDOUT]: [AEC][PROBE] ICON AEC: enter size=24
[18:57:45] [Render thread/INFO] (Minecraft) [STDOUT]: [AEC][PROBE] MAEC 2D: enter x=7 y=54 w=24 h=24
[18:57:45] [Render thread/INFO] (Minecraft) [STDOUT]: [AEC][PROBE] MAEC 2D: style: style name='Potion cloud' sprites=false baseDisk=true softPuffs=true grid=8 density=1,15 alpha=0,90 wobble=0,050 puffMul=1,00 tint=0xFF000000
[18:57:45] [Render thread/INFO] (Minecraft) [STDOUT]: [AEC][PROBE] MAEC frames: load
[18:57:45] [Render thread/INFO] (Minecraft) [STDOUT]: [SequencerPreview] drawEntityAny: start, type=minecraft:arrow
[18:57:45] [Render thread/INFO] (Minecraft) [STDOUT]: [SequencerPreview] drawEntityAny: det=-729.0
[18:57:45] [Render thread/INFO] (Minecraft) [STDOUT]: [SequencerPreview] drawEntityAny: start, type=minecraft:block_display
[18:57:45] [Render thread/INFO] (Minecraft) [STDOUT]: [SequencerPreview] drawEntityAny: det=-729.0
[18:57:45] [Render thread/INFO] (Minecraft) [STDOUT]: [SequencerPreview] drawEntityAny: start, type=minecraft:boat
[18:57:45] [Render thread/INFO] (Minecraft) [STDOUT]: [SequencerPreview] drawEntityAny: det=-729.0
[18:57:45] [Render thread/INFO] (Minecraft) [STDOUT]: [AEC][PROBE] getOrCreatePreviewAny: start
[18:57:45] [Render thread/INFO] (Minecraft) [STDOUT]: [AEC][PROBE] getOrCreatePreviewAny: world=true type=true
[18:57:45] [Render thread/INFO] (Minecraft) [STDOUT]: [SequencerPreview] getOrCreatePreviewAny: try type=minecraft:allay
[18:57:45] [Render thread/INFO] (Minecraft) [STDOUT]: [SequencerPreview] getOrCreatePreviewAny: reuse existing instance for minecraft:allay
[18:57:45] [Render thread/INFO] (Minecraft) [STDOUT]: [AEC][PROBE] PREVIEW draw begin: type=minecraft:allay rect=216,120 256x118
[18:57:45] [Render thread/INFO] (Minecraft) [STDOUT]: [AEC][PROBE] PREVIEW draw end
[18:57:45] [Render thread/INFO] (Minecraft) [STDOUT]: [AEC][PROBE] ---- frame 152 ----
[18:57:45] [Render thread/INFO] (Minecraft) [STDOUT]: [AEC][PROBE] Screen.render tab=MORPHS
[18:57:45] [Render thread/INFO] (Minecraft) [STDOUT]: [AEC][PROBE] Render: selectedType=minecraft:allay
[18:57:45] [Render thread/INFO] (Minecraft) [STDOUT]: [AEC][PROBE] PreviewRect: rect x=216 y=120 w=256 h=118
[18:57:45] [Render thread/INFO] (Minecraft) [STDOUT]: [SequencerPreview] Icon create: AREA_EFFECT_CLOUD
[18:57:45] [Render thread/INFO] (Minecraft) [STDOUT]: [SequencerPreview] drawEntityAny: start, type=minecraft:area_effect_cloud
[18:57:45] [Render thread/INFO] (Minecraft) [STDOUT]: [AEC][PROBE] ICON AEC: enter size=24
[18:57:45] [Render thread/INFO] (Minecraft) [STDOUT]: [AEC][PROBE] MAEC 2D: enter x=7 y=54 w=24 h=24
[18:57:45] [Render thread/INFO] (Minecraft) [STDOUT]: [AEC][PROBE] MAEC 2D: style: style name='Potion cloud' sprites=false baseDisk=true softPuffs=true grid=8 density=1,15 alpha=0,90 wobble=0,050 puffMul=1,00 tint=0xFF000000
[18:57:45] [Render thread/INFO] (Minecraft) [STDOUT]: [AEC][PROBE] MAEC frames: load
[18:57:45] [Render thread/INFO] (Minecraft) [STDOUT]: [SequencerPreview] drawEntityAny: start, type=minecraft:arrow
[18:57:45] [Render thread/INFO] (Minecraft) [STDOUT]: [SequencerPreview] drawEntityAny: det=-729.0
[18:57:45] [Render thread/INFO] (Minecraft) [STDOUT]: [SequencerPreview] drawEntityAny: start, type=minecraft:block_display
[18:57:45] [Render thread/INFO] (Minecraft) [STDOUT]: [SequencerPreview] drawEntityAny: det=-729.0
[18:57:45] [Render thread/INFO] (Minecraft) [STDOUT]: [SequencerPreview] drawEntityAny: start, type=minecraft:boat
[18:57:45] [Render thread/INFO] (Minecraft) [STDOUT]: [SequencerPreview] drawEntityAny: det=-729.0
[18:57:45] [Render thread/INFO] (Minecraft) [STDOUT]: [AEC][PROBE] getOrCreatePreviewAny: start
[18:57:45] [Render thread/INFO] (Minecraft) [STDOUT]: [AEC][PROBE] getOrCreatePreviewAny: world=true type=true
[18:57:45] [Render thread/INFO] (Minecraft) [STDOUT]: [SequencerPreview] getOrCreatePreviewAny: try type=minecraft:allay
[18:57:45] [Render thread/INFO] (Minecraft) [STDOUT]: [SequencerPreview] getOrCreatePreviewAny: reuse existing instance for minecraft:allay
[18:57:45] [Render thread/INFO] (Minecraft) [STDOUT]: [AEC][PROBE] PREVIEW draw begin: type=minecraft:allay rect=216,120 256x118
[18:57:45] [Render thread/INFO] (Minecraft) [STDOUT]: [AEC][PROBE] PREVIEW draw end
[18:57:45] [Render thread/INFO] (Minecraft) [STDOUT]: [AEC][PROBE] ---- frame 153 ----
[18:57:45] [Render thread/INFO] (Minecraft) [STDOUT]: [AEC][PROBE] Screen.render tab=MORPHS
[18:57:45] [Render thread/INFO] (Minecraft) [STDOUT]: [AEC][PROBE] Render: selectedType=minecraft:allay
[18:57:45] [Render thread/INFO] (Minecraft) [STDOUT]: [AEC][PROBE] PreviewRect: rect x=216 y=120 w=256 h=118
[18:57:45] [Render thread/INFO] (Minecraft) [STDOUT]: [SequencerPreview] Icon create: AREA_EFFECT_CLOUD
[18:57:45] [Render thread/INFO] (Minecraft) [STDOUT]: [SequencerPreview] drawEntityAny: start, type=minecraft:area_effect_cloud
[18:57:45] [Render thread/INFO] (Minecraft) [STDOUT]: [AEC][PROBE] ICON AEC: enter size=24
[18:57:45] [Render thread/INFO] (Minecraft) [STDOUT]: [AEC][PROBE] MAEC 2D: enter x=7 y=54 w=24 h=24
[18:57:45] [Render thread/INFO] (Minecraft) [STDOUT]: [AEC][PROBE] MAEC 2D: style: style name='Potion cloud' sprites=false baseDisk=true softPuffs=true grid=8 density=1,15 alpha=0,90 wobble=0,050 puffMul=1,00 tint=0xFF000000
[18:57:45] [Render thread/INFO] (Minecraft) [STDOUT]: [AEC][PROBE] MAEC frames: load
[18:57:45] [Render thread/INFO] (Minecraft) [STDOUT]: [SequencerPreview] drawEntityAny: start, type=minecraft:arrow
[18:57:45] [Render thread/INFO] (Minecraft) [STDOUT]: [SequencerPreview] drawEntityAny: det=-729.0
[18:57:45] [Render thread/INFO] (Minecraft) [STDOUT]: [SequencerPreview] drawEntityAny: start, type=minecraft:block_display
[18:57:45] [Render thread/INFO] (Minecraft) [STDOUT]: [SequencerPreview] drawEntityAny: det=-729.0
[18:57:45] [Render thread/INFO] (Minecraft) [STDOUT]: [SequencerPreview] drawEntityAny: start, type=minecraft:boat
[18:57:45] [Render thread/INFO] (Minecraft) [STDOUT]: [SequencerPreview] drawEntityAny: det=-729.0
[18:57:45] [Render thread/INFO] (Minecraft) [STDOUT]: [AEC][PROBE] getOrCreatePreviewAny: start
[18:57:45] [Render thread/INFO] (Minecraft) [STDOUT]: [AEC][PROBE] getOrCreatePreviewAny: world=true type=true
[18:57:45] [Render thread/INFO] (Minecraft) [STDOUT]: [SequencerPreview] getOrCreatePreviewAny: try type=minecraft:allay
[18:57:45] [Render thread/INFO] (Minecraft) [STDOUT]: [SequencerPreview] getOrCreatePreviewAny: reuse existing instance for minecraft:allay
[18:57:45] [Render thread/INFO] (Minecraft) [STDOUT]: [AEC][PROBE] PREVIEW draw begin: type=minecraft:allay rect=216,120 256x118
[18:57:45] [Render thread/INFO] (Minecraft) [STDOUT]: [AEC][PROBE] PREVIEW draw end
[18:57:45] [Render thread/INFO] (Minecraft) [STDOUT]: [AEC][PROBE] ---- frame 154 ----
[18:57:45] [Render thread/INFO] (Minecraft) [STDOUT]: [AEC][PROBE] Screen.render tab=MORPHS
[18:57:45] [Render thread/INFO] (Minecraft) [STDOUT]: [AEC][PROBE] Render: selectedType=minecraft:allay
[18:57:45] [Render thread/INFO] (Minecraft) [STDOUT]: [AEC][PROBE] PreviewRect: rect x=216 y=120 w=256 h=118
[18:57:45] [Render thread/INFO] (Minecraft) [STDOUT]: [SequencerPreview] Icon create: AREA_EFFECT_CLOUD
[18:57:45] [Render thread/INFO] (Minecraft) [STDOUT]: [SequencerPreview] drawEntityAny: start, type=minecraft:area_effect_cloud
[18:57:45] [Render thread/INFO] (Minecraft) [STDOUT]: [AEC][PROBE] ICON AEC: enter size=24
[18:57:45] [Render thread/INFO] (Minecraft) [STDOUT]: [AEC][PROBE] MAEC 2D: enter x=7 y=54 w=24 h=24
[18:57:45] [Render thread/INFO] (Minecraft) [STDOUT]: [AEC][PROBE] MAEC 2D: style: style name='Potion cloud' sprites=false baseDisk=true softPuffs=true grid=8 density=1,15 alpha=0,90 wobble=0,050 puffMul=1,00 tint=0xFF000000
[18:57:45] [Render thread/INFO] (Minecraft) [STDOUT]: [AEC][PROBE] MAEC frames: load
[18:57:45] [Render thread/INFO] (Minecraft) [STDOUT]: [SequencerPreview] drawEntityAny: start, type=minecraft:arrow
[18:57:45] [Render thread/INFO] (Minecraft) [STDOUT]: [SequencerPreview] drawEntityAny: det=-729.0
[18:57:45] [Render thread/INFO] (Minecraft) [STDOUT]: [SequencerPreview] drawEntityAny: start, type=minecraft:block_display
[18:57:45] [Render thread/INFO] (Minecraft) [STDOUT]: [SequencerPreview] drawEntityAny: det=-729.0
[18:57:45] [Render thread/INFO] (Minecraft) [STDOUT]: [SequencerPreview] drawEntityAny: start, type=minecraft:boat
[18:57:45] [Render thread/INFO] (Minecraft) [STDOUT]: [SequencerPreview] drawEntityAny: det=-729.0
[18:57:45] [Render thread/INFO] (Minecraft) [STDOUT]: [AEC][PROBE] getOrCreatePreviewAny: start
[18:57:45] [Render thread/INFO] (Minecraft) [STDOUT]: [AEC][PROBE] getOrCreatePreviewAny: world=true type=true
[18:57:45] [Render thread/INFO] (Minecraft) [STDOUT]: [SequencerPreview] getOrCreatePreviewAny: try type=minecraft:allay
[18:57:45] [Render thread/INFO] (Minecraft) [STDOUT]: [SequencerPreview] getOrCreatePreviewAny: reuse existing instance for minecraft:allay
[18:57:45] [Render thread/INFO] (Minecraft) [STDOUT]: [AEC][PROBE] PREVIEW draw begin: type=minecraft:allay rect=216,120 256x118
[18:57:45] [Render thread/INFO] (Minecraft) [STDOUT]: [AEC][PROBE] PREVIEW draw end
[18:57:45] [Render thread/INFO] (Minecraft) [STDOUT]: [AEC][PROBE] ---- frame 155 ----
[18:57:45] [Render thread/INFO] (Minecraft) [STDOUT]: [AEC][PROBE] Screen.render tab=MORPHS
[18:57:45] [Render thread/INFO] (Minecraft) [STDOUT]: [AEC][PROBE] Render: selectedType=minecraft:allay
[18:57:45] [Render thread/INFO] (Minecraft) [STDOUT]: [AEC][PROBE] PreviewRect: rect x=216 y=120 w=256 h=118
[18:57:45] [Render thread/INFO] (Minecraft) [STDOUT]: [SequencerPreview] Icon create: AREA_EFFECT_CLOUD
[18:57:45] [Render thread/INFO] (Minecraft) [STDOUT]: [SequencerPreview] drawEntityAny: start, type=minecraft:area_effect_cloud
[18:57:45] [Render thread/INFO] (Minecraft) [STDOUT]: [AEC][PROBE] ICON AEC: enter size=24
[18:57:45] [Render thread/INFO] (Minecraft) [STDOUT]: [AEC][PROBE] MAEC 2D: enter x=7 y=54 w=24 h=24
[18:57:45] [Render thread/INFO] (Minecraft) [STDOUT]: [AEC][PROBE] MAEC 2D: style: style name='Potion cloud' sprites=false baseDisk=true softPuffs=true grid=8 density=1,15 alpha=0,90 wobble=0,050 puffMul=1,00 tint=0xFF000000
[18:57:45] [Render thread/INFO] (Minecraft) [STDOUT]: [AEC][PROBE] MAEC frames: load
[18:57:45] [Render thread/INFO] (Minecraft) [STDOUT]: [SequencerPreview] drawEntityAny: start, type=minecraft:arrow
[18:57:45] [Render thread/INFO] (Minecraft) [STDOUT]: [SequencerPreview] drawEntityAny: det=-729.0
[18:57:45] [Render thread/INFO] (Minecraft) [STDOUT]: [SequencerPreview] drawEntityAny: start, type=minecraft:block_display
[18:57:45] [Render thread/INFO] (Minecraft) [STDOUT]: [SequencerPreview] drawEntityAny: det=-729.0
[18:57:45] [Render thread/INFO] (Minecraft) [STDOUT]: [SequencerPreview] drawEntityAny: start, type=minecraft:boat
[18:57:45] [Render thread/INFO] (Minecraft) [STDOUT]: [SequencerPreview] drawEntityAny: det=-729.0
[18:57:45] [Render thread/INFO] (Minecraft) [STDOUT]: [AEC][PROBE] getOrCreatePreviewAny: start
[18:57:45] [Render thread/INFO] (Minecraft) [STDOUT]: [AEC][PROBE] getOrCreatePreviewAny: world=true type=true
[18:57:45] [Render thread/INFO] (Minecraft) [STDOUT]: [SequencerPreview] getOrCreatePreviewAny: try type=minecraft:allay
[18:57:45] [Render thread/INFO] (Minecraft) [STDOUT]: [SequencerPreview] getOrCreatePreviewAny: reuse existing instance for minecraft:allay
[18:57:45] [Render thread/INFO] (Minecraft) [STDOUT]: [AEC][PROBE] PREVIEW draw begin: type=minecraft:allay rect=216,120 256x118
[18:57:45] [Render thread/INFO] (Minecraft) [STDOUT]: [AEC][PROBE] PREVIEW draw end
[18:57:45] [Render thread/INFO] (Minecraft) [STDOUT]: [AEC][PROBE] ---- frame 156 ----
[18:57:45] [Render thread/INFO] (Minecraft) [STDOUT]: [AEC][PROBE] Screen.render tab=MORPHS
[18:57:45] [Render thread/INFO] (Minecraft) [STDOUT]: [AEC][PROBE] Render: selectedType=minecraft:allay
[18:57:45] [Render thread/INFO] (Minecraft) [STDOUT]: [AEC][PROBE] PreviewRect: rect x=216 y=120 w=256 h=118
[18:57:45] [Render thread/INFO] (Minecraft) [STDOUT]: [SequencerPreview] Icon create: AREA_EFFECT_CLOUD
[18:57:45] [Render thread/INFO] (Minecraft) [STDOUT]: [SequencerPreview] drawEntityAny: start, type=minecraft:area_effect_cloud
[18:57:45] [Render thread/INFO] (Minecraft) [STDOUT]: [AEC][PROBE] ICON AEC: enter size=24
[18:57:45] [Render thread/INFO] (Minecraft) [STDOUT]: [AEC][PROBE] MAEC 2D: enter x=7 y=54 w=24 h=24
[18:57:45] [Render thread/INFO] (Minecraft) [STDOUT]: [AEC][PROBE] MAEC 2D: style: style name='Potion cloud' sprites=false baseDisk=true softPuffs=true grid=8 density=1,15 alpha=0,90 wobble=0,050 puffMul=1,00 tint=0xFF000000
[18:57:45] [Render thread/INFO] (Minecraft) [STDOUT]: [AEC][PROBE] MAEC frames: load
[18:57:45] [Render thread/INFO] (Minecraft) [STDOUT]: [SequencerPreview] drawEntityAny: start, type=minecraft:arrow
[18:57:45] [Render thread/INFO] (Minecraft) [STDOUT]: [SequencerPreview] drawEntityAny: det=-729.0
[18:57:45] [Render thread/INFO] (Minecraft) [STDOUT]: [SequencerPreview] drawEntityAny: start, type=minecraft:block_display
[18:57:45] [Render thread/INFO] (Minecraft) [STDOUT]: [SequencerPreview] drawEntityAny: det=-729.0
[18:57:45] [Render thread/INFO] (Minecraft) [STDOUT]: [SequencerPreview] drawEntityAny: start, type=minecraft:boat
[18:57:45] [Render thread/INFO] (Minecraft) [STDOUT]: [SequencerPreview] drawEntityAny: det=-729.0
[18:57:45] [Render thread/INFO] (Minecraft) [STDOUT]: [AEC][PROBE] getOrCreatePreviewAny: start
[18:57:45] [Render thread/INFO] (Minecraft) [STDOUT]: [AEC][PROBE] getOrCreatePreviewAny: world=true type=true
[18:57:45] [Render thread/INFO] (Minecraft) [STDOUT]: [SequencerPreview] getOrCreatePreviewAny: try type=minecraft:allay
[18:57:45] [Render thread/INFO] (Minecraft) [STDOUT]: [SequencerPreview] getOrCreatePreviewAny: reuse existing instance for minecraft:allay
[18:57:45] [Render thread/INFO] (Minecraft) [STDOUT]: [AEC][PROBE] PREVIEW draw begin: type=minecraft:allay rect=216,120 256x118
[18:57:45] [Render thread/INFO] (Minecraft) [STDOUT]: [AEC][PROBE] PREVIEW draw end
[18:57:45] [Render thread/INFO] (Minecraft) [STDOUT]: [AEC][PROBE] ---- frame 157 ----
[18:57:45] [Render thread/INFO] (Minecraft) [STDOUT]: [AEC][PROBE] Screen.render tab=MORPHS
[18:57:45] [Render thread/INFO] (Minecraft) [STDOUT]: [AEC][PROBE] Render: selectedType=minecraft:allay
[18:57:45] [Render thread/INFO] (Minecraft) [STDOUT]: [AEC][PROBE] PreviewRect: rect x=216 y=120 w=256 h=118
[18:57:45] [Render thread/INFO] (Minecraft) [STDOUT]: [SequencerPreview] Icon create: AREA_EFFECT_CLOUD
[18:57:45] [Render thread/INFO] (Minecraft) [STDOUT]: [SequencerPreview] drawEntityAny: start, type=minecraft:area_effect_cloud
[18:57:45] [Render thread/INFO] (Minecraft) [STDOUT]: [AEC][PROBE] ICON AEC: enter size=24
[18:57:45] [Render thread/INFO] (Minecraft) [STDOUT]: [AEC][PROBE] MAEC 2D: enter x=7 y=54 w=24 h=24
[18:57:45] [Render thread/INFO] (Minecraft) [STDOUT]: [AEC][PROBE] MAEC 2D: style: style name='Potion cloud' sprites=false baseDisk=true softPuffs=true grid=8 density=1,15 alpha=0,90 wobble=0,050 puffMul=1,00 tint=0xFF000000
[18:57:45] [Render thread/INFO] (Minecraft) [STDOUT]: [AEC][PROBE] MAEC frames: load
[18:57:45] [Render thread/INFO] (Minecraft) [STDOUT]: [SequencerPreview] drawEntityAny: start, type=minecraft:arrow
[18:57:45] [Render thread/INFO] (Minecraft) [STDOUT]: [SequencerPreview] drawEntityAny: det=-729.0
[18:57:45] [Render thread/INFO] (Minecraft) [STDOUT]: [SequencerPreview] drawEntityAny: start, type=minecraft:block_display
[18:57:45] [Render thread/INFO] (Minecraft) [STDOUT]: [SequencerPreview] drawEntityAny: det=-729.0
[18:57:45] [Render thread/INFO] (Minecraft) [STDOUT]: [SequencerPreview] drawEntityAny: start, type=minecraft:boat
[18:57:45] [Render thread/INFO] (Minecraft) [STDOUT]: [SequencerPreview] drawEntityAny: det=-729.0
[18:57:45] [Render thread/INFO] (Minecraft) [STDOUT]: [AEC][PROBE] getOrCreatePreviewAny: start
[18:57:45] [Render thread/INFO] (Minecraft) [STDOUT]: [AEC][PROBE] getOrCreatePreviewAny: world=true type=true
[18:57:45] [Render thread/INFO] (Minecraft) [STDOUT]: [SequencerPreview] getOrCreatePreviewAny: try type=minecraft:allay
[18:57:45] [Render thread/INFO] (Minecraft) [STDOUT]: [SequencerPreview] getOrCreatePreviewAny: reuse existing instance for minecraft:allay
[18:57:45] [Render thread/INFO] (Minecraft) [STDOUT]: [AEC][PROBE] PREVIEW draw begin: type=minecraft:allay rect=216,120 256x118
[18:57:45] [Render thread/INFO] (Minecraft) [STDOUT]: [AEC][PROBE] PREVIEW draw end
[18:57:45] [Render thread/INFO] (Minecraft) [STDOUT]: [AEC][PROBE] ---- frame 158 ----
[18:57:45] [Render thread/INFO] (Minecraft) [STDOUT]: [AEC][PROBE] Screen.render tab=MORPHS
[18:57:45] [Render thread/INFO] (Minecraft) [STDOUT]: [AEC][PROBE] Render: selectedType=minecraft:allay
[18:57:45] [Render thread/INFO] (Minecraft) [STDOUT]: [AEC][PROBE] PreviewRect: rect x=216 y=120 w=256 h=118
[18:57:45] [Render thread/INFO] (Minecraft) [STDOUT]: [SequencerPreview] Icon create: AREA_EFFECT_CLOUD
[18:57:45] [Render thread/INFO] (Minecraft) [STDOUT]: [SequencerPreview] drawEntityAny: start, type=minecraft:area_effect_cloud
[18:57:45] [Render thread/INFO] (Minecraft) [STDOUT]: [AEC][PROBE] ICON AEC: enter size=24
[18:57:45] [Render thread/INFO] (Minecraft) [STDOUT]: [AEC][PROBE] MAEC 2D: enter x=7 y=54 w=24 h=24
[18:57:45] [Render thread/INFO] (Minecraft) [STDOUT]: [AEC][PROBE] MAEC 2D: style: style name='Potion cloud' sprites=false baseDisk=true softPuffs=true grid=8 density=1,15 alpha=0,90 wobble=0,050 puffMul=1,00 tint=0xFF000000
[18:57:45] [Render thread/INFO] (Minecraft) [STDOUT]: [AEC][PROBE] MAEC frames: load
[18:57:45] [Render thread/INFO] (Minecraft) [STDOUT]: [SequencerPreview] drawEntityAny: start, type=minecraft:arrow
[18:57:45] [Render thread/INFO] (Minecraft) [STDOUT]: [SequencerPreview] drawEntityAny: det=-729.0
[18:57:45] [Render thread/INFO] (Minecraft) [STDOUT]: [SequencerPreview] drawEntityAny: start, type=minecraft:block_display
[18:57:45] [Render thread/INFO] (Minecraft) [STDOUT]: [SequencerPreview] drawEntityAny: det=-729.0
[18:57:45] [Render thread/INFO] (Minecraft) [STDOUT]: [SequencerPreview] drawEntityAny: start, type=minecraft:boat
[18:57:45] [Render thread/INFO] (Minecraft) [STDOUT]: [SequencerPreview] drawEntityAny: det=-729.0
[18:57:45] [Render thread/INFO] (Minecraft) [STDOUT]: [AEC][PROBE] getOrCreatePreviewAny: start
[18:57:45] [Render thread/INFO] (Minecraft) [STDOUT]: [AEC][PROBE] getOrCreatePreviewAny: world=true type=true
[18:57:45] [Render thread/INFO] (Minecraft) [STDOUT]: [SequencerPreview] getOrCreatePreviewAny: try type=minecraft:allay
[18:57:45] [Render thread/INFO] (Minecraft) [STDOUT]: [SequencerPreview] getOrCreatePreviewAny: reuse existing instance for minecraft:allay
[18:57:45] [Render thread/INFO] (Minecraft) [STDOUT]: [AEC][PROBE] PREVIEW draw begin: type=minecraft:allay rect=216,120 256x118
[18:57:45] [Render thread/INFO] (Minecraft) [STDOUT]: [AEC][PROBE] PREVIEW draw end
[18:57:45] [Render thread/INFO] (Minecraft) [STDOUT]: [AEC][PROBE] ---- frame 159 ----
[18:57:45] [Render thread/INFO] (Minecraft) [STDOUT]: [AEC][PROBE] Screen.render tab=MORPHS
[18:57:45] [Render thread/INFO] (Minecraft) [STDOUT]: [AEC][PROBE] Render: selectedType=minecraft:allay
[18:57:45] [Render thread/INFO] (Minecraft) [STDOUT]: [AEC][PROBE] PreviewRect: rect x=216 y=120 w=256 h=118
[18:57:45] [Render thread/INFO] (Minecraft) [STDOUT]: [SequencerPreview] Icon create: AREA_EFFECT_CLOUD
[18:57:45] [Render thread/INFO] (Minecraft) [STDOUT]: [SequencerPreview] drawEntityAny: start, type=minecraft:area_effect_cloud
[18:57:45] [Render thread/INFO] (Minecraft) [STDOUT]: [AEC][PROBE] ICON AEC: enter size=24
[18:57:45] [Render thread/INFO] (Minecraft) [STDOUT]: [AEC][PROBE] MAEC 2D: enter x=7 y=54 w=24 h=24
[18:57:45] [Render thread/INFO] (Minecraft) [STDOUT]: [AEC][PROBE] MAEC 2D: style: style name='Potion cloud' sprites=false baseDisk=true softPuffs=true grid=8 density=1,15 alpha=0,90 wobble=0,050 puffMul=1,00 tint=0xFF000000
[18:57:45] [Render thread/INFO] (Minecraft) [STDOUT]: [AEC][PROBE] MAEC frames: load
[18:57:45] [Render thread/INFO] (Minecraft) [STDOUT]: [SequencerPreview] drawEntityAny: start, type=minecraft:arrow
[18:57:45] [Render thread/INFO] (Minecraft) [STDOUT]: [SequencerPreview] drawEntityAny: det=-729.0
[18:57:45] [Render thread/INFO] (Minecraft) [STDOUT]: [SequencerPreview] drawEntityAny: start, type=minecraft:block_display
[18:57:45] [Render thread/INFO] (Minecraft) [STDOUT]: [SequencerPreview] drawEntityAny: det=-729.0
[18:57:45] [Render thread/INFO] (Minecraft) [STDOUT]: [SequencerPreview] drawEntityAny: start, type=minecraft:boat
[18:57:45] [Render thread/INFO] (Minecraft) [STDOUT]: [SequencerPreview] drawEntityAny: det=-729.0
[18:57:45] [Render thread/INFO] (Minecraft) [STDOUT]: [AEC][PROBE] getOrCreatePreviewAny: start
[18:57:45] [Render thread/INFO] (Minecraft) [STDOUT]: [AEC][PROBE] getOrCreatePreviewAny: world=true type=true
[18:57:45] [Render thread/INFO] (Minecraft) [STDOUT]: [SequencerPreview] getOrCreatePreviewAny: try type=minecraft:allay
[18:57:45] [Render thread/INFO] (Minecraft) [STDOUT]: [SequencerPreview] getOrCreatePreviewAny: reuse existing instance for minecraft:allay
[18:57:45] [Render thread/INFO] (Minecraft) [STDOUT]: [AEC][PROBE] PREVIEW draw begin: type=minecraft:allay rect=216,120 256x118
[18:57:45] [Render thread/INFO] (Minecraft) [STDOUT]: [AEC][PROBE] PREVIEW draw end
[18:57:45] [Render thread/INFO] (Minecraft) [STDOUT]: [AEC][PROBE] ---- frame 160 ----
[18:57:45] [Render thread/INFO] (Minecraft) [STDOUT]: [AEC][PROBE] Screen.render tab=MORPHS
[18:57:45] [Render thread/INFO] (Minecraft) [STDOUT]: [AEC][PROBE] Render: selectedType=minecraft:allay
[18:57:45] [Render thread/INFO] (Minecraft) [STDOUT]: [AEC][PROBE] PreviewRect: rect x=216 y=120 w=256 h=118
[18:57:45] [Render thread/INFO] (Minecraft) [STDOUT]: [SequencerPreview] Icon create: AREA_EFFECT_CLOUD
[18:57:45] [Render thread/INFO] (Minecraft) [STDOUT]: [SequencerPreview] drawEntityAny: start, type=minecraft:area_effect_cloud
[18:57:45] [Render thread/INFO] (Minecraft) [STDOUT]: [AEC][PROBE] ICON AEC: enter size=24
[18:57:45] [Render thread/INFO] (Minecraft) [STDOUT]: [AEC][PROBE] MAEC 2D: enter x=7 y=54 w=24 h=24
[18:57:45] [Render thread/INFO] (Minecraft) [STDOUT]: [AEC][PROBE] MAEC 2D: style: style name='Potion cloud' sprites=false baseDisk=true softPuffs=true grid=8 density=1,15 alpha=0,90 wobble=0,050 puffMul=1,00 tint=0xFF000000
[18:57:45] [Render thread/INFO] (Minecraft) [STDOUT]: [AEC][PROBE] MAEC frames: load
[18:57:45] [Render thread/INFO] (Minecraft) [STDOUT]: [SequencerPreview] drawEntityAny: start, type=minecraft:arrow
[18:57:45] [Render thread/INFO] (Minecraft) [STDOUT]: [SequencerPreview] drawEntityAny: det=-729.0
[18:57:45] [Render thread/INFO] (Minecraft) [STDOUT]: [SequencerPreview] drawEntityAny: start, type=minecraft:block_display
[18:57:45] [Render thread/INFO] (Minecraft) [STDOUT]: [SequencerPreview] drawEntityAny: det=-729.0
[18:57:45] [Render thread/INFO] (Minecraft) [STDOUT]: [SequencerPreview] drawEntityAny: start, type=minecraft:boat
[18:57:45] [Render thread/INFO] (Minecraft) [STDOUT]: [SequencerPreview] drawEntityAny: det=-729.0
[18:57:45] [Render thread/INFO] (Minecraft) [STDOUT]: [AEC][PROBE] getOrCreatePreviewAny: start
[18:57:45] [Render thread/INFO] (Minecraft) [STDOUT]: [AEC][PROBE] getOrCreatePreviewAny: world=true type=true
[18:57:45] [Render thread/INFO] (Minecraft) [STDOUT]: [SequencerPreview] getOrCreatePreviewAny: try type=minecraft:allay
[18:57:45] [Render thread/INFO] (Minecraft) [STDOUT]: [SequencerPreview] getOrCreatePreviewAny: reuse existing instance for minecraft:allay
[18:57:45] [Render thread/INFO] (Minecraft) [STDOUT]: [AEC][PROBE] PREVIEW draw begin: type=minecraft:allay rect=216,120 256x118
[18:57:45] [Render thread/INFO] (Minecraft) [STDOUT]: [AEC][PROBE] PREVIEW draw end
[18:57:45] [Render thread/INFO] (Minecraft) [STDOUT]: [AEC][PROBE] ---- frame 161 ----
[18:57:45] [Render thread/INFO] (Minecraft) [STDOUT]: [AEC][PROBE] Screen.render tab=MORPHS
[18:57:45] [Render thread/INFO] (Minecraft) [STDOUT]: [AEC][PROBE] Render: selectedType=minecraft:allay
[18:57:45] [Render thread/INFO] (Minecraft) [STDOUT]: [AEC][PROBE] PreviewRect: rect x=216 y=120 w=256 h=118
[18:57:45] [Render thread/INFO] (Minecraft) [STDOUT]: [SequencerPreview] Icon create: AREA_EFFECT_CLOUD
[18:57:45] [Render thread/INFO] (Minecraft) [STDOUT]: [SequencerPreview] drawEntityAny: start, type=minecraft:area_effect_cloud
[18:57:45] [Render thread/INFO] (Minecraft) [STDOUT]: [AEC][PROBE] ICON AEC: enter size=24
[18:57:45] [Render thread/INFO] (Minecraft) [STDOUT]: [AEC][PROBE] MAEC 2D: enter x=7 y=54 w=24 h=24
[18:57:45] [Render thread/INFO] (Minecraft) [STDOUT]: [AEC][PROBE] MAEC 2D: style: style name='Potion cloud' sprites=false baseDisk=true softPuffs=true grid=8 density=1,15 alpha=0,90 wobble=0,050 puffMul=1,00 tint=0xFF000000
[18:57:45] [Render thread/INFO] (Minecraft) [STDOUT]: [AEC][PROBE] MAEC frames: load
[18:57:45] [Render thread/INFO] (Minecraft) [STDOUT]: [SequencerPreview] drawEntityAny: start, type=minecraft:arrow
[18:57:45] [Render thread/INFO] (Minecraft) [STDOUT]: [SequencerPreview] drawEntityAny: det=-729.0
[18:57:45] [Render thread/INFO] (Minecraft) [STDOUT]: [SequencerPreview] drawEntityAny: start, type=minecraft:block_display
[18:57:45] [Render thread/INFO] (Minecraft) [STDOUT]: [SequencerPreview] drawEntityAny: det=-729.0
[18:57:45] [Render thread/INFO] (Minecraft) [STDOUT]: [SequencerPreview] drawEntityAny: start, type=minecraft:boat
[18:57:45] [Render thread/INFO] (Minecraft) [STDOUT]: [SequencerPreview] drawEntityAny: det=-729.0
[18:57:45] [Render thread/INFO] (Minecraft) [STDOUT]: [AEC][PROBE] getOrCreatePreviewAny: start
[18:57:45] [Render thread/INFO] (Minecraft) [STDOUT]: [AEC][PROBE] getOrCreatePreviewAny: world=true type=true
[18:57:45] [Render thread/INFO] (Minecraft) [STDOUT]: [SequencerPreview] getOrCreatePreviewAny: try type=minecraft:allay
[18:57:45] [Render thread/INFO] (Minecraft) [STDOUT]: [SequencerPreview] getOrCreatePreviewAny: reuse existing instance for minecraft:allay
[18:57:45] [Render thread/INFO] (Minecraft) [STDOUT]: [AEC][PROBE] PREVIEW draw begin: type=minecraft:allay rect=216,120 256x118
[18:57:45] [Render thread/INFO] (Minecraft) [STDOUT]: [AEC][PROBE] PREVIEW draw end
[18:57:45] [Render thread/INFO] (Minecraft) [STDOUT]: [AEC][PROBE] ---- frame 162 ----
[18:57:45] [Render thread/INFO] (Minecraft) [STDOUT]: [AEC][PROBE] Screen.render tab=MORPHS
[18:57:45] [Render thread/INFO] (Minecraft) [STDOUT]: [AEC][PROBE] Render: selectedType=minecraft:allay
[18:57:45] [Render thread/INFO] (Minecraft) [STDOUT]: [AEC][PROBE] PreviewRect: rect x=216 y=120 w=256 h=118
[18:57:45] [Render thread/INFO] (Minecraft) [STDOUT]: [SequencerPreview] Icon create: AREA_EFFECT_CLOUD
[18:57:45] [Render thread/INFO] (Minecraft) [STDOUT]: [SequencerPreview] drawEntityAny: start, type=minecraft:area_effect_cloud
[18:57:45] [Render thread/INFO] (Minecraft) [STDOUT]: [AEC][PROBE] ICON AEC: enter size=24
[18:57:45] [Render thread/INFO] (Minecraft) [STDOUT]: [AEC][PROBE] MAEC 2D: enter x=7 y=54 w=24 h=24
[18:57:45] [Render thread/INFO] (Minecraft) [STDOUT]: [AEC][PROBE] MAEC 2D: style: style name='Potion cloud' sprites=false baseDisk=true softPuffs=true grid=8 density=1,15 alpha=0,90 wobble=0,050 puffMul=1,00 tint=0xFF000000
[18:57:45] [Render thread/INFO] (Minecraft) [STDOUT]: [AEC][PROBE] MAEC frames: load
[18:57:45] [Render thread/INFO] (Minecraft) [STDOUT]: [SequencerPreview] drawEntityAny: start, type=minecraft:arrow
[18:57:45] [Render thread/INFO] (Minecraft) [STDOUT]: [SequencerPreview] drawEntityAny: det=-729.0
[18:57:45] [Render thread/INFO] (Minecraft) [STDOUT]: [SequencerPreview] drawEntityAny: start, type=minecraft:block_display
[18:57:45] [Render thread/INFO] (Minecraft) [STDOUT]: [SequencerPreview] drawEntityAny: det=-729.0
[18:57:45] [Render thread/INFO] (Minecraft) [STDOUT]: [SequencerPreview] drawEntityAny: start, type=minecraft:boat
[18:57:45] [Render thread/INFO] (Minecraft) [STDOUT]: [SequencerPreview] drawEntityAny: det=-729.0
[18:57:45] [Render thread/INFO] (Minecraft) [STDOUT]: [AEC][PROBE] getOrCreatePreviewAny: start
[18:57:45] [Render thread/INFO] (Minecraft) [STDOUT]: [AEC][PROBE] getOrCreatePreviewAny: world=true type=true
[18:57:45] [Render thread/INFO] (Minecraft) [STDOUT]: [SequencerPreview] getOrCreatePreviewAny: try type=minecraft:allay
[18:57:45] [Render thread/INFO] (Minecraft) [STDOUT]: [SequencerPreview] getOrCreatePreviewAny: reuse existing instance for minecraft:allay
[18:57:45] [Render thread/INFO] (Minecraft) [STDOUT]: [AEC][PROBE] PREVIEW draw begin: type=minecraft:allay rect=216,120 256x118
[18:57:45] [Render thread/INFO] (Minecraft) [STDOUT]: [AEC][PROBE] PREVIEW draw end
[18:57:45] [Render thread/INFO] (Minecraft) [STDOUT]: [AEC][PROBE] ---- frame 163 ----
[18:57:45] [Render thread/INFO] (Minecraft) [STDOUT]: [AEC][PROBE] RENDER screen: class=seq.sequencermod.client.ui.SequencerMainScreen tab=MORPHS
[18:57:45] [Render thread/INFO] (Minecraft) [STDOUT]: [AEC][PROBE] Screen.render tab=MORPHS
[18:57:45] [Render thread/INFO] (Minecraft) [STDOUT]: [AEC][PROBE] Render: selectedType=minecraft:allay
[18:57:45] [Render thread/INFO] (Minecraft) [STDOUT]: [AEC][PROBE] PreviewRect: rect x=216 y=120 w=256 h=118
[18:57:45] [Render thread/INFO] (Minecraft) [STDOUT]: [SequencerPreview] Icon create: AREA_EFFECT_CLOUD
[18:57:45] [Render thread/INFO] (Minecraft) [STDOUT]: [SequencerPreview] drawEntityAny: start, type=minecraft:area_effect_cloud
[18:57:45] [Render thread/INFO] (Minecraft) [STDOUT]: [AEC][PROBE] ICON AEC: enter size=24
[18:57:45] [Render thread/INFO] (Minecraft) [STDOUT]: [AEC][PROBE] MAEC 2D: enter x=7 y=54 w=24 h=24
[18:57:45] [Render thread/INFO] (Minecraft) [STDOUT]: [AEC][PROBE] MAEC 2D: style: style name='Potion cloud' sprites=false baseDisk=true softPuffs=true grid=8 density=1,15 alpha=0,90 wobble=0,050 puffMul=1,00 tint=0xFF000000
[18:57:45] [Render thread/INFO] (Minecraft) [STDOUT]: [AEC][PROBE] MAEC frames: load
[18:57:45] [Render thread/INFO] (Minecraft) [STDOUT]: [SequencerPreview] drawEntityAny: start, type=minecraft:arrow
[18:57:45] [Render thread/INFO] (Minecraft) [STDOUT]: [SequencerPreview] drawEntityAny: det=-729.0
[18:57:45] [Render thread/INFO] (Minecraft) [STDOUT]: [SequencerPreview] drawEntityAny: start, type=minecraft:block_display
[18:57:45] [Render thread/INFO] (Minecraft) [STDOUT]: [SequencerPreview] drawEntityAny: det=-729.0
[18:57:45] [Render thread/INFO] (Minecraft) [STDOUT]: [SequencerPreview] drawEntityAny: start, type=minecraft:boat
[18:57:45] [Render thread/INFO] (Minecraft) [STDOUT]: [SequencerPreview] drawEntityAny: det=-729.0
[18:57:45] [Render thread/INFO] (Minecraft) [STDOUT]: [AEC][PROBE] getOrCreatePreviewAny: start
[18:57:45] [Render thread/INFO] (Minecraft) [STDOUT]: [AEC][PROBE] getOrCreatePreviewAny: world=true type=true
[18:57:45] [Render thread/INFO] (Minecraft) [STDOUT]: [SequencerPreview] getOrCreatePreviewAny: try type=minecraft:allay
[18:57:45] [Render thread/INFO] (Minecraft) [STDOUT]: [SequencerPreview] getOrCreatePreviewAny: reuse existing instance for minecraft:allay
[18:57:45] [Render thread/INFO] (Minecraft) [STDOUT]: [AEC][PROBE] PREVIEW draw begin: type=minecraft:allay rect=216,120 256x118
[18:57:45] [Render thread/INFO] (Minecraft) [STDOUT]: [AEC][PROBE] PREVIEW draw end
[18:57:45] [Render thread/INFO] (Minecraft) [STDOUT]: [AEC][PROBE] ---- frame 164 ----
[18:57:45] [Render thread/INFO] (Minecraft) [STDOUT]: [AEC][PROBE] Screen.render tab=MORPHS
[18:57:45] [Render thread/INFO] (Minecraft) [STDOUT]: [AEC][PROBE] Render: selectedType=minecraft:allay
[18:57:45] [Render thread/INFO] (Minecraft) [STDOUT]: [AEC][PROBE] PreviewRect: rect x=216 y=120 w=256 h=118
[18:57:45] [Render thread/INFO] (Minecraft) [STDOUT]: [SequencerPreview] Icon create: AREA_EFFECT_CLOUD
[18:57:45] [Render thread/INFO] (Minecraft) [STDOUT]: [SequencerPreview] drawEntityAny: start, type=minecraft:area_effect_cloud
[18:57:45] [Render thread/INFO] (Minecraft) [STDOUT]: [AEC][PROBE] ICON AEC: enter size=24
[18:57:45] [Render thread/INFO] (Minecraft) [STDOUT]: [AEC][PROBE] MAEC 2D: enter x=7 y=54 w=24 h=24
[18:57:45] [Render thread/INFO] (Minecraft) [STDOUT]: [AEC][PROBE] MAEC 2D: style: style name='Potion cloud' sprites=false baseDisk=true softPuffs=true grid=8 density=1,15 alpha=0,90 wobble=0,050 puffMul=1,00 tint=0xFF000000
[18:57:45] [Render thread/INFO] (Minecraft) [STDOUT]: [AEC][PROBE] MAEC frames: load
[18:57:45] [Render thread/INFO] (Minecraft) [STDOUT]: [SequencerPreview] drawEntityAny: start, type=minecraft:arrow
[18:57:45] [Render thread/INFO] (Minecraft) [STDOUT]: [SequencerPreview] drawEntityAny: det=-729.0
[18:57:45] [Render thread/INFO] (Minecraft) [STDOUT]: [SequencerPreview] drawEntityAny: start, type=minecraft:block_display
[18:57:45] [Render thread/INFO] (Minecraft) [STDOUT]: [SequencerPreview] drawEntityAny: det=-729.0
[18:57:45] [Render thread/INFO] (Minecraft) [STDOUT]: [SequencerPreview] drawEntityAny: start, type=minecraft:boat
[18:57:45] [Render thread/INFO] (Minecraft) [STDOUT]: [SequencerPreview] drawEntityAny: det=-729.0
[18:57:45] [Render thread/INFO] (Minecraft) [STDOUT]: [AEC][PROBE] getOrCreatePreviewAny: start
[18:57:45] [Render thread/INFO] (Minecraft) [STDOUT]: [AEC][PROBE] getOrCreatePreviewAny: world=true type=true
[18:57:45] [Render thread/INFO] (Minecraft) [STDOUT]: [SequencerPreview] getOrCreatePreviewAny: try type=minecraft:allay
[18:57:45] [Render thread/INFO] (Minecraft) [STDOUT]: [SequencerPreview] getOrCreatePreviewAny: reuse existing instance for minecraft:allay
[18:57:45] [Render thread/INFO] (Minecraft) [STDOUT]: [AEC][PROBE] PREVIEW draw begin: type=minecraft:allay rect=216,120 256x118
[18:57:45] [Render thread/INFO] (Minecraft) [STDOUT]: [AEC][PROBE] PREVIEW draw end
[18:57:45] [Render thread/INFO] (Minecraft) [STDOUT]: [AEC][PROBE] ---- frame 165 ----
[18:57:45] [Render thread/INFO] (Minecraft) [STDOUT]: [AEC][PROBE] Screen.render tab=MORPHS
[18:57:45] [Render thread/INFO] (Minecraft) [STDOUT]: [AEC][PROBE] Render: selectedType=minecraft:allay
[18:57:45] [Render thread/INFO] (Minecraft) [STDOUT]: [AEC][PROBE] PreviewRect: rect x=216 y=120 w=256 h=118
[18:57:45] [Render thread/INFO] (Minecraft) [STDOUT]: [SequencerPreview] Icon create: AREA_EFFECT_CLOUD
[18:57:45] [Render thread/INFO] (Minecraft) [STDOUT]: [SequencerPreview] drawEntityAny: start, type=minecraft:area_effect_cloud
[18:57:45] [Render thread/INFO] (Minecraft) [STDOUT]: [AEC][PROBE] ICON AEC: enter size=24
[18:57:45] [Render thread/INFO] (Minecraft) [STDOUT]: [AEC][PROBE] MAEC 2D: enter x=7 y=54 w=24 h=24
[18:57:45] [Render thread/INFO] (Minecraft) [STDOUT]: [AEC][PROBE] MAEC 2D: style: style name='Potion cloud' sprites=false baseDisk=true softPuffs=true grid=8 density=1,15 alpha=0,90 wobble=0,050 puffMul=1,00 tint=0xFF000000
[18:57:45] [Render thread/INFO] (Minecraft) [STDOUT]: [AEC][PROBE] MAEC frames: load
[18:57:45] [Render thread/INFO] (Minecraft) [STDOUT]: [SequencerPreview] drawEntityAny: start, type=minecraft:arrow
[18:57:45] [Render thread/INFO] (Minecraft) [STDOUT]: [SequencerPreview] drawEntityAny: det=-729.0
[18:57:45] [Render thread/INFO] (Minecraft) [STDOUT]: [SequencerPreview] drawEntityAny: start, type=minecraft:block_display
[18:57:45] [Render thread/INFO] (Minecraft) [STDOUT]: [SequencerPreview] drawEntityAny: det=-729.0
[18:57:45] [Render thread/INFO] (Minecraft) [STDOUT]: [SequencerPreview] drawEntityAny: start, type=minecraft:boat
[18:57:45] [Render thread/INFO] (Minecraft) [STDOUT]: [SequencerPreview] drawEntityAny: det=-729.0
[18:57:45] [Render thread/INFO] (Minecraft) [STDOUT]: [AEC][PROBE] getOrCreatePreviewAny: start
[18:57:45] [Render thread/INFO] (Minecraft) [STDOUT]: [AEC][PROBE] getOrCreatePreviewAny: world=true type=true
[18:57:45] [Render thread/INFO] (Minecraft) [STDOUT]: [SequencerPreview] getOrCreatePreviewAny: try type=minecraft:allay
[18:57:45] [Render thread/INFO] (Minecraft) [STDOUT]: [SequencerPreview] getOrCreatePreviewAny: reuse existing instance for minecraft:allay
[18:57:45] [Render thread/INFO] (Minecraft) [STDOUT]: [AEC][PROBE] PREVIEW draw begin: type=minecraft:allay rect=216,120 256x118
[18:57:45] [Render thread/INFO] (Minecraft) [STDOUT]: [AEC][PROBE] PREVIEW draw end
[18:57:45] [Render thread/INFO] (Minecraft) [STDOUT]: [AEC][PROBE] ---- frame 166 ----
[18:57:45] [Render thread/INFO] (Minecraft) [STDOUT]: [AEC][PROBE] Screen.render tab=MORPHS
[18:57:45] [Render thread/INFO] (Minecraft) [STDOUT]: [AEC][PROBE] Render: selectedType=minecraft:allay
[18:57:45] [Render thread/INFO] (Minecraft) [STDOUT]: [AEC][PROBE] PreviewRect: rect x=216 y=120 w=256 h=118
[18:57:45] [Render thread/INFO] (Minecraft) [STDOUT]: [SequencerPreview] Icon create: AREA_EFFECT_CLOUD
[18:57:45] [Render thread/INFO] (Minecraft) [STDOUT]: [SequencerPreview] drawEntityAny: start, type=minecraft:area_effect_cloud
[18:57:45] [Render thread/INFO] (Minecraft) [STDOUT]: [AEC][PROBE] ICON AEC: enter size=24
[18:57:45] [Render thread/INFO] (Minecraft) [STDOUT]: [AEC][PROBE] MAEC 2D: enter x=7 y=54 w=24 h=24
[18:57:45] [Render thread/INFO] (Minecraft) [STDOUT]: [AEC][PROBE] MAEC 2D: style: style name='Potion cloud' sprites=false baseDisk=true softPuffs=true grid=8 density=1,15 alpha=0,90 wobble=0,050 puffMul=1,00 tint=0xFF000000
[18:57:45] [Render thread/INFO] (Minecraft) [STDOUT]: [AEC][PROBE] MAEC frames: load
[18:57:45] [Render thread/INFO] (Minecraft) [STDOUT]: [SequencerPreview] drawEntityAny: start, type=minecraft:arrow
[18:57:45] [Render thread/INFO] (Minecraft) [STDOUT]: [SequencerPreview] drawEntityAny: det=-729.0
[18:57:45] [Render thread/INFO] (Minecraft) [STDOUT]: [SequencerPreview] drawEntityAny: start, type=minecraft:block_display
[18:57:45] [Render thread/INFO] (Minecraft) [STDOUT]: [SequencerPreview] drawEntityAny: det=-729.0
[18:57:45] [Render thread/INFO] (Minecraft) [STDOUT]: [SequencerPreview] drawEntityAny: start, type=minecraft:boat
[18:57:45] [Render thread/INFO] (Minecraft) [STDOUT]: [SequencerPreview] drawEntityAny: det=-729.0
[18:57:45] [Render thread/INFO] (Minecraft) [STDOUT]: [AEC][PROBE] getOrCreatePreviewAny: start
[18:57:45] [Render thread/INFO] (Minecraft) [STDOUT]: [AEC][PROBE] getOrCreatePreviewAny: world=true type=true
[18:57:45] [Render thread/INFO] (Minecraft) [STDOUT]: [SequencerPreview] getOrCreatePreviewAny: try type=minecraft:allay
[18:57:45] [Render thread/INFO] (Minecraft) [STDOUT]: [SequencerPreview] getOrCreatePreviewAny: reuse existing instance for minecraft:allay
[18:57:45] [Render thread/INFO] (Minecraft) [STDOUT]: [AEC][PROBE] PREVIEW draw begin: type=minecraft:allay rect=216,120 256x118
[18:57:45] [Render thread/INFO] (Minecraft) [STDOUT]: [AEC][PROBE] PREVIEW draw end
[18:57:45] [Render thread/INFO] (Minecraft) [STDOUT]: [AEC][PROBE] ---- frame 167 ----
[18:57:45] [Render thread/INFO] (Minecraft) [STDOUT]: [AEC][PROBE] Screen.render tab=MORPHS
[18:57:45] [Render thread/INFO] (Minecraft) [STDOUT]: [AEC][PROBE] Render: selectedType=minecraft:allay
[18:57:45] [Render thread/INFO] (Minecraft) [STDOUT]: [AEC][PROBE] PreviewRect: rect x=216 y=120 w=256 h=118
[18:57:45] [Render thread/INFO] (Minecraft) [STDOUT]: [SequencerPreview] Icon create: AREA_EFFECT_CLOUD
[18:57:45] [Render thread/INFO] (Minecraft) [STDOUT]: [SequencerPreview] drawEntityAny: start, type=minecraft:area_effect_cloud
[18:57:45] [Render thread/INFO] (Minecraft) [STDOUT]: [AEC][PROBE] ICON AEC: enter size=24
[18:57:45] [Render thread/INFO] (Minecraft) [STDOUT]: [AEC][PROBE] MAEC 2D: enter x=7 y=54 w=24 h=24
[18:57:45] [Render thread/INFO] (Minecraft) [STDOUT]: [AEC][PROBE] MAEC 2D: style: style name='Potion cloud' sprites=false baseDisk=true softPuffs=true grid=8 density=1,15 alpha=0,90 wobble=0,050 puffMul=1,00 tint=0xFF000000
[18:57:45] [Render thread/INFO] (Minecraft) [STDOUT]: [AEC][PROBE] MAEC frames: load
[18:57:45] [Render thread/INFO] (Minecraft) [STDOUT]: [SequencerPreview] drawEntityAny: start, type=minecraft:arrow
[18:57:45] [Render thread/INFO] (Minecraft) [STDOUT]: [SequencerPreview] drawEntityAny: det=-729.0
[18:57:45] [Render thread/INFO] (Minecraft) [STDOUT]: [SequencerPreview] drawEntityAny: start, type=minecraft:block_display
[18:57:45] [Render thread/INFO] (Minecraft) [STDOUT]: [SequencerPreview] drawEntityAny: det=-729.0
[18:57:45] [Render thread/INFO] (Minecraft) [STDOUT]: [SequencerPreview] drawEntityAny: start, type=minecraft:boat
[18:57:45] [Render thread/INFO] (Minecraft) [STDOUT]: [SequencerPreview] drawEntityAny: det=-729.0
[18:57:45] [Render thread/INFO] (Minecraft) [STDOUT]: [AEC][PROBE] getOrCreatePreviewAny: start
[18:57:45] [Render thread/INFO] (Minecraft) [STDOUT]: [AEC][PROBE] getOrCreatePreviewAny: world=true type=true
[18:57:45] [Render thread/INFO] (Minecraft) [STDOUT]: [SequencerPreview] getOrCreatePreviewAny: try type=minecraft:allay
[18:57:45] [Render thread/INFO] (Minecraft) [STDOUT]: [SequencerPreview] getOrCreatePreviewAny: reuse existing instance for minecraft:allay
[18:57:45] [Render thread/INFO] (Minecraft) [STDOUT]: [AEC][PROBE] PREVIEW draw begin: type=minecraft:allay rect=216,120 256x118
[18:57:45] [Render thread/INFO] (Minecraft) [STDOUT]: [AEC][PROBE] PREVIEW draw end
[18:57:45] [Render thread/INFO] (Minecraft) [STDOUT]: [AEC][PROBE] ---- frame 168 ----
[18:57:45] [Render thread/INFO] (Minecraft) [STDOUT]: [AEC][PROBE] Screen.render tab=MORPHS
[18:57:45] [Render thread/INFO] (Minecraft) [STDOUT]: [AEC][PROBE] Render: selectedType=minecraft:allay
[18:57:45] [Render thread/INFO] (Minecraft) [STDOUT]: [AEC][PROBE] PreviewRect: rect x=216 y=120 w=256 h=118
[18:57:45] [Render thread/INFO] (Minecraft) [STDOUT]: [SequencerPreview] Icon create: AREA_EFFECT_CLOUD
[18:57:45] [Render thread/INFO] (Minecraft) [STDOUT]: [SequencerPreview] drawEntityAny: start, type=minecraft:area_effect_cloud
[18:57:45] [Render thread/INFO] (Minecraft) [STDOUT]: [AEC][PROBE] ICON AEC: enter size=24
[18:57:45] [Render thread/INFO] (Minecraft) [STDOUT]: [AEC][PROBE] MAEC 2D: enter x=7 y=54 w=24 h=24
[18:57:45] [Render thread/INFO] (Minecraft) [STDOUT]: [AEC][PROBE] MAEC 2D: style: style name='Potion cloud' sprites=false baseDisk=true softPuffs=true grid=8 density=1,15 alpha=0,90 wobble=0,050 puffMul=1,00 tint=0xFF000000
[18:57:45] [Render thread/INFO] (Minecraft) [STDOUT]: [AEC][PROBE] MAEC frames: load
[18:57:45] [Render thread/INFO] (Minecraft) [STDOUT]: [SequencerPreview] drawEntityAny: start, type=minecraft:arrow
[18:57:45] [Render thread/INFO] (Minecraft) [STDOUT]: [SequencerPreview] drawEntityAny: det=-729.0
[18:57:45] [Render thread/INFO] (Minecraft) [STDOUT]: [SequencerPreview] drawEntityAny: start, type=minecraft:block_display
[18:57:45] [Render thread/INFO] (Minecraft) [STDOUT]: [SequencerPreview] drawEntityAny: det=-729.0
[18:57:45] [Render thread/INFO] (Minecraft) [STDOUT]: [SequencerPreview] drawEntityAny: start, type=minecraft:boat
[18:57:45] [Render thread/INFO] (Minecraft) [STDOUT]: [SequencerPreview] drawEntityAny: det=-729.0
[18:57:45] [Render thread/INFO] (Minecraft) [STDOUT]: [AEC][PROBE] getOrCreatePreviewAny: start
[18:57:45] [Render thread/INFO] (Minecraft) [STDOUT]: [AEC][PROBE] getOrCreatePreviewAny: world=true type=true
[18:57:45] [Render thread/INFO] (Minecraft) [STDOUT]: [SequencerPreview] getOrCreatePreviewAny: try type=minecraft:allay
[18:57:45] [Render thread/INFO] (Minecraft) [STDOUT]: [SequencerPreview] getOrCreatePreviewAny: reuse existing instance for minecraft:allay
[18:57:45] [Render thread/INFO] (Minecraft) [STDOUT]: [AEC][PROBE] PREVIEW draw begin: type=minecraft:allay rect=216,120 256x118
[18:57:45] [Render thread/INFO] (Minecraft) [STDOUT]: [AEC][PROBE] PREVIEW draw end
[18:57:45] [Render thread/INFO] (Minecraft) [STDOUT]: [AEC][PROBE] ---- frame 169 ----
[18:57:45] [Render thread/INFO] (Minecraft) [STDOUT]: [AEC][PROBE] Screen.render tab=MORPHS
[18:57:45] [Render thread/INFO] (Minecraft) [STDOUT]: [AEC][PROBE] Render: selectedType=minecraft:allay
[18:57:45] [Render thread/INFO] (Minecraft) [STDOUT]: [AEC][PROBE] PreviewRect: rect x=216 y=120 w=256 h=118
[18:57:45] [Render thread/INFO] (Minecraft) [STDOUT]: [SequencerPreview] Icon create: AREA_EFFECT_CLOUD
[18:57:45] [Render thread/INFO] (Minecraft) [STDOUT]: [SequencerPreview] drawEntityAny: start, type=minecraft:area_effect_cloud
[18:57:45] [Render thread/INFO] (Minecraft) [STDOUT]: [AEC][PROBE] ICON AEC: enter size=24
[18:57:45] [Render thread/INFO] (Minecraft) [STDOUT]: [AEC][PROBE] MAEC 2D: enter x=7 y=54 w=24 h=24
[18:57:45] [Render thread/INFO] (Minecraft) [STDOUT]: [AEC][PROBE] MAEC 2D: style: style name='Potion cloud' sprites=false baseDisk=true softPuffs=true grid=8 density=1,15 alpha=0,90 wobble=0,050 puffMul=1,00 tint=0xFF000000
[18:57:45] [Render thread/INFO] (Minecraft) [STDOUT]: [AEC][PROBE] MAEC frames: load
[18:57:45] [Render thread/INFO] (Minecraft) [STDOUT]: [SequencerPreview] drawEntityAny: start, type=minecraft:arrow
[18:57:45] [Render thread/INFO] (Minecraft) [STDOUT]: [SequencerPreview] drawEntityAny: det=-729.0
[18:57:45] [Render thread/INFO] (Minecraft) [STDOUT]: [SequencerPreview] drawEntityAny: start, type=minecraft:block_display
[18:57:45] [Render thread/INFO] (Minecraft) [STDOUT]: [SequencerPreview] drawEntityAny: det=-729.0
[18:57:45] [Render thread/INFO] (Minecraft) [STDOUT]: [SequencerPreview] drawEntityAny: start, type=minecraft:boat
[18:57:45] [Render thread/INFO] (Minecraft) [STDOUT]: [SequencerPreview] drawEntityAny: det=-729.0
[18:57:45] [Render thread/INFO] (Minecraft) [STDOUT]: [AEC][PROBE] getOrCreatePreviewAny: start
[18:57:45] [Render thread/INFO] (Minecraft) [STDOUT]: [AEC][PROBE] getOrCreatePreviewAny: world=true type=true
[18:57:45] [Render thread/INFO] (Minecraft) [STDOUT]: [SequencerPreview] getOrCreatePreviewAny: try type=minecraft:allay
[18:57:45] [Render thread/INFO] (Minecraft) [STDOUT]: [SequencerPreview] getOrCreatePreviewAny: reuse existing instance for minecraft:allay
[18:57:45] [Render thread/INFO] (Minecraft) [STDOUT]: [AEC][PROBE] PREVIEW draw begin: type=minecraft:allay rect=216,120 256x118
[18:57:45] [Render thread/INFO] (Minecraft) [STDOUT]: [AEC][PROBE] PREVIEW draw end
[18:57:45] [Render thread/INFO] (Minecraft) [STDOUT]: [AEC][PROBE] ---- frame 170 ----
[18:57:45] [Render thread/INFO] (Minecraft) [STDOUT]: [AEC][PROBE] Screen.render tab=MORPHS
[18:57:45] [Render thread/INFO] (Minecraft) [STDOUT]: [AEC][PROBE] Render: selectedType=minecraft:allay
[18:57:45] [Render thread/INFO] (Minecraft) [STDOUT]: [AEC][PROBE] PreviewRect: rect x=216 y=120 w=256 h=118
[18:57:45] [Render thread/INFO] (Minecraft) [STDOUT]: [SequencerPreview] Icon create: AREA_EFFECT_CLOUD
[18:57:45] [Render thread/INFO] (Minecraft) [STDOUT]: [SequencerPreview] drawEntityAny: start, type=minecraft:area_effect_cloud
[18:57:45] [Render thread/INFO] (Minecraft) [STDOUT]: [AEC][PROBE] ICON AEC: enter size=24
[18:57:45] [Render thread/INFO] (Minecraft) [STDOUT]: [AEC][PROBE] MAEC 2D: enter x=7 y=54 w=24 h=24
[18:57:45] [Render thread/INFO] (Minecraft) [STDOUT]: [AEC][PROBE] MAEC 2D: style: style name='Potion cloud' sprites=false baseDisk=true softPuffs=true grid=8 density=1,15 alpha=0,90 wobble=0,050 puffMul=1,00 tint=0xFF000000
[18:57:45] [Render thread/INFO] (Minecraft) [STDOUT]: [AEC][PROBE] MAEC frames: load
[18:57:45] [Render thread/INFO] (Minecraft) [STDOUT]: [SequencerPreview] drawEntityAny: start, type=minecraft:arrow
[18:57:45] [Render thread/INFO] (Minecraft) [STDOUT]: [SequencerPreview] drawEntityAny: det=-729.0
[18:57:45] [Render thread/INFO] (Minecraft) [STDOUT]: [SequencerPreview] drawEntityAny: start, type=minecraft:block_display
[18:57:45] [Render thread/INFO] (Minecraft) [STDOUT]: [SequencerPreview] drawEntityAny: det=-729.0
[18:57:45] [Render thread/INFO] (Minecraft) [STDOUT]: [SequencerPreview] drawEntityAny: start, type=minecraft:boat
[18:57:45] [Render thread/INFO] (Minecraft) [STDOUT]: [SequencerPreview] drawEntityAny: det=-729.0
[18:57:45] [Render thread/INFO] (Minecraft) [STDOUT]: [AEC][PROBE] getOrCreatePreviewAny: start
[18:57:45] [Render thread/INFO] (Minecraft) [STDOUT]: [AEC][PROBE] getOrCreatePreviewAny: world=true type=true
[18:57:45] [Render thread/INFO] (Minecraft) [STDOUT]: [SequencerPreview] getOrCreatePreviewAny: try type=minecraft:allay
[18:57:45] [Render thread/INFO] (Minecraft) [STDOUT]: [SequencerPreview] getOrCreatePreviewAny: reuse existing instance for minecraft:allay
[18:57:45] [Render thread/INFO] (Minecraft) [STDOUT]: [AEC][PROBE] PREVIEW draw begin: type=minecraft:allay rect=216,120 256x118
[18:57:45] [Render thread/INFO] (Minecraft) [STDOUT]: [AEC][PROBE] PREVIEW draw end
[18:57:45] [Render thread/INFO] (Minecraft) [STDOUT]: [AEC][PROBE] ---- frame 171 ----
[18:57:45] [Render thread/INFO] (Minecraft) [STDOUT]: [AEC][PROBE] Screen.render tab=MORPHS
[18:57:45] [Render thread/INFO] (Minecraft) [STDOUT]: [AEC][PROBE] Render: selectedType=minecraft:allay
[18:57:45] [Render thread/INFO] (Minecraft) [STDOUT]: [AEC][PROBE] PreviewRect: rect x=216 y=120 w=256 h=118
[18:57:45] [Render thread/INFO] (Minecraft) [STDOUT]: [SequencerPreview] Icon create: AREA_EFFECT_CLOUD
[18:57:45] [Render thread/INFO] (Minecraft) [STDOUT]: [SequencerPreview] drawEntityAny: start, type=minecraft:area_effect_cloud
[18:57:45] [Render thread/INFO] (Minecraft) [STDOUT]: [AEC][PROBE] ICON AEC: enter size=24
[18:57:45] [Render thread/INFO] (Minecraft) [STDOUT]: [AEC][PROBE] MAEC 2D: enter x=7 y=54 w=24 h=24
[18:57:45] [Render thread/INFO] (Minecraft) [STDOUT]: [AEC][PROBE] MAEC 2D: style: style name='Potion cloud' sprites=false baseDisk=true softPuffs=true grid=8 density=1,15 alpha=0,90 wobble=0,050 puffMul=1,00 tint=0xFF000000
[18:57:45] [Render thread/INFO] (Minecraft) [STDOUT]: [AEC][PROBE] MAEC frames: load
[18:57:45] [Render thread/INFO] (Minecraft) [STDOUT]: [SequencerPreview] drawEntityAny: start, type=minecraft:arrow
[18:57:45] [Render thread/INFO] (Minecraft) [STDOUT]: [SequencerPreview] drawEntityAny: det=-729.0
[18:57:45] [Render thread/INFO] (Minecraft) [STDOUT]: [SequencerPreview] drawEntityAny: start, type=minecraft:block_display
[18:57:45] [Render thread/INFO] (Minecraft) [STDOUT]: [SequencerPreview] drawEntityAny: det=-729.0
[18:57:45] [Render thread/INFO] (Minecraft) [STDOUT]: [SequencerPreview] drawEntityAny: start, type=minecraft:boat
[18:57:45] [Render thread/INFO] (Minecraft) [STDOUT]: [SequencerPreview] drawEntityAny: det=-729.0
[18:57:45] [Render thread/INFO] (Minecraft) [STDOUT]: [AEC][PROBE] getOrCreatePreviewAny: start
[18:57:45] [Render thread/INFO] (Minecraft) [STDOUT]: [AEC][PROBE] getOrCreatePreviewAny: world=true type=true
[18:57:45] [Render thread/INFO] (Minecraft) [STDOUT]: [SequencerPreview] getOrCreatePreviewAny: try type=minecraft:allay
[18:57:45] [Render thread/INFO] (Minecraft) [STDOUT]: [SequencerPreview] getOrCreatePreviewAny: reuse existing instance for minecraft:allay
[18:57:45] [Render thread/INFO] (Minecraft) [STDOUT]: [AEC][PROBE] PREVIEW draw begin: type=minecraft:allay rect=216,120 256x118
[18:57:45] [Render thread/INFO] (Minecraft) [STDOUT]: [AEC][PROBE] PREVIEW draw end
[18:57:45] [Render thread/INFO] (Minecraft) [STDOUT]: [AEC][PROBE] ---- frame 172 ----
[18:57:45] [Render thread/INFO] (Minecraft) [STDOUT]: [AEC][PROBE] Screen.render tab=MORPHS
[18:57:45] [Render thread/INFO] (Minecraft) [STDOUT]: [AEC][PROBE] Render: selectedType=minecraft:allay
[18:57:45] [Render thread/INFO] (Minecraft) [STDOUT]: [AEC][PROBE] PreviewRect: rect x=216 y=120 w=256 h=118
[18:57:45] [Render thread/INFO] (Minecraft) [STDOUT]: [SequencerPreview] Icon create: AREA_EFFECT_CLOUD
[18:57:45] [Render thread/INFO] (Minecraft) [STDOUT]: [SequencerPreview] drawEntityAny: start, type=minecraft:area_effect_cloud
[18:57:45] [Render thread/INFO] (Minecraft) [STDOUT]: [AEC][PROBE] ICON AEC: enter size=24
[18:57:45] [Render thread/INFO] (Minecraft) [STDOUT]: [AEC][PROBE] MAEC 2D: enter x=7 y=54 w=24 h=24
[18:57:45] [Render thread/INFO] (Minecraft) [STDOUT]: [AEC][PROBE] MAEC 2D: style: style name='Potion cloud' sprites=false baseDisk=true softPuffs=true grid=8 density=1,15 alpha=0,90 wobble=0,050 puffMul=1,00 tint=0xFF000000
[18:57:45] [Render thread/INFO] (Minecraft) [STDOUT]: [AEC][PROBE] MAEC frames: load
[18:57:45] [Render thread/INFO] (Minecraft) [STDOUT]: [SequencerPreview] drawEntityAny: start, type=minecraft:arrow
[18:57:45] [Render thread/INFO] (Minecraft) [STDOUT]: [SequencerPreview] drawEntityAny: det=-729.0
[18:57:45] [Render thread/INFO] (Minecraft) [STDOUT]: [SequencerPreview] drawEntityAny: start, type=minecraft:block_display
[18:57:45] [Render thread/INFO] (Minecraft) [STDOUT]: [SequencerPreview] drawEntityAny: det=-729.0
[18:57:45] [Render thread/INFO] (Minecraft) [STDOUT]: [SequencerPreview] drawEntityAny: start, type=minecraft:boat
[18:57:45] [Render thread/INFO] (Minecraft) [STDOUT]: [SequencerPreview] drawEntityAny: det=-729.0
[18:57:45] [Render thread/INFO] (Minecraft) [STDOUT]: [AEC][PROBE] getOrCreatePreviewAny: start
[18:57:45] [Render thread/INFO] (Minecraft) [STDOUT]: [AEC][PROBE] getOrCreatePreviewAny: world=true type=true
[18:57:45] [Render thread/INFO] (Minecraft) [STDOUT]: [SequencerPreview] getOrCreatePreviewAny: try type=minecraft:allay
[18:57:45] [Render thread/INFO] (Minecraft) [STDOUT]: [SequencerPreview] getOrCreatePreviewAny: reuse existing instance for minecraft:allay
[18:57:45] [Render thread/INFO] (Minecraft) [STDOUT]: [AEC][PROBE] PREVIEW draw begin: type=minecraft:allay rect=216,120 256x118
[18:57:45] [Render thread/INFO] (Minecraft) [STDOUT]: [AEC][PROBE] PREVIEW draw end
[18:57:45] [Render thread/INFO] (Minecraft) [STDOUT]: [AEC][PROBE] ---- frame 173 ----
[18:57:45] [Render thread/INFO] (Minecraft) [STDOUT]: [AEC][PROBE] Screen.render tab=MORPHS
[18:57:45] [Render thread/INFO] (Minecraft) [STDOUT]: [AEC][PROBE] Render: selectedType=minecraft:allay
[18:57:45] [Render thread/INFO] (Minecraft) [STDOUT]: [AEC][PROBE] PreviewRect: rect x=216 y=120 w=256 h=118
[18:57:45] [Render thread/INFO] (Minecraft) [STDOUT]: [SequencerPreview] Icon create: AREA_EFFECT_CLOUD
[18:57:45] [Render thread/INFO] (Minecraft) [STDOUT]: [SequencerPreview] drawEntityAny: start, type=minecraft:area_effect_cloud
[18:57:45] [Render thread/INFO] (Minecraft) [STDOUT]: [AEC][PROBE] ICON AEC: enter size=24
[18:57:45] [Render thread/INFO] (Minecraft) [STDOUT]: [AEC][PROBE] MAEC 2D: enter x=7 y=54 w=24 h=24
[18:57:45] [Render thread/INFO] (Minecraft) [STDOUT]: [AEC][PROBE] MAEC 2D: style: style name='Potion cloud' sprites=false baseDisk=true softPuffs=true grid=8 density=1,15 alpha=0,90 wobble=0,050 puffMul=1,00 tint=0xFF000000
[18:57:45] [Render thread/INFO] (Minecraft) [STDOUT]: [AEC][PROBE] MAEC frames: load
[18:57:45] [Render thread/INFO] (Minecraft) [STDOUT]: [SequencerPreview] drawEntityAny: start, type=minecraft:arrow
[18:57:45] [Render thread/INFO] (Minecraft) [STDOUT]: [SequencerPreview] drawEntityAny: det=-729.0
[18:57:45] [Render thread/INFO] (Minecraft) [STDOUT]: [SequencerPreview] drawEntityAny: start, type=minecraft:block_display
[18:57:45] [Render thread/INFO] (Minecraft) [STDOUT]: [SequencerPreview] drawEntityAny: det=-729.0
[18:57:45] [Render thread/INFO] (Minecraft) [STDOUT]: [SequencerPreview] drawEntityAny: start, type=minecraft:boat
[18:57:45] [Render thread/INFO] (Minecraft) [STDOUT]: [SequencerPreview] drawEntityAny: det=-729.0
[18:57:45] [Render thread/INFO] (Minecraft) [STDOUT]: [AEC][PROBE] getOrCreatePreviewAny: start
[18:57:45] [Render thread/INFO] (Minecraft) [STDOUT]: [AEC][PROBE] getOrCreatePreviewAny: world=true type=true
[18:57:45] [Render thread/INFO] (Minecraft) [STDOUT]: [SequencerPreview] getOrCreatePreviewAny: try type=minecraft:allay
[18:57:45] [Render thread/INFO] (Minecraft) [STDOUT]: [SequencerPreview] getOrCreatePreviewAny: reuse existing instance for minecraft:allay
[18:57:45] [Render thread/INFO] (Minecraft) [STDOUT]: [AEC][PROBE] PREVIEW draw begin: type=minecraft:allay rect=216,120 256x118
[18:57:45] [Render thread/INFO] (Minecraft) [STDOUT]: [AEC][PROBE] PREVIEW draw end
[18:57:45] [Render thread/INFO] (Minecraft) [STDOUT]: [AEC][PROBE] ---- frame 174 ----
[18:57:45] [Render thread/INFO] (Minecraft) [STDOUT]: [AEC][PROBE] Screen.render tab=MORPHS
[18:57:45] [Render thread/INFO] (Minecraft) [STDOUT]: [AEC][PROBE] Render: selectedType=minecraft:allay
[18:57:45] [Render thread/INFO] (Minecraft) [STDOUT]: [AEC][PROBE] PreviewRect: rect x=216 y=120 w=256 h=118
[18:57:45] [Render thread/INFO] (Minecraft) [STDOUT]: [SequencerPreview] Icon create: AREA_EFFECT_CLOUD
[18:57:45] [Render thread/INFO] (Minecraft) [STDOUT]: [SequencerPreview] drawEntityAny: start, type=minecraft:area_effect_cloud
[18:57:45] [Render thread/INFO] (Minecraft) [STDOUT]: [AEC][PROBE] ICON AEC: enter size=24
[18:57:45] [Render thread/INFO] (Minecraft) [STDOUT]: [AEC][PROBE] MAEC 2D: enter x=7 y=54 w=24 h=24
[18:57:45] [Render thread/INFO] (Minecraft) [STDOUT]: [AEC][PROBE] MAEC 2D: style: style name='Potion cloud' sprites=false baseDisk=true softPuffs=true grid=8 density=1,15 alpha=0,90 wobble=0,050 puffMul=1,00 tint=0xFF000000
[18:57:45] [Render thread/INFO] (Minecraft) [STDOUT]: [AEC][PROBE] MAEC frames: load
[18:57:45] [Render thread/INFO] (Minecraft) [STDOUT]: [SequencerPreview] drawEntityAny: start, type=minecraft:arrow
[18:57:45] [Render thread/INFO] (Minecraft) [STDOUT]: [SequencerPreview] drawEntityAny: det=-729.0
[18:57:45] [Render thread/INFO] (Minecraft) [STDOUT]: [SequencerPreview] drawEntityAny: start, type=minecraft:block_display
[18:57:45] [Render thread/INFO] (Minecraft) [STDOUT]: [SequencerPreview] drawEntityAny: det=-729.0
[18:57:45] [Render thread/INFO] (Minecraft) [STDOUT]: [SequencerPreview] drawEntityAny: start, type=minecraft:boat
[18:57:45] [Render thread/INFO] (Minecraft) [STDOUT]: [SequencerPreview] drawEntityAny: det=-729.0
[18:57:45] [Render thread/INFO] (Minecraft) [STDOUT]: [AEC][PROBE] getOrCreatePreviewAny: start
[18:57:45] [Render thread/INFO] (Minecraft) [STDOUT]: [AEC][PROBE] getOrCreatePreviewAny: world=true type=true
[18:57:45] [Render thread/INFO] (Minecraft) [STDOUT]: [SequencerPreview] getOrCreatePreviewAny: try type=minecraft:allay
[18:57:45] [Render thread/INFO] (Minecraft) [STDOUT]: [SequencerPreview] getOrCreatePreviewAny: reuse existing instance for minecraft:allay
[18:57:45] [Render thread/INFO] (Minecraft) [STDOUT]: [AEC][PROBE] PREVIEW draw begin: type=minecraft:allay rect=216,120 256x118
[18:57:45] [Render thread/INFO] (Minecraft) [STDOUT]: [AEC][PROBE] PREVIEW draw end
[18:57:45] [Render thread/INFO] (Minecraft) [STDOUT]: [AEC][PROBE] ---- frame 175 ----
[18:57:45] [Render thread/INFO] (Minecraft) [STDOUT]: [AEC][PROBE] Screen.render tab=MORPHS
[18:57:45] [Render thread/INFO] (Minecraft) [STDOUT]: [AEC][PROBE] Render: selectedType=minecraft:allay
[18:57:45] [Render thread/INFO] (Minecraft) [STDOUT]: [AEC][PROBE] PreviewRect: rect x=216 y=120 w=256 h=118
[18:57:45] [Render thread/INFO] (Minecraft) [STDOUT]: [SequencerPreview] Icon create: AREA_EFFECT_CLOUD
[18:57:45] [Render thread/INFO] (Minecraft) [STDOUT]: [SequencerPreview] drawEntityAny: start, type=minecraft:area_effect_cloud
[18:57:45] [Render thread/INFO] (Minecraft) [STDOUT]: [AEC][PROBE] ICON AEC: enter size=24
[18:57:45] [Render thread/INFO] (Minecraft) [STDOUT]: [AEC][PROBE] MAEC 2D: enter x=7 y=54 w=24 h=24
[18:57:45] [Render thread/INFO] (Minecraft) [STDOUT]: [AEC][PROBE] MAEC 2D: style: style name='Potion cloud' sprites=false baseDisk=true softPuffs=true grid=8 density=1,15 alpha=0,90 wobble=0,050 puffMul=1,00 tint=0xFF000000
[18:57:45] [Render thread/INFO] (Minecraft) [STDOUT]: [AEC][PROBE] MAEC frames: load
[18:57:45] [Render thread/INFO] (Minecraft) [STDOUT]: [SequencerPreview] drawEntityAny: start, type=minecraft:arrow
[18:57:45] [Render thread/INFO] (Minecraft) [STDOUT]: [SequencerPreview] drawEntityAny: det=-729.0
[18:57:45] [Render thread/INFO] (Minecraft) [STDOUT]: [SequencerPreview] drawEntityAny: start, type=minecraft:block_display
[18:57:45] [Render thread/INFO] (Minecraft) [STDOUT]: [SequencerPreview] drawEntityAny: det=-729.0
[18:57:45] [Render thread/INFO] (Minecraft) [STDOUT]: [SequencerPreview] drawEntityAny: start, type=minecraft:boat
[18:57:45] [Render thread/INFO] (Minecraft) [STDOUT]: [SequencerPreview] drawEntityAny: det=-729.0
[18:57:45] [Render thread/INFO] (Minecraft) [STDOUT]: [AEC][PROBE] getOrCreatePreviewAny: start
[18:57:45] [Render thread/INFO] (Minecraft) [STDOUT]: [AEC][PROBE] getOrCreatePreviewAny: world=true type=true
[18:57:45] [Render thread/INFO] (Minecraft) [STDOUT]: [SequencerPreview] getOrCreatePreviewAny: try type=minecraft:allay
[18:57:45] [Render thread/INFO] (Minecraft) [STDOUT]: [SequencerPreview] getOrCreatePreviewAny: reuse existing instance for minecraft:allay
[18:57:45] [Render thread/INFO] (Minecraft) [STDOUT]: [AEC][PROBE] PREVIEW draw begin: type=minecraft:allay rect=216,120 256x118
[18:57:45] [Render thread/INFO] (Minecraft) [STDOUT]: [AEC][PROBE] PREVIEW draw end
[18:57:45] [Render thread/INFO] (Minecraft) [STDOUT]: [AEC][PROBE] ---- frame 176 ----
[18:57:45] [Render thread/INFO] (Minecraft) [STDOUT]: [AEC][PROBE] Screen.render tab=MORPHS
[18:57:45] [Render thread/INFO] (Minecraft) [STDOUT]: [AEC][PROBE] Render: selectedType=minecraft:allay
[18:57:45] [Render thread/INFO] (Minecraft) [STDOUT]: [AEC][PROBE] PreviewRect: rect x=216 y=120 w=256 h=118
[18:57:45] [Render thread/INFO] (Minecraft) [STDOUT]: [SequencerPreview] Icon create: AREA_EFFECT_CLOUD
[18:57:45] [Render thread/INFO] (Minecraft) [STDOUT]: [SequencerPreview] drawEntityAny: start, type=minecraft:area_effect_cloud
[18:57:45] [Render thread/INFO] (Minecraft) [STDOUT]: [AEC][PROBE] ICON AEC: enter size=24
[18:57:45] [Render thread/INFO] (Minecraft) [STDOUT]: [AEC][PROBE] MAEC 2D: enter x=7 y=54 w=24 h=24
[18:57:45] [Render thread/INFO] (Minecraft) [STDOUT]: [AEC][PROBE] MAEC 2D: style: style name='Potion cloud' sprites=false baseDisk=true softPuffs=true grid=8 density=1,15 alpha=0,90 wobble=0,050 puffMul=1,00 tint=0xFF000000
[18:57:45] [Render thread/INFO] (Minecraft) [STDOUT]: [AEC][PROBE] MAEC frames: load
[18:57:45] [Render thread/INFO] (Minecraft) [STDOUT]: [SequencerPreview] drawEntityAny: start, type=minecraft:arrow
[18:57:45] [Render thread/INFO] (Minecraft) [STDOUT]: [SequencerPreview] drawEntityAny: det=-729.0
[18:57:45] [Render thread/INFO] (Minecraft) [STDOUT]: [SequencerPreview] drawEntityAny: start, type=minecraft:block_display
[18:57:45] [Render thread/INFO] (Minecraft) [STDOUT]: [SequencerPreview] drawEntityAny: det=-729.0
[18:57:45] [Render thread/INFO] (Minecraft) [STDOUT]: [SequencerPreview] drawEntityAny: start, type=minecraft:boat
[18:57:45] [Render thread/INFO] (Minecraft) [STDOUT]: [SequencerPreview] drawEntityAny: det=-729.0
[18:57:45] [Render thread/INFO] (Minecraft) [STDOUT]: [AEC][PROBE] getOrCreatePreviewAny: start
[18:57:45] [Render thread/INFO] (Minecraft) [STDOUT]: [AEC][PROBE] getOrCreatePreviewAny: world=true type=true
[18:57:45] [Render thread/INFO] (Minecraft) [STDOUT]: [SequencerPreview] getOrCreatePreviewAny: try type=minecraft:allay
[18:57:45] [Render thread/INFO] (Minecraft) [STDOUT]: [SequencerPreview] getOrCreatePreviewAny: reuse existing instance for minecraft:allay
[18:57:45] [Render thread/INFO] (Minecraft) [STDOUT]: [AEC][PROBE] PREVIEW draw begin: type=minecraft:allay rect=216,120 256x118
[18:57:45] [Render thread/INFO] (Minecraft) [STDOUT]: [AEC][PROBE] PREVIEW draw end
[18:57:45] [Render thread/INFO] (Minecraft) [STDOUT]: [AEC][PROBE] ---- frame 177 ----
[18:57:45] [Render thread/INFO] (Minecraft) [STDOUT]: [AEC][PROBE] Screen.render tab=MORPHS
[18:57:45] [Render thread/INFO] (Minecraft) [STDOUT]: [AEC][PROBE] Render: selectedType=minecraft:allay
[18:57:45] [Render thread/INFO] (Minecraft) [STDOUT]: [AEC][PROBE] PreviewRect: rect x=216 y=120 w=256 h=118
[18:57:45] [Render thread/INFO] (Minecraft) [STDOUT]: [SequencerPreview] Icon create: AREA_EFFECT_CLOUD
[18:57:45] [Render thread/INFO] (Minecraft) [STDOUT]: [SequencerPreview] drawEntityAny: start, type=minecraft:area_effect_cloud
[18:57:45] [Render thread/INFO] (Minecraft) [STDOUT]: [AEC][PROBE] ICON AEC: enter size=24
[18:57:45] [Render thread/INFO] (Minecraft) [STDOUT]: [AEC][PROBE] MAEC 2D: enter x=7 y=54 w=24 h=24
[18:57:45] [Render thread/INFO] (Minecraft) [STDOUT]: [AEC][PROBE] MAEC 2D: style: style name='Potion cloud' sprites=false baseDisk=true softPuffs=true grid=8 density=1,15 alpha=0,90 wobble=0,050 puffMul=1,00 tint=0xFF000000
[18:57:45] [Render thread/INFO] (Minecraft) [STDOUT]: [AEC][PROBE] MAEC frames: load
[18:57:45] [Render thread/INFO] (Minecraft) [STDOUT]: [SequencerPreview] drawEntityAny: start, type=minecraft:arrow
[18:57:45] [Render thread/INFO] (Minecraft) [STDOUT]: [SequencerPreview] drawEntityAny: det=-729.0
[18:57:45] [Render thread/INFO] (Minecraft) [STDOUT]: [SequencerPreview] drawEntityAny: start, type=minecraft:block_display
[18:57:45] [Render thread/INFO] (Minecraft) [STDOUT]: [SequencerPreview] drawEntityAny: det=-729.0
[18:57:45] [Render thread/INFO] (Minecraft) [STDOUT]: [SequencerPreview] drawEntityAny: start, type=minecraft:boat
[18:57:45] [Render thread/INFO] (Minecraft) [STDOUT]: [SequencerPreview] drawEntityAny: det=-729.0
[18:57:45] [Render thread/INFO] (Minecraft) [STDOUT]: [AEC][PROBE] getOrCreatePreviewAny: start
[18:57:45] [Render thread/INFO] (Minecraft) [STDOUT]: [AEC][PROBE] getOrCreatePreviewAny: world=true type=true
[18:57:45] [Render thread/INFO] (Minecraft) [STDOUT]: [SequencerPreview] getOrCreatePreviewAny: try type=minecraft:allay
[18:57:45] [Render thread/INFO] (Minecraft) [STDOUT]: [SequencerPreview] getOrCreatePreviewAny: reuse existing instance for minecraft:allay
[18:57:45] [Render thread/INFO] (Minecraft) [STDOUT]: [AEC][PROBE] PREVIEW draw begin: type=minecraft:allay rect=216,120 256x118
[18:57:45] [Render thread/INFO] (Minecraft) [STDOUT]: [AEC][PROBE] PREVIEW draw end
[18:57:45] [Render thread/INFO] (Minecraft) [STDOUT]: [AEC][PROBE] ---- frame 178 ----
[18:57:45] [Render thread/INFO] (Minecraft) [STDOUT]: [AEC][PROBE] Screen.render tab=MORPHS
[18:57:45] [Render thread/INFO] (Minecraft) [STDOUT]: [AEC][PROBE] Render: selectedType=minecraft:allay
[18:57:45] [Render thread/INFO] (Minecraft) [STDOUT]: [AEC][PROBE] PreviewRect: rect x=216 y=120 w=256 h=118
[18:57:45] [Render thread/INFO] (Minecraft) [STDOUT]: [SequencerPreview] Icon create: AREA_EFFECT_CLOUD
[18:57:45] [Render thread/INFO] (Minecraft) [STDOUT]: [SequencerPreview] drawEntityAny: start, type=minecraft:area_effect_cloud
[18:57:45] [Render thread/INFO] (Minecraft) [STDOUT]: [AEC][PROBE] ICON AEC: enter size=24
[18:57:45] [Render thread/INFO] (Minecraft) [STDOUT]: [AEC][PROBE] MAEC 2D: enter x=7 y=54 w=24 h=24
[18:57:45] [Render thread/INFO] (Minecraft) [STDOUT]: [AEC][PROBE] MAEC 2D: style: style name='Potion cloud' sprites=false baseDisk=true softPuffs=true grid=8 density=1,15 alpha=0,90 wobble=0,050 puffMul=1,00 tint=0xFF000000
[18:57:45] [Render thread/INFO] (Minecraft) [STDOUT]: [AEC][PROBE] MAEC frames: load
[18:57:45] [Render thread/INFO] (Minecraft) [STDOUT]: [SequencerPreview] drawEntityAny: start, type=minecraft:arrow
[18:57:45] [Render thread/INFO] (Minecraft) [STDOUT]: [SequencerPreview] drawEntityAny: det=-729.0
[18:57:45] [Render thread/INFO] (Minecraft) [STDOUT]: [SequencerPreview] drawEntityAny: start, type=minecraft:block_display
[18:57:45] [Render thread/INFO] (Minecraft) [STDOUT]: [SequencerPreview] drawEntityAny: det=-729.0
[18:57:45] [Render thread/INFO] (Minecraft) [STDOUT]: [SequencerPreview] drawEntityAny: start, type=minecraft:boat
[18:57:45] [Render thread/INFO] (Minecraft) [STDOUT]: [SequencerPreview] drawEntityAny: det=-729.0
[18:57:45] [Render thread/INFO] (Minecraft) [STDOUT]: [AEC][PROBE] getOrCreatePreviewAny: start
[18:57:45] [Render thread/INFO] (Minecraft) [STDOUT]: [AEC][PROBE] getOrCreatePreviewAny: world=true type=true
[18:57:45] [Render thread/INFO] (Minecraft) [STDOUT]: [SequencerPreview] getOrCreatePreviewAny: try type=minecraft:allay
[18:57:45] [Render thread/INFO] (Minecraft) [STDOUT]: [SequencerPreview] getOrCreatePreviewAny: reuse existing instance for minecraft:allay
[18:57:45] [Render thread/INFO] (Minecraft) [STDOUT]: [AEC][PROBE] PREVIEW draw begin: type=minecraft:allay rect=216,120 256x118
[18:57:45] [Render thread/INFO] (Minecraft) [STDOUT]: [AEC][PROBE] PREVIEW draw end
[18:57:45] [Render thread/INFO] (Minecraft) [STDOUT]: [AEC][PROBE] ---- frame 179 ----
[18:57:45] [Render thread/INFO] (Minecraft) [STDOUT]: [AEC][PROBE] Screen.render tab=MORPHS
[18:57:45] [Render thread/INFO] (Minecraft) [STDOUT]: [AEC][PROBE] Render: selectedType=minecraft:allay
[18:57:45] [Render thread/INFO] (Minecraft) [STDOUT]: [AEC][PROBE] PreviewRect: rect x=216 y=120 w=256 h=118
[18:57:45] [Render thread/INFO] (Minecraft) [STDOUT]: [SequencerPreview] Icon create: AREA_EFFECT_CLOUD
[18:57:45] [Render thread/INFO] (Minecraft) [STDOUT]: [SequencerPreview] drawEntityAny: start, type=minecraft:area_effect_cloud
[18:57:45] [Render thread/INFO] (Minecraft) [STDOUT]: [AEC][PROBE] ICON AEC: enter size=24
[18:57:45] [Render thread/INFO] (Minecraft) [STDOUT]: [AEC][PROBE] MAEC 2D: enter x=7 y=54 w=24 h=24
[18:57:45] [Render thread/INFO] (Minecraft) [STDOUT]: [AEC][PROBE] MAEC 2D: style: style name='Potion cloud' sprites=false baseDisk=true softPuffs=true grid=8 density=1,15 alpha=0,90 wobble=0,050 puffMul=1,00 tint=0xFF000000
[18:57:45] [Render thread/INFO] (Minecraft) [STDOUT]: [AEC][PROBE] MAEC frames: load
[18:57:45] [Render thread/INFO] (Minecraft) [STDOUT]: [SequencerPreview] drawEntityAny: start, type=minecraft:arrow
[18:57:45] [Render thread/INFO] (Minecraft) [STDOUT]: [SequencerPreview] drawEntityAny: det=-729.0
[18:57:45] [Render thread/INFO] (Minecraft) [STDOUT]: [SequencerPreview] drawEntityAny: start, type=minecraft:block_display
[18:57:45] [Render thread/INFO] (Minecraft) [STDOUT]: [SequencerPreview] drawEntityAny: det=-729.0
[18:57:45] [Render thread/INFO] (Minecraft) [STDOUT]: [SequencerPreview] drawEntityAny: start, type=minecraft:boat
[18:57:45] [Render thread/INFO] (Minecraft) [STDOUT]: [SequencerPreview] drawEntityAny: det=-729.0
[18:57:45] [Render thread/INFO] (Minecraft) [STDOUT]: [AEC][PROBE] getOrCreatePreviewAny: start
[18:57:45] [Render thread/INFO] (Minecraft) [STDOUT]: [AEC][PROBE] getOrCreatePreviewAny: world=true type=true
[18:57:45] [Render thread/INFO] (Minecraft) [STDOUT]: [SequencerPreview] getOrCreatePreviewAny: try type=minecraft:allay
[18:57:45] [Render thread/INFO] (Minecraft) [STDOUT]: [SequencerPreview] getOrCreatePreviewAny: reuse existing instance for minecraft:allay
[18:57:45] [Render thread/INFO] (Minecraft) [STDOUT]: [AEC][PROBE] PREVIEW draw begin: type=minecraft:allay rect=216,120 256x118
[18:57:45] [Render thread/INFO] (Minecraft) [STDOUT]: [AEC][PROBE] PREVIEW draw end
[18:57:45] [Render thread/INFO] (Minecraft) [STDOUT]: [AEC][PROBE] ---- frame 180 ----
[18:57:45] [Render thread/INFO] (Minecraft) [STDOUT]: [AEC][PROBE] Screen.render tab=MORPHS
[18:57:45] [Render thread/INFO] (Minecraft) [STDOUT]: [AEC][PROBE] Render: selectedType=minecraft:allay
[18:57:45] [Render thread/INFO] (Minecraft) [STDOUT]: [AEC][PROBE] PreviewRect: rect x=216 y=120 w=256 h=118
[18:57:45] [Render thread/INFO] (Minecraft) [STDOUT]: [SequencerPreview] Icon create: AREA_EFFECT_CLOUD
[18:57:45] [Render thread/INFO] (Minecraft) [STDOUT]: [SequencerPreview] drawEntityAny: start, type=minecraft:area_effect_cloud
[18:57:45] [Render thread/INFO] (Minecraft) [STDOUT]: [AEC][PROBE] ICON AEC: enter size=24
[18:57:45] [Render thread/INFO] (Minecraft) [STDOUT]: [AEC][PROBE] MAEC 2D: enter x=7 y=54 w=24 h=24
[18:57:45] [Render thread/INFO] (Minecraft) [STDOUT]: [AEC][PROBE] MAEC 2D: style: style name='Potion cloud' sprites=false baseDisk=true softPuffs=true grid=8 density=1,15 alpha=0,90 wobble=0,050 puffMul=1,00 tint=0xFF000000
[18:57:45] [Render thread/INFO] (Minecraft) [STDOUT]: [AEC][PROBE] MAEC frames: load
[18:57:45] [Render thread/INFO] (Minecraft) [STDOUT]: [SequencerPreview] drawEntityAny: start, type=minecraft:arrow
[18:57:45] [Render thread/INFO] (Minecraft) [STDOUT]: [SequencerPreview] drawEntityAny: det=-729.0
[18:57:45] [Render thread/INFO] (Minecraft) [STDOUT]: [SequencerPreview] drawEntityAny: start, type=minecraft:block_display
[18:57:45] [Render thread/INFO] (Minecraft) [STDOUT]: [SequencerPreview] drawEntityAny: det=-729.0
[18:57:45] [Render thread/INFO] (Minecraft) [STDOUT]: [SequencerPreview] drawEntityAny: start, type=minecraft:boat
[18:57:45] [Render thread/INFO] (Minecraft) [STDOUT]: [SequencerPreview] drawEntityAny: det=-729.0
[18:57:45] [Render thread/INFO] (Minecraft) [STDOUT]: [AEC][PROBE] getOrCreatePreviewAny: start
[18:57:45] [Render thread/INFO] (Minecraft) [STDOUT]: [AEC][PROBE] getOrCreatePreviewAny: world=true type=true
[18:57:45] [Render thread/INFO] (Minecraft) [STDOUT]: [SequencerPreview] getOrCreatePreviewAny: try type=minecraft:allay
[18:57:45] [Render thread/INFO] (Minecraft) [STDOUT]: [SequencerPreview] getOrCreatePreviewAny: reuse existing instance for minecraft:allay
[18:57:45] [Render thread/INFO] (Minecraft) [STDOUT]: [AEC][PROBE] PREVIEW draw begin: type=minecraft:allay rect=216,120 256x118
[18:57:45] [Render thread/INFO] (Minecraft) [STDOUT]: [AEC][PROBE] PREVIEW draw end
[18:57:45] [Render thread/INFO] (Minecraft) [STDOUT]: [AEC][PROBE] ---- frame 181 ----
[18:57:45] [Render thread/INFO] (Minecraft) [STDOUT]: [AEC][PROBE] Screen.render tab=MORPHS
[18:57:45] [Render thread/INFO] (Minecraft) [STDOUT]: [AEC][PROBE] Render: selectedType=minecraft:allay
[18:57:45] [Render thread/INFO] (Minecraft) [STDOUT]: [AEC][PROBE] PreviewRect: rect x=216 y=120 w=256 h=118
[18:57:45] [Render thread/INFO] (Minecraft) [STDOUT]: [SequencerPreview] Icon create: AREA_EFFECT_CLOUD
[18:57:45] [Render thread/INFO] (Minecraft) [STDOUT]: [SequencerPreview] drawEntityAny: start, type=minecraft:area_effect_cloud
[18:57:45] [Render thread/INFO] (Minecraft) [STDOUT]: [AEC][PROBE] ICON AEC: enter size=24
[18:57:45] [Render thread/INFO] (Minecraft) [STDOUT]: [AEC][PROBE] MAEC 2D: enter x=7 y=54 w=24 h=24
[18:57:45] [Render thread/INFO] (Minecraft) [STDOUT]: [AEC][PROBE] MAEC 2D: style: style name='Potion cloud' sprites=false baseDisk=true softPuffs=true grid=8 density=1,15 alpha=0,90 wobble=0,050 puffMul=1,00 tint=0xFF000000
[18:57:45] [Render thread/INFO] (Minecraft) [STDOUT]: [AEC][PROBE] MAEC frames: load
[18:57:45] [Render thread/INFO] (Minecraft) [STDOUT]: [SequencerPreview] drawEntityAny: start, type=minecraft:arrow
[18:57:45] [Render thread/INFO] (Minecraft) [STDOUT]: [SequencerPreview] drawEntityAny: det=-729.0
[18:57:45] [Render thread/INFO] (Minecraft) [STDOUT]: [SequencerPreview] drawEntityAny: start, type=minecraft:block_display
[18:57:45] [Render thread/INFO] (Minecraft) [STDOUT]: [SequencerPreview] drawEntityAny: det=-729.0
[18:57:45] [Render thread/INFO] (Minecraft) [STDOUT]: [SequencerPreview] drawEntityAny: start, type=minecraft:boat
[18:57:45] [Render thread/INFO] (Minecraft) [STDOUT]: [SequencerPreview] drawEntityAny: det=-729.0
[18:57:45] [Render thread/INFO] (Minecraft) [STDOUT]: [AEC][PROBE] getOrCreatePreviewAny: start
[18:57:45] [Render thread/INFO] (Minecraft) [STDOUT]: [AEC][PROBE] getOrCreatePreviewAny: world=true type=true
[18:57:45] [Render thread/INFO] (Minecraft) [STDOUT]: [SequencerPreview] getOrCreatePreviewAny: try type=minecraft:allay
[18:57:45] [Render thread/INFO] (Minecraft) [STDOUT]: [SequencerPreview] getOrCreatePreviewAny: reuse existing instance for minecraft:allay
[18:57:45] [Render thread/INFO] (Minecraft) [STDOUT]: [AEC][PROBE] PREVIEW draw begin: type=minecraft:allay rect=216,120 256x118
[18:57:45] [Render thread/INFO] (Minecraft) [STDOUT]: [AEC][PROBE] PREVIEW draw end
[18:57:45] [Render thread/INFO] (Minecraft) [STDOUT]: [AEC][PROBE] ---- frame 182 ----
[18:57:45] [Render thread/INFO] (Minecraft) [STDOUT]: [AEC][PROBE] Screen.render tab=MORPHS
[18:57:45] [Render thread/INFO] (Minecraft) [STDOUT]: [AEC][PROBE] Render: selectedType=minecraft:allay
[18:57:45] [Render thread/INFO] (Minecraft) [STDOUT]: [AEC][PROBE] PreviewRect: rect x=216 y=120 w=256 h=118
[18:57:45] [Render thread/INFO] (Minecraft) [STDOUT]: [SequencerPreview] Icon create: AREA_EFFECT_CLOUD
[18:57:45] [Render thread/INFO] (Minecraft) [STDOUT]: [SequencerPreview] drawEntityAny: start, type=minecraft:area_effect_cloud
[18:57:45] [Render thread/INFO] (Minecraft) [STDOUT]: [AEC][PROBE] ICON AEC: enter size=24
[18:57:45] [Render thread/INFO] (Minecraft) [STDOUT]: [AEC][PROBE] MAEC 2D: enter x=7 y=54 w=24 h=24
[18:57:45] [Render thread/INFO] (Minecraft) [STDOUT]: [AEC][PROBE] MAEC 2D: style: style name='Potion cloud' sprites=false baseDisk=true softPuffs=true grid=8 density=1,15 alpha=0,90 wobble=0,050 puffMul=1,00 tint=0xFF000000
[18:57:45] [Render thread/INFO] (Minecraft) [STDOUT]: [AEC][PROBE] MAEC frames: load
[18:57:45] [Render thread/INFO] (Minecraft) [STDOUT]: [SequencerPreview] drawEntityAny: start, type=minecraft:arrow
[18:57:45] [Render thread/INFO] (Minecraft) [STDOUT]: [SequencerPreview] drawEntityAny: det=-729.0
[18:57:45] [Render thread/INFO] (Minecraft) [STDOUT]: [SequencerPreview] drawEntityAny: start, type=minecraft:block_display
[18:57:45] [Render thread/INFO] (Minecraft) [STDOUT]: [SequencerPreview] drawEntityAny: det=-729.0
[18:57:45] [Render thread/INFO] (Minecraft) [STDOUT]: [SequencerPreview] drawEntityAny: start, type=minecraft:boat
[18:57:45] [Render thread/INFO] (Minecraft) [STDOUT]: [SequencerPreview] drawEntityAny: det=-729.0
[18:57:45] [Render thread/INFO] (Minecraft) [STDOUT]: [AEC][PROBE] getOrCreatePreviewAny: start
[18:57:45] [Render thread/INFO] (Minecraft) [STDOUT]: [AEC][PROBE] getOrCreatePreviewAny: world=true type=true
[18:57:45] [Render thread/INFO] (Minecraft) [STDOUT]: [SequencerPreview] getOrCreatePreviewAny: try type=minecraft:allay
[18:57:45] [Render thread/INFO] (Minecraft) [STDOUT]: [SequencerPreview] getOrCreatePreviewAny: reuse existing instance for minecraft:allay
[18:57:45] [Render thread/INFO] (Minecraft) [STDOUT]: [AEC][PROBE] PREVIEW draw begin: type=minecraft:allay rect=216,120 256x118
[18:57:45] [Render thread/INFO] (Minecraft) [STDOUT]: [AEC][PROBE] PREVIEW draw end
[18:57:46] [Render thread/INFO] (Minecraft) [STDOUT]: [AEC][PROBE] ---- frame 183 ----
[18:57:46] [Render thread/INFO] (Minecraft) [STDOUT]: [AEC][PROBE] Screen.render tab=MORPHS
[18:57:46] [Render thread/INFO] (Minecraft) [STDOUT]: [AEC][PROBE] Render: selectedType=minecraft:allay
[18:57:46] [Render thread/INFO] (Minecraft) [STDOUT]: [AEC][PROBE] PreviewRect: rect x=216 y=120 w=256 h=118
[18:57:46] [Render thread/INFO] (Minecraft) [STDOUT]: [SequencerPreview] Icon create: AREA_EFFECT_CLOUD
[18:57:46] [Render thread/INFO] (Minecraft) [STDOUT]: [SequencerPreview] drawEntityAny: start, type=minecraft:area_effect_cloud
[18:57:46] [Render thread/INFO] (Minecraft) [STDOUT]: [AEC][PROBE] ICON AEC: enter size=24
[18:57:46] [Render thread/INFO] (Minecraft) [STDOUT]: [AEC][PROBE] MAEC 2D: enter x=7 y=54 w=24 h=24
[18:57:46] [Render thread/INFO] (Minecraft) [STDOUT]: [AEC][PROBE] MAEC 2D: style: style name='Potion cloud' sprites=false baseDisk=true softPuffs=true grid=8 density=1,15 alpha=0,90 wobble=0,050 puffMul=1,00 tint=0xFF000000
[18:57:46] [Render thread/INFO] (Minecraft) [STDOUT]: [AEC][PROBE] MAEC frames: load
[18:57:46] [Render thread/INFO] (Minecraft) [STDOUT]: [SequencerPreview] drawEntityAny: start, type=minecraft:arrow
[18:57:46] [Render thread/INFO] (Minecraft) [STDOUT]: [SequencerPreview] drawEntityAny: det=-729.0
[18:57:46] [Render thread/INFO] (Minecraft) [STDOUT]: [SequencerPreview] drawEntityAny: start, type=minecraft:block_display
[18:57:46] [Render thread/INFO] (Minecraft) [STDOUT]: [SequencerPreview] drawEntityAny: det=-729.0
[18:57:46] [Render thread/INFO] (Minecraft) [STDOUT]: [SequencerPreview] drawEntityAny: start, type=minecraft:boat
[18:57:46] [Render thread/INFO] (Minecraft) [STDOUT]: [SequencerPreview] drawEntityAny: det=-729.0
[18:57:46] [Render thread/INFO] (Minecraft) [STDOUT]: [AEC][PROBE] getOrCreatePreviewAny: start
[18:57:46] [Render thread/INFO] (Minecraft) [STDOUT]: [AEC][PROBE] getOrCreatePreviewAny: world=true type=true
[18:57:46] [Render thread/INFO] (Minecraft) [STDOUT]: [SequencerPreview] getOrCreatePreviewAny: try type=minecraft:allay
[18:57:46] [Render thread/INFO] (Minecraft) [STDOUT]: [SequencerPreview] getOrCreatePreviewAny: reuse existing instance for minecraft:allay
[18:57:46] [Render thread/INFO] (Minecraft) [STDOUT]: [AEC][PROBE] PREVIEW draw begin: type=minecraft:allay rect=216,120 256x118
[18:57:46] [Render thread/INFO] (Minecraft) [STDOUT]: [AEC][PROBE] PREVIEW draw end
[18:57:46] [Render thread/INFO] (Minecraft) [STDOUT]: [AEC][PROBE] ---- frame 184 ----
[18:57:46] [Render thread/INFO] (Minecraft) [STDOUT]: [AEC][PROBE] Screen.render tab=MORPHS
[18:57:46] [Render thread/INFO] (Minecraft) [STDOUT]: [AEC][PROBE] Render: selectedType=minecraft:allay
[18:57:46] [Render thread/INFO] (Minecraft) [STDOUT]: [AEC][PROBE] PreviewRect: rect x=216 y=120 w=256 h=118
[18:57:46] [Render thread/INFO] (Minecraft) [STDOUT]: [SequencerPreview] Icon create: AREA_EFFECT_CLOUD
[18:57:46] [Render thread/INFO] (Minecraft) [STDOUT]: [SequencerPreview] drawEntityAny: start, type=minecraft:area_effect_cloud
[18:57:46] [Render thread/INFO] (Minecraft) [STDOUT]: [AEC][PROBE] ICON AEC: enter size=24
[18:57:46] [Render thread/INFO] (Minecraft) [STDOUT]: [AEC][PROBE] MAEC 2D: enter x=7 y=54 w=24 h=24
[18:57:46] [Render thread/INFO] (Minecraft) [STDOUT]: [AEC][PROBE] MAEC 2D: style: style name='Potion cloud' sprites=false baseDisk=true softPuffs=true grid=8 density=1,15 alpha=0,90 wobble=0,050 puffMul=1,00 tint=0xFF000000
[18:57:46] [Render thread/INFO] (Minecraft) [STDOUT]: [AEC][PROBE] MAEC frames: load
[18:57:46] [Render thread/INFO] (Minecraft) [STDOUT]: [SequencerPreview] drawEntityAny: start, type=minecraft:arrow
[18:57:46] [Render thread/INFO] (Minecraft) [STDOUT]: [SequencerPreview] drawEntityAny: det=-729.0
[18:57:46] [Render thread/INFO] (Minecraft) [STDOUT]: [SequencerPreview] drawEntityAny: start, type=minecraft:block_display
[18:57:46] [Render thread/INFO] (Minecraft) [STDOUT]: [SequencerPreview] drawEntityAny: det=-729.0
[18:57:46] [Render thread/INFO] (Minecraft) [STDOUT]: [SequencerPreview] drawEntityAny: start, type=minecraft:boat
[18:57:46] [Render thread/INFO] (Minecraft) [STDOUT]: [SequencerPreview] drawEntityAny: det=-729.0
[18:57:46] [Render thread/INFO] (Minecraft) [STDOUT]: [AEC][PROBE] getOrCreatePreviewAny: start
[18:57:46] [Render thread/INFO] (Minecraft) [STDOUT]: [AEC][PROBE] getOrCreatePreviewAny: world=true type=true
[18:57:46] [Render thread/INFO] (Minecraft) [STDOUT]: [SequencerPreview] getOrCreatePreviewAny: try type=minecraft:allay
[18:57:46] [Render thread/INFO] (Minecraft) [STDOUT]: [SequencerPreview] getOrCreatePreviewAny: reuse existing instance for minecraft:allay
[18:57:46] [Render thread/INFO] (Minecraft) [STDOUT]: [AEC][PROBE] PREVIEW draw begin: type=minecraft:allay rect=216,120 256x118
[18:57:46] [Render thread/INFO] (Minecraft) [STDOUT]: [AEC][PROBE] PREVIEW draw end
[18:57:46] [Render thread/INFO] (Minecraft) [STDOUT]: [AEC][PROBE] ---- frame 185 ----
[18:57:46] [Render thread/INFO] (Minecraft) [STDOUT]: [AEC][PROBE] Screen.render tab=MORPHS
[18:57:46] [Render thread/INFO] (Minecraft) [STDOUT]: [AEC][PROBE] Render: selectedType=minecraft:allay
[18:57:46] [Render thread/INFO] (Minecraft) [STDOUT]: [AEC][PROBE] PreviewRect: rect x=216 y=120 w=256 h=118
[18:57:46] [Render thread/INFO] (Minecraft) [STDOUT]: [SequencerPreview] Icon create: AREA_EFFECT_CLOUD
[18:57:46] [Render thread/INFO] (Minecraft) [STDOUT]: [SequencerPreview] drawEntityAny: start, type=minecraft:area_effect_cloud
[18:57:46] [Render thread/INFO] (Minecraft) [STDOUT]: [AEC][PROBE] ICON AEC: enter size=24
[18:57:46] [Render thread/INFO] (Minecraft) [STDOUT]: [AEC][PROBE] MAEC 2D: enter x=7 y=54 w=24 h=24
[18:57:46] [Render thread/INFO] (Minecraft) [STDOUT]: [AEC][PROBE] MAEC 2D: style: style name='Potion cloud' sprites=false baseDisk=true softPuffs=true grid=8 density=1,15 alpha=0,90 wobble=0,050 puffMul=1,00 tint=0xFF000000
[18:57:46] [Render thread/INFO] (Minecraft) [STDOUT]: [AEC][PROBE] MAEC frames: load
[18:57:46] [Render thread/INFO] (Minecraft) [STDOUT]: [SequencerPreview] drawEntityAny: start, type=minecraft:arrow
[18:57:46] [Render thread/INFO] (Minecraft) [STDOUT]: [SequencerPreview] drawEntityAny: det=-729.0
[18:57:46] [Render thread/INFO] (Minecraft) [STDOUT]: [SequencerPreview] drawEntityAny: start, type=minecraft:block_display
[18:57:46] [Render thread/INFO] (Minecraft) [STDOUT]: [SequencerPreview] drawEntityAny: det=-729.0
[18:57:46] [Render thread/INFO] (Minecraft) [STDOUT]: [SequencerPreview] drawEntityAny: start, type=minecraft:boat
[18:57:46] [Render thread/INFO] (Minecraft) [STDOUT]: [SequencerPreview] drawEntityAny: det=-729.0
[18:57:46] [Render thread/INFO] (Minecraft) [STDOUT]: [AEC][PROBE] getOrCreatePreviewAny: start
[18:57:46] [Render thread/INFO] (Minecraft) [STDOUT]: [AEC][PROBE] getOrCreatePreviewAny: world=true type=true
[18:57:46] [Render thread/INFO] (Minecraft) [STDOUT]: [SequencerPreview] getOrCreatePreviewAny: try type=minecraft:allay
[18:57:46] [Render thread/INFO] (Minecraft) [STDOUT]: [SequencerPreview] getOrCreatePreviewAny: reuse existing instance for minecraft:allay
[18:57:46] [Render thread/INFO] (Minecraft) [STDOUT]: [AEC][PROBE] PREVIEW draw begin: type=minecraft:allay rect=216,120 256x118
[18:57:46] [Render thread/INFO] (Minecraft) [STDOUT]: [AEC][PROBE] PREVIEW draw end
[18:57:46] [Render thread/INFO] (Minecraft) [STDOUT]: [AEC][PROBE] ---- frame 186 ----
[18:57:46] [Render thread/INFO] (Minecraft) [STDOUT]: [AEC][PROBE] Screen.render tab=MORPHS
[18:57:46] [Render thread/INFO] (Minecraft) [STDOUT]: [AEC][PROBE] Render: selectedType=minecraft:allay
[18:57:46] [Render thread/INFO] (Minecraft) [STDOUT]: [AEC][PROBE] PreviewRect: rect x=216 y=120 w=256 h=118
[18:57:46] [Render thread/INFO] (Minecraft) [STDOUT]: [SequencerPreview] Icon create: AREA_EFFECT_CLOUD
[18:57:46] [Render thread/INFO] (Minecraft) [STDOUT]: [SequencerPreview] drawEntityAny: start, type=minecraft:area_effect_cloud
[18:57:46] [Render thread/INFO] (Minecraft) [STDOUT]: [AEC][PROBE] ICON AEC: enter size=24
[18:57:46] [Render thread/INFO] (Minecraft) [STDOUT]: [AEC][PROBE] MAEC 2D: enter x=7 y=54 w=24 h=24
[18:57:46] [Render thread/INFO] (Minecraft) [STDOUT]: [AEC][PROBE] MAEC 2D: style: style name='Potion cloud' sprites=false baseDisk=true softPuffs=true grid=8 density=1,15 alpha=0,90 wobble=0,050 puffMul=1,00 tint=0xFF000000
[18:57:46] [Render thread/INFO] (Minecraft) [STDOUT]: [AEC][PROBE] MAEC frames: load
[18:57:46] [Render thread/INFO] (Minecraft) [STDOUT]: [SequencerPreview] drawEntityAny: start, type=minecraft:arrow
[18:57:46] [Render thread/INFO] (Minecraft) [STDOUT]: [SequencerPreview] drawEntityAny: det=-729.0
[18:57:46] [Render thread/INFO] (Minecraft) [STDOUT]: [SequencerPreview] drawEntityAny: start, type=minecraft:block_display
[18:57:46] [Render thread/INFO] (Minecraft) [STDOUT]: [SequencerPreview] drawEntityAny: det=-729.0
[18:57:46] [Render thread/INFO] (Minecraft) [STDOUT]: [SequencerPreview] drawEntityAny: start, type=minecraft:boat
[18:57:46] [Render thread/INFO] (Minecraft) [STDOUT]: [SequencerPreview] drawEntityAny: det=-729.0
[18:57:46] [Render thread/INFO] (Minecraft) [STDOUT]: [AEC][PROBE] getOrCreatePreviewAny: start
[18:57:46] [Render thread/INFO] (Minecraft) [STDOUT]: [AEC][PROBE] getOrCreatePreviewAny: world=true type=true
[18:57:46] [Render thread/INFO] (Minecraft) [STDOUT]: [SequencerPreview] getOrCreatePreviewAny: try type=minecraft:allay
[18:57:46] [Render thread/INFO] (Minecraft) [STDOUT]: [SequencerPreview] getOrCreatePreviewAny: reuse existing instance for minecraft:allay
[18:57:46] [Render thread/INFO] (Minecraft) [STDOUT]: [AEC][PROBE] PREVIEW draw begin: type=minecraft:allay rect=216,120 256x118
[18:57:46] [Render thread/INFO] (Minecraft) [STDOUT]: [AEC][PROBE] PREVIEW draw end
[18:57:46] [Render thread/INFO] (Minecraft) [STDOUT]: [AEC][PROBE] ---- frame 187 ----
[18:57:46] [Render thread/INFO] (Minecraft) [STDOUT]: [AEC][PROBE] Screen.render tab=MORPHS
[18:57:46] [Render thread/INFO] (Minecraft) [STDOUT]: [AEC][PROBE] Render: selectedType=minecraft:allay
[18:57:46] [Render thread/INFO] (Minecraft) [STDOUT]: [AEC][PROBE] PreviewRect: rect x=216 y=120 w=256 h=118
[18:57:46] [Render thread/INFO] (Minecraft) [STDOUT]: [SequencerPreview] Icon create: AREA_EFFECT_CLOUD
[18:57:46] [Render thread/INFO] (Minecraft) [STDOUT]: [SequencerPreview] drawEntityAny: start, type=minecraft:area_effect_cloud
[18:57:46] [Render thread/INFO] (Minecraft) [STDOUT]: [AEC][PROBE] ICON AEC: enter size=24
[18:57:46] [Render thread/INFO] (Minecraft) [STDOUT]: [AEC][PROBE] MAEC 2D: enter x=7 y=54 w=24 h=24
[18:57:46] [Render thread/INFO] (Minecraft) [STDOUT]: [AEC][PROBE] MAEC 2D: style: style name='Potion cloud' sprites=false baseDisk=true softPuffs=true grid=8 density=1,15 alpha=0,90 wobble=0,050 puffMul=1,00 tint=0xFF000000
[18:57:46] [Render thread/INFO] (Minecraft) [STDOUT]: [AEC][PROBE] MAEC frames: load
[18:57:46] [Render thread/INFO] (Minecraft) [STDOUT]: [SequencerPreview] drawEntityAny: start, type=minecraft:arrow
[18:57:46] [Render thread/INFO] (Minecraft) [STDOUT]: [SequencerPreview] drawEntityAny: det=-729.0
[18:57:46] [Render thread/INFO] (Minecraft) [STDOUT]: [SequencerPreview] drawEntityAny: start, type=minecraft:block_display
[18:57:46] [Render thread/INFO] (Minecraft) [STDOUT]: [SequencerPreview] drawEntityAny: det=-729.0
[18:57:46] [Render thread/INFO] (Minecraft) [STDOUT]: [SequencerPreview] drawEntityAny: start, type=minecraft:boat
[18:57:46] [Render thread/INFO] (Minecraft) [STDOUT]: [SequencerPreview] drawEntityAny: det=-729.0
[18:57:46] [Render thread/INFO] (Minecraft) [STDOUT]: [AEC][PROBE] getOrCreatePreviewAny: start
[18:57:46] [Render thread/INFO] (Minecraft) [STDOUT]: [AEC][PROBE] getOrCreatePreviewAny: world=true type=true
[18:57:46] [Render thread/INFO] (Minecraft) [STDOUT]: [SequencerPreview] getOrCreatePreviewAny: try type=minecraft:allay
[18:57:46] [Render thread/INFO] (Minecraft) [STDOUT]: [SequencerPreview] getOrCreatePreviewAny: reuse existing instance for minecraft:allay
[18:57:46] [Render thread/INFO] (Minecraft) [STDOUT]: [AEC][PROBE] PREVIEW draw begin: type=minecraft:allay rect=216,120 256x118
[18:57:46] [Render thread/INFO] (Minecraft) [STDOUT]: [AEC][PROBE] PREVIEW draw end
[18:57:46] [Render thread/INFO] (Minecraft) [STDOUT]: [AEC][PROBE] ---- frame 188 ----
[18:57:46] [Render thread/INFO] (Minecraft) [STDOUT]: [AEC][PROBE] Screen.render tab=MORPHS
[18:57:46] [Render thread/INFO] (Minecraft) [STDOUT]: [AEC][PROBE] Render: selectedType=minecraft:allay
[18:57:46] [Render thread/INFO] (Minecraft) [STDOUT]: [AEC][PROBE] PreviewRect: rect x=216 y=120 w=256 h=118
[18:57:46] [Render thread/INFO] (Minecraft) [STDOUT]: [SequencerPreview] Icon create: AREA_EFFECT_CLOUD
[18:57:46] [Render thread/INFO] (Minecraft) [STDOUT]: [SequencerPreview] drawEntityAny: start, type=minecraft:area_effect_cloud
[18:57:46] [Render thread/INFO] (Minecraft) [STDOUT]: [AEC][PROBE] ICON AEC: enter size=24
[18:57:46] [Render thread/INFO] (Minecraft) [STDOUT]: [AEC][PROBE] MAEC 2D: enter x=7 y=54 w=24 h=24
[18:57:46] [Render thread/INFO] (Minecraft) [STDOUT]: [AEC][PROBE] MAEC 2D: style: style name='Potion cloud' sprites=false baseDisk=true softPuffs=true grid=8 density=1,15 alpha=0,90 wobble=0,050 puffMul=1,00 tint=0xFF000000
[18:57:46] [Render thread/INFO] (Minecraft) [STDOUT]: [AEC][PROBE] MAEC frames: load
[18:57:46] [Render thread/INFO] (Minecraft) [STDOUT]: [SequencerPreview] drawEntityAny: start, type=minecraft:arrow
[18:57:46] [Render thread/INFO] (Minecraft) [STDOUT]: [SequencerPreview] drawEntityAny: det=-729.0
[18:57:46] [Render thread/INFO] (Minecraft) [STDOUT]: [SequencerPreview] drawEntityAny: start, type=minecraft:block_display
[18:57:46] [Render thread/INFO] (Minecraft) [STDOUT]: [SequencerPreview] drawEntityAny: det=-729.0
[18:57:46] [Render thread/INFO] (Minecraft) [STDOUT]: [SequencerPreview] drawEntityAny: start, type=minecraft:boat
[18:57:46] [Render thread/INFO] (Minecraft) [STDOUT]: [SequencerPreview] drawEntityAny: det=-729.0
[18:57:46] [Render thread/INFO] (Minecraft) [STDOUT]: [AEC][PROBE] getOrCreatePreviewAny: start
[18:57:46] [Render thread/INFO] (Minecraft) [STDOUT]: [AEC][PROBE] getOrCreatePreviewAny: world=true type=true
[18:57:46] [Render thread/INFO] (Minecraft) [STDOUT]: [SequencerPreview] getOrCreatePreviewAny: try type=minecraft:allay
[18:57:46] [Render thread/INFO] (Minecraft) [STDOUT]: [SequencerPreview] getOrCreatePreviewAny: reuse existing instance for minecraft:allay
[18:57:46] [Render thread/INFO] (Minecraft) [STDOUT]: [AEC][PROBE] PREVIEW draw begin: type=minecraft:allay rect=216,120 256x118
[18:57:46] [Render thread/INFO] (Minecraft) [STDOUT]: [AEC][PROBE] PREVIEW draw end
[18:57:46] [Render thread/INFO] (Minecraft) [STDOUT]: [AEC][PROBE] ---- frame 189 ----
[18:57:46] [Render thread/INFO] (Minecraft) [STDOUT]: [AEC][PROBE] Screen.render tab=MORPHS
[18:57:46] [Render thread/INFO] (Minecraft) [STDOUT]: [AEC][PROBE] Render: selectedType=minecraft:allay
[18:57:46] [Render thread/INFO] (Minecraft) [STDOUT]: [AEC][PROBE] PreviewRect: rect x=216 y=120 w=256 h=118
[18:57:46] [Render thread/INFO] (Minecraft) [STDOUT]: [SequencerPreview] Icon create: AREA_EFFECT_CLOUD
[18:57:46] [Render thread/INFO] (Minecraft) [STDOUT]: [SequencerPreview] drawEntityAny: start, type=minecraft:area_effect_cloud
[18:57:46] [Render thread/INFO] (Minecraft) [STDOUT]: [AEC][PROBE] ICON AEC: enter size=24
[18:57:46] [Render thread/INFO] (Minecraft) [STDOUT]: [AEC][PROBE] MAEC 2D: enter x=7 y=54 w=24 h=24
[18:57:46] [Render thread/INFO] (Minecraft) [STDOUT]: [AEC][PROBE] MAEC 2D: style: style name='Potion cloud' sprites=false baseDisk=true softPuffs=true grid=8 density=1,15 alpha=0,90 wobble=0,050 puffMul=1,00 tint=0xFF000000
[18:57:46] [Render thread/INFO] (Minecraft) [STDOUT]: [AEC][PROBE] MAEC frames: load
[18:57:46] [Render thread/INFO] (Minecraft) [STDOUT]: [SequencerPreview] drawEntityAny: start, type=minecraft:arrow
[18:57:46] [Render thread/INFO] (Minecraft) [STDOUT]: [SequencerPreview] drawEntityAny: det=-729.0
[18:57:46] [Render thread/INFO] (Minecraft) [STDOUT]: [SequencerPreview] drawEntityAny: start, type=minecraft:block_display
[18:57:46] [Render thread/INFO] (Minecraft) [STDOUT]: [SequencerPreview] drawEntityAny: det=-729.0
[18:57:46] [Render thread/INFO] (Minecraft) [STDOUT]: [SequencerPreview] drawEntityAny: start, type=minecraft:boat
[18:57:46] [Render thread/INFO] (Minecraft) [STDOUT]: [SequencerPreview] drawEntityAny: det=-729.0
[18:57:46] [Render thread/INFO] (Minecraft) [STDOUT]: [AEC][PROBE] getOrCreatePreviewAny: start
[18:57:46] [Render thread/INFO] (Minecraft) [STDOUT]: [AEC][PROBE] getOrCreatePreviewAny: world=true type=true
[18:57:46] [Render thread/INFO] (Minecraft) [STDOUT]: [SequencerPreview] getOrCreatePreviewAny: try type=minecraft:allay
[18:57:46] [Render thread/INFO] (Minecraft) [STDOUT]: [SequencerPreview] getOrCreatePreviewAny: reuse existing instance for minecraft:allay
[18:57:46] [Render thread/INFO] (Minecraft) [STDOUT]: [AEC][PROBE] PREVIEW draw begin: type=minecraft:allay rect=216,120 256x118
[18:57:46] [Render thread/INFO] (Minecraft) [STDOUT]: [AEC][PROBE] PREVIEW draw end
[18:57:46] [Render thread/INFO] (Minecraft) [STDOUT]: [AEC][PROBE] ---- frame 190 ----
[18:57:46] [Render thread/INFO] (Minecraft) [STDOUT]: [AEC][PROBE] Screen.render tab=MORPHS
[18:57:46] [Render thread/INFO] (Minecraft) [STDOUT]: [AEC][PROBE] Render: selectedType=minecraft:allay
[18:57:46] [Render thread/INFO] (Minecraft) [STDOUT]: [AEC][PROBE] PreviewRect: rect x=216 y=120 w=256 h=118
[18:57:46] [Render thread/INFO] (Minecraft) [STDOUT]: [SequencerPreview] Icon create: AREA_EFFECT_CLOUD
[18:57:46] [Render thread/INFO] (Minecraft) [STDOUT]: [SequencerPreview] drawEntityAny: start, type=minecraft:area_effect_cloud
[18:57:46] [Render thread/INFO] (Minecraft) [STDOUT]: [AEC][PROBE] ICON AEC: enter size=24
[18:57:46] [Render thread/INFO] (Minecraft) [STDOUT]: [AEC][PROBE] MAEC 2D: enter x=7 y=54 w=24 h=24
[18:57:46] [Render thread/INFO] (Minecraft) [STDOUT]: [AEC][PROBE] MAEC 2D: style: style name='Potion cloud' sprites=false baseDisk=true softPuffs=true grid=8 density=1,15 alpha=0,90 wobble=0,050 puffMul=1,00 tint=0xFF000000
[18:57:46] [Render thread/INFO] (Minecraft) [STDOUT]: [AEC][PROBE] MAEC frames: load
[18:57:46] [Render thread/INFO] (Minecraft) [STDOUT]: [SequencerPreview] drawEntityAny: start, type=minecraft:arrow
[18:57:46] [Render thread/INFO] (Minecraft) [STDOUT]: [SequencerPreview] drawEntityAny: det=-729.0
[18:57:46] [Render thread/INFO] (Minecraft) [STDOUT]: [SequencerPreview] drawEntityAny: start, type=minecraft:block_display
[18:57:46] [Render thread/INFO] (Minecraft) [STDOUT]: [SequencerPreview] drawEntityAny: det=-729.0
[18:57:46] [Render thread/INFO] (Minecraft) [STDOUT]: [SequencerPreview] drawEntityAny: start, type=minecraft:boat
[18:57:46] [Render thread/INFO] (Minecraft) [STDOUT]: [SequencerPreview] drawEntityAny: det=-729.0
[18:57:46] [Render thread/INFO] (Minecraft) [STDOUT]: [AEC][PROBE] getOrCreatePreviewAny: start
[18:57:46] [Render thread/INFO] (Minecraft) [STDOUT]: [AEC][PROBE] getOrCreatePreviewAny: world=true type=true
[18:57:46] [Render thread/INFO] (Minecraft) [STDOUT]: [SequencerPreview] getOrCreatePreviewAny: try type=minecraft:allay
[18:57:46] [Render thread/INFO] (Minecraft) [STDOUT]: [SequencerPreview] getOrCreatePreviewAny: reuse existing instance for minecraft:allay
[18:57:46] [Render thread/INFO] (Minecraft) [STDOUT]: [AEC][PROBE] PREVIEW draw begin: type=minecraft:allay rect=216,120 256x118
[18:57:46] [Render thread/INFO] (Minecraft) [STDOUT]: [AEC][PROBE] PREVIEW draw end
[18:57:46] [Render thread/INFO] (Minecraft) [STDOUT]: [AEC][PROBE] ---- frame 191 ----
[18:57:46] [Render thread/INFO] (Minecraft) [STDOUT]: [AEC][PROBE] Screen.render tab=MORPHS
[18:57:46] [Render thread/INFO] (Minecraft) [STDOUT]: [AEC][PROBE] Render: selectedType=minecraft:allay
[18:57:46] [Render thread/INFO] (Minecraft) [STDOUT]: [AEC][PROBE] PreviewRect: rect x=216 y=120 w=256 h=118
[18:57:46] [Render thread/INFO] (Minecraft) [STDOUT]: [SequencerPreview] Icon create: AREA_EFFECT_CLOUD
[18:57:46] [Render thread/INFO] (Minecraft) [STDOUT]: [SequencerPreview] drawEntityAny: start, type=minecraft:area_effect_cloud
[18:57:46] [Render thread/INFO] (Minecraft) [STDOUT]: [AEC][PROBE] ICON AEC: enter size=24
[18:57:46] [Render thread/INFO] (Minecraft) [STDOUT]: [AEC][PROBE] MAEC 2D: enter x=7 y=54 w=24 h=24
[18:57:46] [Render thread/INFO] (Minecraft) [STDOUT]: [AEC][PROBE] MAEC 2D: style: style name='Potion cloud' sprites=false baseDisk=true softPuffs=true grid=8 density=1,15 alpha=0,90 wobble=0,050 puffMul=1,00 tint=0xFF000000
[18:57:46] [Render thread/INFO] (Minecraft) [STDOUT]: [AEC][PROBE] MAEC frames: load
[18:57:46] [Render thread/INFO] (Minecraft) [STDOUT]: [SequencerPreview] drawEntityAny: start, type=minecraft:arrow
[18:57:46] [Render thread/INFO] (Minecraft) [STDOUT]: [SequencerPreview] drawEntityAny: det=-729.0
[18:57:46] [Render thread/INFO] (Minecraft) [STDOUT]: [SequencerPreview] drawEntityAny: start, type=minecraft:block_display
[18:57:46] [Render thread/INFO] (Minecraft) [STDOUT]: [SequencerPreview] drawEntityAny: det=-729.0
[18:57:46] [Render thread/INFO] (Minecraft) [STDOUT]: [SequencerPreview] drawEntityAny: start, type=minecraft:boat
[18:57:46] [Render thread/INFO] (Minecraft) [STDOUT]: [SequencerPreview] drawEntityAny: det=-729.0
[18:57:46] [Render thread/INFO] (Minecraft) [STDOUT]: [AEC][PROBE] getOrCreatePreviewAny: start
[18:57:46] [Render thread/INFO] (Minecraft) [STDOUT]: [AEC][PROBE] getOrCreatePreviewAny: world=true type=true
[18:57:46] [Render thread/INFO] (Minecraft) [STDOUT]: [SequencerPreview] getOrCreatePreviewAny: try type=minecraft:allay
[18:57:46] [Render thread/INFO] (Minecraft) [STDOUT]: [SequencerPreview] getOrCreatePreviewAny: reuse existing instance for minecraft:allay
[18:57:46] [Render thread/INFO] (Minecraft) [STDOUT]: [AEC][PROBE] PREVIEW draw begin: type=minecraft:allay rect=216,120 256x118
[18:57:46] [Render thread/INFO] (Minecraft) [STDOUT]: [AEC][PROBE] PREVIEW draw end
[18:57:46] [Render thread/INFO] (Minecraft) [STDOUT]: [AEC][PROBE] ---- frame 192 ----
[18:57:46] [Render thread/INFO] (Minecraft) [STDOUT]: [AEC][PROBE] Screen.render tab=MORPHS
[18:57:46] [Render thread/INFO] (Minecraft) [STDOUT]: [AEC][PROBE] Render: selectedType=minecraft:allay
[18:57:46] [Render thread/INFO] (Minecraft) [STDOUT]: [AEC][PROBE] PreviewRect: rect x=216 y=120 w=256 h=118
[18:57:46] [Render thread/INFO] (Minecraft) [STDOUT]: [SequencerPreview] Icon create: AREA_EFFECT_CLOUD
[18:57:46] [Render thread/INFO] (Minecraft) [STDOUT]: [SequencerPreview] drawEntityAny: start, type=minecraft:area_effect_cloud
[18:57:46] [Render thread/INFO] (Minecraft) [STDOUT]: [AEC][PROBE] ICON AEC: enter size=24
[18:57:46] [Render thread/INFO] (Minecraft) [STDOUT]: [AEC][PROBE] MAEC 2D: enter x=7 y=54 w=24 h=24
[18:57:46] [Render thread/INFO] (Minecraft) [STDOUT]: [AEC][PROBE] MAEC 2D: style: style name='Potion cloud' sprites=false baseDisk=true softPuffs=true grid=8 density=1,15 alpha=0,90 wobble=0,050 puffMul=1,00 tint=0xFF000000
[18:57:46] [Render thread/INFO] (Minecraft) [STDOUT]: [AEC][PROBE] MAEC frames: load
[18:57:46] [Render thread/INFO] (Minecraft) [STDOUT]: [SequencerPreview] drawEntityAny: start, type=minecraft:arrow
[18:57:46] [Render thread/INFO] (Minecraft) [STDOUT]: [SequencerPreview] drawEntityAny: det=-729.0
[18:57:46] [Render thread/INFO] (Minecraft) [STDOUT]: [SequencerPreview] drawEntityAny: start, type=minecraft:block_display
[18:57:46] [Render thread/INFO] (Minecraft) [STDOUT]: [SequencerPreview] drawEntityAny: det=-729.0
[18:57:46] [Render thread/INFO] (Minecraft) [STDOUT]: [SequencerPreview] drawEntityAny: start, type=minecraft:boat
[18:57:46] [Render thread/INFO] (Minecraft) [STDOUT]: [SequencerPreview] drawEntityAny: det=-729.0
[18:57:46] [Render thread/INFO] (Minecraft) [STDOUT]: [AEC][PROBE] getOrCreatePreviewAny: start
[18:57:46] [Render thread/INFO] (Minecraft) [STDOUT]: [AEC][PROBE] getOrCreatePreviewAny: world=true type=true
[18:57:46] [Render thread/INFO] (Minecraft) [STDOUT]: [SequencerPreview] getOrCreatePreviewAny: try type=minecraft:allay
[18:57:46] [Render thread/INFO] (Minecraft) [STDOUT]: [SequencerPreview] getOrCreatePreviewAny: reuse existing instance for minecraft:allay
[18:57:46] [Render thread/INFO] (Minecraft) [STDOUT]: [AEC][PROBE] PREVIEW draw begin: type=minecraft:allay rect=216,120 256x118
[18:57:46] [Render thread/INFO] (Minecraft) [STDOUT]: [AEC][PROBE] PREVIEW draw end
[18:57:46] [Render thread/INFO] (Minecraft) [STDOUT]: [AEC][PROBE] ---- frame 193 ----
[18:57:46] [Render thread/INFO] (Minecraft) [STDOUT]: [AEC][PROBE] Screen.render tab=MORPHS
[18:57:46] [Render thread/INFO] (Minecraft) [STDOUT]: [AEC][PROBE] Render: selectedType=minecraft:allay
[18:57:46] [Render thread/INFO] (Minecraft) [STDOUT]: [AEC][PROBE] PreviewRect: rect x=216 y=120 w=256 h=118
[18:57:46] [Render thread/INFO] (Minecraft) [STDOUT]: [SequencerPreview] Icon create: AREA_EFFECT_CLOUD
[18:57:46] [Render thread/INFO] (Minecraft) [STDOUT]: [SequencerPreview] drawEntityAny: start, type=minecraft:area_effect_cloud
[18:57:46] [Render thread/INFO] (Minecraft) [STDOUT]: [AEC][PROBE] ICON AEC: enter size=24
[18:57:46] [Render thread/INFO] (Minecraft) [STDOUT]: [AEC][PROBE] MAEC 2D: enter x=7 y=54 w=24 h=24
[18:57:46] [Render thread/INFO] (Minecraft) [STDOUT]: [AEC][PROBE] MAEC 2D: style: style name='Potion cloud' sprites=false baseDisk=true softPuffs=true grid=8 density=1,15 alpha=0,90 wobble=0,050 puffMul=1,00 tint=0xFF000000
[18:57:46] [Render thread/INFO] (Minecraft) [STDOUT]: [AEC][PROBE] MAEC frames: load
[18:57:46] [Render thread/INFO] (Minecraft) [STDOUT]: [SequencerPreview] drawEntityAny: start, type=minecraft:arrow
[18:57:46] [Render thread/INFO] (Minecraft) [STDOUT]: [SequencerPreview] drawEntityAny: det=-729.0
[18:57:46] [Render thread/INFO] (Minecraft) [STDOUT]: [SequencerPreview] drawEntityAny: start, type=minecraft:block_display
[18:57:46] [Render thread/INFO] (Minecraft) [STDOUT]: [SequencerPreview] drawEntityAny: det=-729.0
[18:57:46] [Render thread/INFO] (Minecraft) [STDOUT]: [SequencerPreview] drawEntityAny: start, type=minecraft:boat
[18:57:46] [Render thread/INFO] (Minecraft) [STDOUT]: [SequencerPreview] drawEntityAny: det=-729.0
[18:57:46] [Render thread/INFO] (Minecraft) [STDOUT]: [AEC][PROBE] getOrCreatePreviewAny: start
[18:57:46] [Render thread/INFO] (Minecraft) [STDOUT]: [AEC][PROBE] getOrCreatePreviewAny: world=true type=true
[18:57:46] [Render thread/INFO] (Minecraft) [STDOUT]: [SequencerPreview] getOrCreatePreviewAny: try type=minecraft:allay
[18:57:46] [Render thread/INFO] (Minecraft) [STDOUT]: [SequencerPreview] getOrCreatePreviewAny: reuse existing instance for minecraft:allay
[18:57:46] [Render thread/INFO] (Minecraft) [STDOUT]: [AEC][PROBE] PREVIEW draw begin: type=minecraft:allay rect=216,120 256x118
[18:57:46] [Render thread/INFO] (Minecraft) [STDOUT]: [AEC][PROBE] PREVIEW draw end
[18:57:46] [Render thread/INFO] (Minecraft) [STDOUT]: [AEC][PROBE] ---- frame 194 ----
[18:57:46] [Render thread/INFO] (Minecraft) [STDOUT]: [AEC][PROBE] Screen.render tab=MORPHS
[18:57:46] [Render thread/INFO] (Minecraft) [STDOUT]: [AEC][PROBE] Render: selectedType=minecraft:allay
[18:57:46] [Render thread/INFO] (Minecraft) [STDOUT]: [AEC][PROBE] PreviewRect: rect x=216 y=120 w=256 h=118
[18:57:46] [Render thread/INFO] (Minecraft) [STDOUT]: [SequencerPreview] Icon create: AREA_EFFECT_CLOUD
[18:57:46] [Render thread/INFO] (Minecraft) [STDOUT]: [SequencerPreview] drawEntityAny: start, type=minecraft:area_effect_cloud
[18:57:46] [Render thread/INFO] (Minecraft) [STDOUT]: [AEC][PROBE] ICON AEC: enter size=24
[18:57:46] [Render thread/INFO] (Minecraft) [STDOUT]: [AEC][PROBE] MAEC 2D: enter x=7 y=54 w=24 h=24
[18:57:46] [Render thread/INFO] (Minecraft) [STDOUT]: [AEC][PROBE] MAEC 2D: style: style name='Potion cloud' sprites=false baseDisk=true softPuffs=true grid=8 density=1,15 alpha=0,90 wobble=0,050 puffMul=1,00 tint=0xFF000000
[18:57:46] [Render thread/INFO] (Minecraft) [STDOUT]: [AEC][PROBE] MAEC frames: load
[18:57:46] [Render thread/INFO] (Minecraft) [STDOUT]: [SequencerPreview] drawEntityAny: start, type=minecraft:arrow
[18:57:46] [Render thread/INFO] (Minecraft) [STDOUT]: [SequencerPreview] drawEntityAny: det=-729.0
[18:57:46] [Render thread/INFO] (Minecraft) [STDOUT]: [SequencerPreview] drawEntityAny: start, type=minecraft:block_display
[18:57:46] [Render thread/INFO] (Minecraft) [STDOUT]: [SequencerPreview] drawEntityAny: det=-729.0
[18:57:46] [Render thread/INFO] (Minecraft) [STDOUT]: [SequencerPreview] drawEntityAny: start, type=minecraft:boat
[18:57:46] [Render thread/INFO] (Minecraft) [STDOUT]: [SequencerPreview] drawEntityAny: det=-729.0
[18:57:46] [Render thread/INFO] (Minecraft) [STDOUT]: [AEC][PROBE] getOrCreatePreviewAny: start
[18:57:46] [Render thread/INFO] (Minecraft) [STDOUT]: [AEC][PROBE] getOrCreatePreviewAny: world=true type=true
[18:57:46] [Render thread/INFO] (Minecraft) [STDOUT]: [SequencerPreview] getOrCreatePreviewAny: try type=minecraft:allay
[18:57:46] [Render thread/INFO] (Minecraft) [STDOUT]: [SequencerPreview] getOrCreatePreviewAny: reuse existing instance for minecraft:allay
[18:57:46] [Render thread/INFO] (Minecraft) [STDOUT]: [AEC][PROBE] PREVIEW draw begin: type=minecraft:allay rect=216,120 256x118
[18:57:46] [Render thread/INFO] (Minecraft) [STDOUT]: [AEC][PROBE] PREVIEW draw end
[18:57:46] [Render thread/INFO] (Minecraft) [STDOUT]: [AEC][PROBE] ---- frame 195 ----
[18:57:46] [Render thread/INFO] (Minecraft) [STDOUT]: [AEC][PROBE] Screen.render tab=MORPHS
[18:57:46] [Render thread/INFO] (Minecraft) [STDOUT]: [AEC][PROBE] Render: selectedType=minecraft:allay
[18:57:46] [Render thread/INFO] (Minecraft) [STDOUT]: [AEC][PROBE] PreviewRect: rect x=216 y=120 w=256 h=118
[18:57:46] [Render thread/INFO] (Minecraft) [STDOUT]: [SequencerPreview] Icon create: AREA_EFFECT_CLOUD
[18:57:46] [Render thread/INFO] (Minecraft) [STDOUT]: [SequencerPreview] drawEntityAny: start, type=minecraft:area_effect_cloud
[18:57:46] [Render thread/INFO] (Minecraft) [STDOUT]: [AEC][PROBE] ICON AEC: enter size=24
[18:57:46] [Render thread/INFO] (Minecraft) [STDOUT]: [AEC][PROBE] MAEC 2D: enter x=7 y=54 w=24 h=24
[18:57:46] [Render thread/INFO] (Minecraft) [STDOUT]: [AEC][PROBE] MAEC 2D: style: style name='Potion cloud' sprites=false baseDisk=true softPuffs=true grid=8 density=1,15 alpha=0,90 wobble=0,050 puffMul=1,00 tint=0xFF000000
[18:57:46] [Render thread/INFO] (Minecraft) [STDOUT]: [AEC][PROBE] MAEC frames: load
[18:57:46] [Render thread/INFO] (Minecraft) [STDOUT]: [SequencerPreview] drawEntityAny: start, type=minecraft:arrow
[18:57:46] [Render thread/INFO] (Minecraft) [STDOUT]: [SequencerPreview] drawEntityAny: det=-729.0
[18:57:46] [Render thread/INFO] (Minecraft) [STDOUT]: [SequencerPreview] drawEntityAny: start, type=minecraft:block_display
[18:57:46] [Render thread/INFO] (Minecraft) [STDOUT]: [SequencerPreview] drawEntityAny: det=-729.0
[18:57:46] [Render thread/INFO] (Minecraft) [STDOUT]: [SequencerPreview] drawEntityAny: start, type=minecraft:boat
[18:57:46] [Render thread/INFO] (Minecraft) [STDOUT]: [SequencerPreview] drawEntityAny: det=-729.0
[18:57:46] [Render thread/INFO] (Minecraft) [STDOUT]: [AEC][PROBE] getOrCreatePreviewAny: start
[18:57:46] [Render thread/INFO] (Minecraft) [STDOUT]: [AEC][PROBE] getOrCreatePreviewAny: world=true type=true
[18:57:46] [Render thread/INFO] (Minecraft) [STDOUT]: [SequencerPreview] getOrCreatePreviewAny: try type=minecraft:allay
[18:57:46] [Render thread/INFO] (Minecraft) [STDOUT]: [SequencerPreview] getOrCreatePreviewAny: reuse existing instance for minecraft:allay
[18:57:46] [Render thread/INFO] (Minecraft) [STDOUT]: [AEC][PROBE] PREVIEW draw begin: type=minecraft:allay rect=216,120 256x118
[18:57:46] [Render thread/INFO] (Minecraft) [STDOUT]: [AEC][PROBE] PREVIEW draw end
[18:57:46] [Render thread/INFO] (Minecraft) [STDOUT]: [AEC][PROBE] ---- frame 196 ----
[18:57:46] [Render thread/INFO] (Minecraft) [STDOUT]: [AEC][PROBE] Screen.render tab=MORPHS
[18:57:46] [Render thread/INFO] (Minecraft) [STDOUT]: [AEC][PROBE] Render: selectedType=minecraft:allay
[18:57:46] [Render thread/INFO] (Minecraft) [STDOUT]: [AEC][PROBE] PreviewRect: rect x=216 y=120 w=256 h=118
[18:57:46] [Render thread/INFO] (Minecraft) [STDOUT]: [SequencerPreview] Icon create: AREA_EFFECT_CLOUD
[18:57:46] [Render thread/INFO] (Minecraft) [STDOUT]: [SequencerPreview] drawEntityAny: start, type=minecraft:area_effect_cloud
[18:57:46] [Render thread/INFO] (Minecraft) [STDOUT]: [AEC][PROBE] ICON AEC: enter size=24
[18:57:46] [Render thread/INFO] (Minecraft) [STDOUT]: [AEC][PROBE] MAEC 2D: enter x=7 y=54 w=24 h=24
[18:57:46] [Render thread/INFO] (Minecraft) [STDOUT]: [AEC][PROBE] MAEC 2D: style: style name='Potion cloud' sprites=false baseDisk=true softPuffs=true grid=8 density=1,15 alpha=0,90 wobble=0,050 puffMul=1,00 tint=0xFF000000
[18:57:46] [Render thread/INFO] (Minecraft) [STDOUT]: [AEC][PROBE] MAEC frames: load
[18:57:46] [Render thread/INFO] (Minecraft) [STDOUT]: [SequencerPreview] drawEntityAny: start, type=minecraft:arrow
[18:57:46] [Render thread/INFO] (Minecraft) [STDOUT]: [SequencerPreview] drawEntityAny: det=-729.0
[18:57:46] [Render thread/INFO] (Minecraft) [STDOUT]: [SequencerPreview] drawEntityAny: start, type=minecraft:block_display
[18:57:46] [Render thread/INFO] (Minecraft) [STDOUT]: [SequencerPreview] drawEntityAny: det=-729.0
[18:57:46] [Render thread/INFO] (Minecraft) [STDOUT]: [SequencerPreview] drawEntityAny: start, type=minecraft:boat
[18:57:46] [Render thread/INFO] (Minecraft) [STDOUT]: [SequencerPreview] drawEntityAny: det=-729.0
[18:57:46] [Render thread/INFO] (Minecraft) [STDOUT]: [AEC][PROBE] getOrCreatePreviewAny: start
[18:57:46] [Render thread/INFO] (Minecraft) [STDOUT]: [AEC][PROBE] getOrCreatePreviewAny: world=true type=true
[18:57:46] [Render thread/INFO] (Minecraft) [STDOUT]: [SequencerPreview] getOrCreatePreviewAny: try type=minecraft:allay
[18:57:46] [Render thread/INFO] (Minecraft) [STDOUT]: [SequencerPreview] getOrCreatePreviewAny: reuse existing instance for minecraft:allay
[18:57:46] [Render thread/INFO] (Minecraft) [STDOUT]: [AEC][PROBE] PREVIEW draw begin: type=minecraft:allay rect=216,120 256x118
[18:57:46] [Render thread/INFO] (Minecraft) [STDOUT]: [AEC][PROBE] PREVIEW draw end
[18:57:46] [Render thread/INFO] (Minecraft) [STDOUT]: [AEC][PROBE] ---- frame 197 ----
[18:57:46] [Render thread/INFO] (Minecraft) [STDOUT]: [AEC][PROBE] Screen.render tab=MORPHS
[18:57:46] [Render thread/INFO] (Minecraft) [STDOUT]: [AEC][PROBE] Render: selectedType=minecraft:allay
[18:57:46] [Render thread/INFO] (Minecraft) [STDOUT]: [AEC][PROBE] PreviewRect: rect x=216 y=120 w=256 h=118
[18:57:46] [Render thread/INFO] (Minecraft) [STDOUT]: [SequencerPreview] Icon create: AREA_EFFECT_CLOUD
[18:57:46] [Render thread/INFO] (Minecraft) [STDOUT]: [SequencerPreview] drawEntityAny: start, type=minecraft:area_effect_cloud
[18:57:46] [Render thread/INFO] (Minecraft) [STDOUT]: [AEC][PROBE] ICON AEC: enter size=24
[18:57:46] [Render thread/INFO] (Minecraft) [STDOUT]: [AEC][PROBE] MAEC 2D: enter x=7 y=54 w=24 h=24
[18:57:46] [Render thread/INFO] (Minecraft) [STDOUT]: [AEC][PROBE] MAEC 2D: style: style name='Potion cloud' sprites=false baseDisk=true softPuffs=true grid=8 density=1,15 alpha=0,90 wobble=0,050 puffMul=1,00 tint=0xFF000000
[18:57:46] [Render thread/INFO] (Minecraft) [STDOUT]: [AEC][PROBE] MAEC frames: load
[18:57:46] [Render thread/INFO] (Minecraft) [STDOUT]: [SequencerPreview] drawEntityAny: start, type=minecraft:arrow
[18:57:46] [Render thread/INFO] (Minecraft) [STDOUT]: [SequencerPreview] drawEntityAny: det=-729.0
[18:57:46] [Render thread/INFO] (Minecraft) [STDOUT]: [SequencerPreview] drawEntityAny: start, type=minecraft:block_display
[18:57:46] [Render thread/INFO] (Minecraft) [STDOUT]: [SequencerPreview] drawEntityAny: det=-729.0
[18:57:46] [Render thread/INFO] (Minecraft) [STDOUT]: [SequencerPreview] drawEntityAny: start, type=minecraft:boat
[18:57:46] [Render thread/INFO] (Minecraft) [STDOUT]: [SequencerPreview] drawEntityAny: det=-729.0
[18:57:46] [Render thread/INFO] (Minecraft) [STDOUT]: [AEC][PROBE] getOrCreatePreviewAny: start
[18:57:46] [Render thread/INFO] (Minecraft) [STDOUT]: [AEC][PROBE] getOrCreatePreviewAny: world=true type=true
[18:57:46] [Render thread/INFO] (Minecraft) [STDOUT]: [SequencerPreview] getOrCreatePreviewAny: try type=minecraft:allay
[18:57:46] [Render thread/INFO] (Minecraft) [STDOUT]: [SequencerPreview] getOrCreatePreviewAny: reuse existing instance for minecraft:allay
[18:57:46] [Render thread/INFO] (Minecraft) [STDOUT]: [AEC][PROBE] PREVIEW draw begin: type=minecraft:allay rect=216,120 256x118
[18:57:46] [Render thread/INFO] (Minecraft) [STDOUT]: [AEC][PROBE] PREVIEW draw end
[18:57:46] [Render thread/INFO] (Minecraft) [STDOUT]: [AEC][PROBE] ---- frame 198 ----
[18:57:46] [Render thread/INFO] (Minecraft) [STDOUT]: [AEC][PROBE] Screen.render tab=MORPHS
[18:57:46] [Render thread/INFO] (Minecraft) [STDOUT]: [AEC][PROBE] Render: selectedType=minecraft:allay
[18:57:46] [Render thread/INFO] (Minecraft) [STDOUT]: [AEC][PROBE] PreviewRect: rect x=216 y=120 w=256 h=118
[18:57:46] [Render thread/INFO] (Minecraft) [STDOUT]: [SequencerPreview] Icon create: AREA_EFFECT_CLOUD
[18:57:46] [Render thread/INFO] (Minecraft) [STDOUT]: [SequencerPreview] drawEntityAny: start, type=minecraft:area_effect_cloud
[18:57:46] [Render thread/INFO] (Minecraft) [STDOUT]: [AEC][PROBE] ICON AEC: enter size=24
[18:57:46] [Render thread/INFO] (Minecraft) [STDOUT]: [AEC][PROBE] MAEC 2D: enter x=7 y=54 w=24 h=24
[18:57:46] [Render thread/INFO] (Minecraft) [STDOUT]: [AEC][PROBE] MAEC 2D: style: style name='Potion cloud' sprites=false baseDisk=true softPuffs=true grid=8 density=1,15 alpha=0,90 wobble=0,050 puffMul=1,00 tint=0xFF000000
[18:57:46] [Render thread/INFO] (Minecraft) [STDOUT]: [AEC][PROBE] MAEC frames: load
[18:57:46] [Render thread/INFO] (Minecraft) [STDOUT]: [SequencerPreview] drawEntityAny: start, type=minecraft:arrow
[18:57:46] [Render thread/INFO] (Minecraft) [STDOUT]: [SequencerPreview] drawEntityAny: det=-729.0
[18:57:46] [Render thread/INFO] (Minecraft) [STDOUT]: [SequencerPreview] drawEntityAny: start, type=minecraft:block_display
[18:57:46] [Render thread/INFO] (Minecraft) [STDOUT]: [SequencerPreview] drawEntityAny: det=-729.0
[18:57:46] [Render thread/INFO] (Minecraft) [STDOUT]: [SequencerPreview] drawEntityAny: start, type=minecraft:boat
[18:57:46] [Render thread/INFO] (Minecraft) [STDOUT]: [SequencerPreview] drawEntityAny: det=-729.0
[18:57:46] [Render thread/INFO] (Minecraft) [STDOUT]: [AEC][PROBE] getOrCreatePreviewAny: start
[18:57:46] [Render thread/INFO] (Minecraft) [STDOUT]: [AEC][PROBE] getOrCreatePreviewAny: world=true type=true
[18:57:46] [Render thread/INFO] (Minecraft) [STDOUT]: [SequencerPreview] getOrCreatePreviewAny: try type=minecraft:allay
[18:57:46] [Render thread/INFO] (Minecraft) [STDOUT]: [SequencerPreview] getOrCreatePreviewAny: reuse existing instance for minecraft:allay
[18:57:46] [Render thread/INFO] (Minecraft) [STDOUT]: [AEC][PROBE] PREVIEW draw begin: type=minecraft:allay rect=216,120 256x118
[18:57:46] [Render thread/INFO] (Minecraft) [STDOUT]: [AEC][PROBE] PREVIEW draw end
[18:57:46] [Render thread/INFO] (Minecraft) [STDOUT]: [AEC][PROBE] ---- frame 199 ----
[18:57:46] [Render thread/INFO] (Minecraft) [STDOUT]: [AEC][PROBE] Screen.render tab=MORPHS
[18:57:46] [Render thread/INFO] (Minecraft) [STDOUT]: [AEC][PROBE] Render: selectedType=minecraft:allay
[18:57:46] [Render thread/INFO] (Minecraft) [STDOUT]: [AEC][PROBE] PreviewRect: rect x=216 y=120 w=256 h=118
[18:57:46] [Render thread/INFO] (Minecraft) [STDOUT]: [SequencerPreview] Icon create: AREA_EFFECT_CLOUD
[18:57:46] [Render thread/INFO] (Minecraft) [STDOUT]: [SequencerPreview] drawEntityAny: start, type=minecraft:area_effect_cloud
[18:57:46] [Render thread/INFO] (Minecraft) [STDOUT]: [AEC][PROBE] ICON AEC: enter size=24
[18:57:46] [Render thread/INFO] (Minecraft) [STDOUT]: [AEC][PROBE] MAEC 2D: enter x=7 y=54 w=24 h=24
[18:57:46] [Render thread/INFO] (Minecraft) [STDOUT]: [AEC][PROBE] MAEC 2D: style: style name='Potion cloud' sprites=false baseDisk=true softPuffs=true grid=8 density=1,15 alpha=0,90 wobble=0,050 puffMul=1,00 tint=0xFF000000
[18:57:46] [Render thread/INFO] (Minecraft) [STDOUT]: [AEC][PROBE] MAEC frames: load
[18:57:46] [Render thread/INFO] (Minecraft) [STDOUT]: [SequencerPreview] drawEntityAny: start, type=minecraft:arrow
[18:57:46] [Render thread/INFO] (Minecraft) [STDOUT]: [SequencerPreview] drawEntityAny: det=-729.0
[18:57:46] [Render thread/INFO] (Minecraft) [STDOUT]: [SequencerPreview] drawEntityAny: start, type=minecraft:block_display
[18:57:46] [Render thread/INFO] (Minecraft) [STDOUT]: [SequencerPreview] drawEntityAny: det=-729.0
[18:57:46] [Render thread/INFO] (Minecraft) [STDOUT]: [SequencerPreview] drawEntityAny: start, type=minecraft:boat
[18:57:46] [Render thread/INFO] (Minecraft) [STDOUT]: [SequencerPreview] drawEntityAny: det=-729.0
[18:57:46] [Render thread/INFO] (Minecraft) [STDOUT]: [AEC][PROBE] getOrCreatePreviewAny: start
[18:57:46] [Render thread/INFO] (Minecraft) [STDOUT]: [AEC][PROBE] getOrCreatePreviewAny: world=true type=true
[18:57:46] [Render thread/INFO] (Minecraft) [STDOUT]: [SequencerPreview] getOrCreatePreviewAny: try type=minecraft:allay
[18:57:46] [Render thread/INFO] (Minecraft) [STDOUT]: [SequencerPreview] getOrCreatePreviewAny: reuse existing instance for minecraft:allay
[18:57:46] [Render thread/INFO] (Minecraft) [STDOUT]: [AEC][PROBE] PREVIEW draw begin: type=minecraft:allay rect=216,120 256x118
[18:57:46] [Render thread/INFO] (Minecraft) [STDOUT]: [AEC][PROBE] PREVIEW draw end
[18:57:46] [Render thread/INFO] (Minecraft) [STDOUT]: [AEC][PROBE] ---- frame 200 ----
[18:57:46] [Render thread/INFO] (Minecraft) [STDOUT]: [AEC][PROBE] Screen.render tab=MORPHS
[18:57:46] [Render thread/INFO] (Minecraft) [STDOUT]: [AEC][PROBE] Render: selectedType=minecraft:allay
[18:57:46] [Render thread/INFO] (Minecraft) [STDOUT]: [AEC][PROBE] PreviewRect: rect x=216 y=120 w=256 h=118
[18:57:46] [Render thread/INFO] (Minecraft) [STDOUT]: [SequencerPreview] Icon create: AREA_EFFECT_CLOUD
[18:57:46] [Render thread/INFO] (Minecraft) [STDOUT]: [SequencerPreview] drawEntityAny: start, type=minecraft:area_effect_cloud
[18:57:46] [Render thread/INFO] (Minecraft) [STDOUT]: [AEC][PROBE] ICON AEC: enter size=24
[18:57:46] [Render thread/INFO] (Minecraft) [STDOUT]: [AEC][PROBE] MAEC 2D: enter x=7 y=54 w=24 h=24
[18:57:46] [Render thread/INFO] (Minecraft) [STDOUT]: [AEC][PROBE] MAEC 2D: style: style name='Potion cloud' sprites=false baseDisk=true softPuffs=true grid=8 density=1,15 alpha=0,90 wobble=0,050 puffMul=1,00 tint=0xFF000000
[18:57:46] [Render thread/INFO] (Minecraft) [STDOUT]: [AEC][PROBE] MAEC frames: load
[18:57:46] [Render thread/INFO] (Minecraft) [STDOUT]: [SequencerPreview] drawEntityAny: start, type=minecraft:arrow
[18:57:46] [Render thread/INFO] (Minecraft) [STDOUT]: [SequencerPreview] drawEntityAny: det=-729.0
[18:57:46] [Render thread/INFO] (Minecraft) [STDOUT]: [SequencerPreview] drawEntityAny: start, type=minecraft:block_display
[18:57:46] [Render thread/INFO] (Minecraft) [STDOUT]: [SequencerPreview] drawEntityAny: det=-729.0
[18:57:46] [Render thread/INFO] (Minecraft) [STDOUT]: [SequencerPreview] drawEntityAny: start, type=minecraft:boat
[18:57:46] [Render thread/INFO] (Minecraft) [STDOUT]: [SequencerPreview] drawEntityAny: det=-729.0
[18:57:46] [Render thread/INFO] (Minecraft) [STDOUT]: [AEC][PROBE] getOrCreatePreviewAny: start
[18:57:46] [Render thread/INFO] (Minecraft) [STDOUT]: [AEC][PROBE] getOrCreatePreviewAny: world=true type=true
[18:57:46] [Render thread/INFO] (Minecraft) [STDOUT]: [SequencerPreview] getOrCreatePreviewAny: try type=minecraft:allay
[18:57:46] [Render thread/INFO] (Minecraft) [STDOUT]: [SequencerPreview] getOrCreatePreviewAny: reuse existing instance for minecraft:allay
[18:57:46] [Render thread/INFO] (Minecraft) [STDOUT]: [AEC][PROBE] PREVIEW draw begin: type=minecraft:allay rect=216,120 256x118
[18:57:46] [Render thread/INFO] (Minecraft) [STDOUT]: [AEC][PROBE] PREVIEW draw end
[18:57:46] [Render thread/INFO] (Minecraft) [STDOUT]: [AEC][PROBE] ---- frame 201 ----
[18:57:46] [Render thread/INFO] (Minecraft) [STDOUT]: [AEC][PROBE] Screen.render tab=MORPHS
[18:57:46] [Render thread/INFO] (Minecraft) [STDOUT]: [AEC][PROBE] Render: selectedType=minecraft:allay
[18:57:46] [Render thread/INFO] (Minecraft) [STDOUT]: [AEC][PROBE] PreviewRect: rect x=216 y=120 w=256 h=118
[18:57:46] [Render thread/INFO] (Minecraft) [STDOUT]: [SequencerPreview] Icon create: AREA_EFFECT_CLOUD
[18:57:46] [Render thread/INFO] (Minecraft) [STDOUT]: [SequencerPreview] drawEntityAny: start, type=minecraft:area_effect_cloud
[18:57:46] [Render thread/INFO] (Minecraft) [STDOUT]: [AEC][PROBE] ICON AEC: enter size=24
[18:57:46] [Render thread/INFO] (Minecraft) [STDOUT]: [AEC][PROBE] MAEC 2D: enter x=7 y=54 w=24 h=24
[18:57:46] [Render thread/INFO] (Minecraft) [STDOUT]: [AEC][PROBE] MAEC 2D: style: style name='Potion cloud' sprites=false baseDisk=true softPuffs=true grid=8 density=1,15 alpha=0,90 wobble=0,050 puffMul=1,00 tint=0xFF000000
[18:57:46] [Render thread/INFO] (Minecraft) [STDOUT]: [AEC][PROBE] MAEC frames: load
[18:57:46] [Render thread/INFO] (Minecraft) [STDOUT]: [SequencerPreview] drawEntityAny: start, type=minecraft:arrow
[18:57:46] [Render thread/INFO] (Minecraft) [STDOUT]: [SequencerPreview] drawEntityAny: det=-729.0
[18:57:46] [Render thread/INFO] (Minecraft) [STDOUT]: [SequencerPreview] drawEntityAny: start, type=minecraft:block_display
[18:57:46] [Render thread/INFO] (Minecraft) [STDOUT]: [SequencerPreview] drawEntityAny: det=-729.0
[18:57:46] [Render thread/INFO] (Minecraft) [STDOUT]: [SequencerPreview] drawEntityAny: start, type=minecraft:boat
[18:57:46] [Render thread/INFO] (Minecraft) [STDOUT]: [SequencerPreview] drawEntityAny: det=-729.0
[18:57:46] [Render thread/INFO] (Minecraft) [STDOUT]: [AEC][PROBE] getOrCreatePreviewAny: start
[18:57:46] [Render thread/INFO] (Minecraft) [STDOUT]: [AEC][PROBE] getOrCreatePreviewAny: world=true type=true
[18:57:46] [Render thread/INFO] (Minecraft) [STDOUT]: [SequencerPreview] getOrCreatePreviewAny: try type=minecraft:allay
[18:57:46] [Render thread/INFO] (Minecraft) [STDOUT]: [SequencerPreview] getOrCreatePreviewAny: reuse existing instance for minecraft:allay
[18:57:46] [Render thread/INFO] (Minecraft) [STDOUT]: [AEC][PROBE] PREVIEW draw begin: type=minecraft:allay rect=216,120 256x118
[18:57:46] [Render thread/INFO] (Minecraft) [STDOUT]: [AEC][PROBE] PREVIEW draw end
[18:57:46] [Render thread/INFO] (Minecraft) [STDOUT]: [AEC][PROBE] ---- frame 202 ----
[18:57:46] [Render thread/INFO] (Minecraft) [STDOUT]: [AEC][PROBE] Screen.render tab=MORPHS
[18:57:46] [Render thread/INFO] (Minecraft) [STDOUT]: [AEC][PROBE] Render: selectedType=minecraft:allay
[18:57:46] [Render thread/INFO] (Minecraft) [STDOUT]: [AEC][PROBE] PreviewRect: rect x=216 y=120 w=256 h=118
[18:57:46] [Render thread/INFO] (Minecraft) [STDOUT]: [SequencerPreview] Icon create: AREA_EFFECT_CLOUD
[18:57:46] [Render thread/INFO] (Minecraft) [STDOUT]: [SequencerPreview] drawEntityAny: start, type=minecraft:area_effect_cloud
[18:57:46] [Render thread/INFO] (Minecraft) [STDOUT]: [AEC][PROBE] ICON AEC: enter size=24
[18:57:46] [Render thread/INFO] (Minecraft) [STDOUT]: [AEC][PROBE] MAEC 2D: enter x=7 y=54 w=24 h=24
[18:57:46] [Render thread/INFO] (Minecraft) [STDOUT]: [AEC][PROBE] MAEC 2D: style: style name='Potion cloud' sprites=false baseDisk=true softPuffs=true grid=8 density=1,15 alpha=0,90 wobble=0,050 puffMul=1,00 tint=0xFF000000
[18:57:46] [Render thread/INFO] (Minecraft) [STDOUT]: [AEC][PROBE] MAEC frames: load
[18:57:46] [Render thread/INFO] (Minecraft) [STDOUT]: [SequencerPreview] drawEntityAny: start, type=minecraft:arrow
[18:57:46] [Render thread/INFO] (Minecraft) [STDOUT]: [SequencerPreview] drawEntityAny: det=-729.0
[18:57:46] [Render thread/INFO] (Minecraft) [STDOUT]: [SequencerPreview] drawEntityAny: start, type=minecraft:block_display
[18:57:46] [Render thread/INFO] (Minecraft) [STDOUT]: [SequencerPreview] drawEntityAny: det=-729.0
[18:57:46] [Render thread/INFO] (Minecraft) [STDOUT]: [SequencerPreview] drawEntityAny: start, type=minecraft:boat
[18:57:46] [Render thread/INFO] (Minecraft) [STDOUT]: [SequencerPreview] drawEntityAny: det=-729.0
[18:57:46] [Render thread/INFO] (Minecraft) [STDOUT]: [AEC][PROBE] getOrCreatePreviewAny: start
[18:57:46] [Render thread/INFO] (Minecraft) [STDOUT]: [AEC][PROBE] getOrCreatePreviewAny: world=true type=true
[18:57:46] [Render thread/INFO] (Minecraft) [STDOUT]: [SequencerPreview] getOrCreatePreviewAny: try type=minecraft:allay
[18:57:46] [Render thread/INFO] (Minecraft) [STDOUT]: [SequencerPreview] getOrCreatePreviewAny: reuse existing instance for minecraft:allay
[18:57:46] [Render thread/INFO] (Minecraft) [STDOUT]: [AEC][PROBE] PREVIEW draw begin: type=minecraft:allay rect=216,120 256x118
[18:57:46] [Render thread/INFO] (Minecraft) [STDOUT]: [AEC][PROBE] PREVIEW draw end
[18:57:46] [Render thread/INFO] (Minecraft) [STDOUT]: [AEC][PROBE] ---- frame 203 ----
[18:57:46] [Render thread/INFO] (Minecraft) [STDOUT]: [AEC][PROBE] Screen.render tab=MORPHS
[18:57:46] [Render thread/INFO] (Minecraft) [STDOUT]: [AEC][PROBE] Render: selectedType=minecraft:allay
[18:57:46] [Render thread/INFO] (Minecraft) [STDOUT]: [AEC][PROBE] PreviewRect: rect x=216 y=120 w=256 h=118
[18:57:46] [Render thread/INFO] (Minecraft) [STDOUT]: [SequencerPreview] Icon create: AREA_EFFECT_CLOUD
[18:57:46] [Render thread/INFO] (Minecraft) [STDOUT]: [SequencerPreview] drawEntityAny: start, type=minecraft:area_effect_cloud
[18:57:46] [Render thread/INFO] (Minecraft) [STDOUT]: [AEC][PROBE] ICON AEC: enter size=24
[18:57:46] [Render thread/INFO] (Minecraft) [STDOUT]: [AEC][PROBE] MAEC 2D: enter x=7 y=54 w=24 h=24
[18:57:46] [Render thread/INFO] (Minecraft) [STDOUT]: [AEC][PROBE] MAEC 2D: style: style name='Potion cloud' sprites=false baseDisk=true softPuffs=true grid=8 density=1,15 alpha=0,90 wobble=0,050 puffMul=1,00 tint=0xFF000000
[18:57:46] [Render thread/INFO] (Minecraft) [STDOUT]: [AEC][PROBE] MAEC frames: load
[18:57:46] [Render thread/INFO] (Minecraft) [STDOUT]: [SequencerPreview] drawEntityAny: start, type=minecraft:arrow
[18:57:46] [Render thread/INFO] (Minecraft) [STDOUT]: [SequencerPreview] drawEntityAny: det=-729.0
[18:57:46] [Render thread/INFO] (Minecraft) [STDOUT]: [SequencerPreview] drawEntityAny: start, type=minecraft:block_display
[18:57:46] [Render thread/INFO] (Minecraft) [STDOUT]: [SequencerPreview] drawEntityAny: det=-729.0
[18:57:46] [Render thread/INFO] (Minecraft) [STDOUT]: [SequencerPreview] drawEntityAny: start, type=minecraft:boat
[18:57:46] [Render thread/INFO] (Minecraft) [STDOUT]: [SequencerPreview] drawEntityAny: det=-729.0
[18:57:46] [Render thread/INFO] (Minecraft) [STDOUT]: [AEC][PROBE] getOrCreatePreviewAny: start
[18:57:46] [Render thread/INFO] (Minecraft) [STDOUT]: [AEC][PROBE] getOrCreatePreviewAny: world=true type=true
[18:57:46] [Render thread/INFO] (Minecraft) [STDOUT]: [SequencerPreview] getOrCreatePreviewAny: try type=minecraft:allay
[18:57:46] [Render thread/INFO] (Minecraft) [STDOUT]: [SequencerPreview] getOrCreatePreviewAny: reuse existing instance for minecraft:allay
[18:57:46] [Render thread/INFO] (Minecraft) [STDOUT]: [AEC][PROBE] PREVIEW draw begin: type=minecraft:allay rect=216,120 256x118
[18:57:46] [Render thread/INFO] (Minecraft) [STDOUT]: [AEC][PROBE] PREVIEW draw end
[18:57:46] [Render thread/INFO] (Minecraft) [STDOUT]: [AEC][PROBE] ---- frame 204 ----
[18:57:46] [Render thread/INFO] (Minecraft) [STDOUT]: [AEC][PROBE] Screen.render tab=MORPHS
[18:57:46] [Render thread/INFO] (Minecraft) [STDOUT]: [AEC][PROBE] Render: selectedType=minecraft:allay
[18:57:46] [Render thread/INFO] (Minecraft) [STDOUT]: [AEC][PROBE] PreviewRect: rect x=216 y=120 w=256 h=118
[18:57:46] [Render thread/INFO] (Minecraft) [STDOUT]: [SequencerPreview] Icon create: AREA_EFFECT_CLOUD
[18:57:46] [Render thread/INFO] (Minecraft) [STDOUT]: [SequencerPreview] drawEntityAny: start, type=minecraft:area_effect_cloud
[18:57:46] [Render thread/INFO] (Minecraft) [STDOUT]: [AEC][PROBE] ICON AEC: enter size=24
[18:57:46] [Render thread/INFO] (Minecraft) [STDOUT]: [AEC][PROBE] MAEC 2D: enter x=7 y=54 w=24 h=24
[18:57:46] [Render thread/INFO] (Minecraft) [STDOUT]: [AEC][PROBE] MAEC 2D: style: style name='Potion cloud' sprites=false baseDisk=true softPuffs=true grid=8 density=1,15 alpha=0,90 wobble=0,050 puffMul=1,00 tint=0xFF000000
[18:57:46] [Render thread/INFO] (Minecraft) [STDOUT]: [AEC][PROBE] MAEC frames: load
[18:57:46] [Render thread/INFO] (Minecraft) [STDOUT]: [SequencerPreview] drawEntityAny: start, type=minecraft:arrow
[18:57:46] [Render thread/INFO] (Minecraft) [STDOUT]: [SequencerPreview] drawEntityAny: det=-729.0
[18:57:46] [Render thread/INFO] (Minecraft) [STDOUT]: [SequencerPreview] drawEntityAny: start, type=minecraft:block_display
[18:57:46] [Render thread/INFO] (Minecraft) [STDOUT]: [SequencerPreview] drawEntityAny: det=-729.0
[18:57:46] [Render thread/INFO] (Minecraft) [STDOUT]: [SequencerPreview] drawEntityAny: start, type=minecraft:boat
[18:57:46] [Render thread/INFO] (Minecraft) [STDOUT]: [SequencerPreview] drawEntityAny: det=-729.0
[18:57:46] [Render thread/INFO] (Minecraft) [STDOUT]: [AEC][PROBE] getOrCreatePreviewAny: start
[18:57:46] [Render thread/INFO] (Minecraft) [STDOUT]: [AEC][PROBE] getOrCreatePreviewAny: world=true type=true
[18:57:46] [Render thread/INFO] (Minecraft) [STDOUT]: [SequencerPreview] getOrCreatePreviewAny: try type=minecraft:allay
[18:57:46] [Render thread/INFO] (Minecraft) [STDOUT]: [SequencerPreview] getOrCreatePreviewAny: reuse existing instance for minecraft:allay
[18:57:46] [Render thread/INFO] (Minecraft) [STDOUT]: [AEC][PROBE] PREVIEW draw begin: type=minecraft:allay rect=216,120 256x118
[18:57:46] [Render thread/INFO] (Minecraft) [STDOUT]: [AEC][PROBE] PREVIEW draw end
[18:57:54] [Server thread/INFO] (Minecraft) Saving and pausing game...
[18:57:54] [Server thread/INFO] (Minecraft) Saving chunks for level 'ServerLevel[New World]'/minecraft:overworld
[18:57:54] [Server thread/INFO] (Minecraft) Saving chunks for level 'ServerLevel[New World]'/minecraft:the_end
[18:57:54] [Server thread/INFO] (Minecraft) Saving chunks for level 'ServerLevel[New World]'/minecraft:the_nether
[18:58:01] [Render thread/INFO] (Minecraft) Stopping!
[18:58:01] [Netty Server IO #1/INFO] (Minecraft) [STDOUT]: [SequenceEngine] Unmorphed on stop for Player160
[18:58:01] [Server thread/INFO] (Minecraft) Player160 lost connection: Disconnected
[18:58:01] [Server thread/INFO] (Minecraft) Player160 left the game
[18:58:01] [Server thread/INFO] (Minecraft) Stopping singleplayer server as player logged out
[18:58:01] [Server thread/INFO] (Minecraft) Stopping server
[18:58:01] [Server thread/INFO] (Minecraft) Saving players
[18:58:01] [Server thread/INFO] (Minecraft) Saving worlds
[18:58:02] [Server thread/INFO] (Minecraft) Saving chunks for level 'ServerLevel[New World]'/minecraft:overworld
[18:58:02] [Server thread/INFO] (Minecraft) Saving chunks for level 'ServerLevel[New World]'/minecraft:the_end
[18:58:02] [Server thread/INFO] (Minecraft) Saving chunks for level 'ServerLevel[New World]'/minecraft:the_nether
[18:58:02] [Server thread/INFO] (Minecraft) ThreadedAnvilChunkStorage (New World (539)): All chunks are saved
[18:58:02] [Server thread/INFO] (Minecraft) ThreadedAnvilChunkStorage (DIM1): All chunks are saved
[18:58:02] [Server thread/INFO] (Minecraft) ThreadedAnvilChunkStorage (DIM-1): All chunks are saved
[18:58:02] [Server thread/INFO] (Minecraft) ThreadedAnvilChunkStorage: All dimensions are saved
